{
    "project": {},
    "files": {
        "encog-javascript/encog.js": {
            "name": "encog-javascript/encog.js",
            "modules": {},
            "classes": {
                "MathUtil": 1,
                "ArrayUtil": 1,
                "ActivationSigmoid": 1,
                "ActivationTANH": 1,
                "ActivationLinear": 1,
                "ActivationElliott": 1,
                "ActivationElliottSymmetric": 1,
                "LinearErrorFunction": 1,
                "BasicLayer": 1,
                "BasicNetwork": 1,
                "PropagationTrainer": 1,
                "Swarm": 1,
                "Anneal": 1,
                "Genetic": 1,
                "SOM": 1,
                "ReadCSV": 1,
                "EGFILE": 1
            },
            "fors": {},
            "namespaces": {}
        },
        "encog-javascript/testlib.js": {
            "name": "encog-javascript/testlib.js",
            "modules": {
                "MYAPP": 1
            },
            "classes": {
                "Vector": 1,
                "VectorUtil": 1
            },
            "fors": {},
            "namespaces": {}
        }
    },
    "modules": {
        "MYAPP": {
            "name": "MYAPP",
            "submodules": {},
            "classes": {
                "MathUtil": 1,
                "ArrayUtil": 1,
                "ActivationSigmoid": 1,
                "ActivationTANH": 1,
                "ActivationLinear": 1,
                "ActivationElliott": 1,
                "ActivationElliottSymmetric": 1,
                "LinearErrorFunction": 1,
                "BasicLayer": 1,
                "BasicNetwork": 1,
                "PropagationTrainer": 1,
                "Swarm": 1,
                "Anneal": 1,
                "Genetic": 1,
                "SOM": 1,
                "ReadCSV": 1,
                "EGFILE": 1,
                "Vector": 1,
                "VectorUtil": 1
            },
            "fors": {},
            "namespaces": {},
            "tag": "module",
            "file": "encog-javascript/testlib.js",
            "line": 151,
            "description": "This is the top level global variable that this example is stored under.\nFor this example, it is MYAPP."
        }
    },
    "classes": {
        "MathUtil": {
            "name": "MathUtil",
            "shortname": "MathUtil",
            "classitems": [],
            "plugins": [],
            "extensions": [],
            "plugin_for": [],
            "extension_for": [],
            "module": "MYAPP",
            "file": "encog-javascript/encog.js",
            "line": 130,
            "description": "The math utilities for Encog.",
            "is_constructor": 1
        },
        "ArrayUtil": {
            "name": "ArrayUtil",
            "shortname": "ArrayUtil",
            "classitems": [],
            "plugins": [],
            "extensions": [],
            "plugin_for": [],
            "extension_for": [],
            "module": "MYAPP",
            "file": "encog-javascript/encog.js",
            "line": 251,
            "description": "The Encog array utilities.",
            "is_constructor": 1
        },
        "ActivationSigmoid": {
            "name": "ActivationSigmoid",
            "shortname": "ActivationSigmoid",
            "classitems": [],
            "plugins": [],
            "extensions": [],
            "plugin_for": [],
            "extension_for": [],
            "module": "MYAPP",
            "file": "encog-javascript/encog.js",
            "line": 544,
            "description": "The sigmoid activation function takes on a sigmoidal shape. Only positive\nnumbers are generated. Do not use this activation function if negative number\noutput is desired.",
            "is_constructor": 1
        },
        "ActivationTANH": {
            "name": "ActivationTANH",
            "shortname": "ActivationTANH",
            "classitems": [],
            "plugins": [],
            "extensions": [],
            "plugin_for": [],
            "extension_for": [],
            "module": "MYAPP",
            "file": "encog-javascript/encog.js",
            "line": 612,
            "description": "The hyperbolic tangent activation function takes the curved shape of the\nhyperbolic tangent. This activation function produces both positive and\nnegative output. Use this activation function if both negative and positive\noutput is desired.",
            "is_constructor": 1
        },
        "ActivationLinear": {
            "name": "ActivationLinear",
            "shortname": "ActivationLinear",
            "classitems": [],
            "plugins": [],
            "extensions": [],
            "plugin_for": [],
            "extension_for": [],
            "module": "MYAPP",
            "file": "encog-javascript/encog.js",
            "line": 675,
            "description": "The Linear layer is really not an activation function at all. The input is\nsimply passed on, unmodified, to the output. This activation function is\nprimarily theoretical and of little actual use. Usually an activation\nfunction that scales between 0 and 1 or -1 and 1 should be used.",
            "is_constructor": 1
        },
        "ActivationElliott": {
            "name": "ActivationElliott",
            "shortname": "ActivationElliott",
            "classitems": [],
            "plugins": [],
            "extensions": [],
            "plugin_for": [],
            "extension_for": [],
            "module": "MYAPP",
            "file": "encog-javascript/encog.js",
            "line": 735,
            "description": "Computationally efficient alternative to ActivationSigmoid.\nIts output is in the range [0, 1], and it is derivable.\n\nIt will approach the 0 and 1 more slowly than Sigmoid so it\nmight be more suitable to classification tasks than predictions tasks.\n\nElliott, D.L. \"A better activation function for artificial neural networks\", 1993\nhttp://citeseerx.ist.psu.edu/viewdoc/download?doi=10.1.1.46.7204&rep=rep1&type=pdf",
            "is_constructor": 1
        },
        "ActivationElliottSymmetric": {
            "name": "ActivationElliottSymmetric",
            "shortname": "ActivationElliottSymmetric",
            "classitems": [],
            "plugins": [],
            "extensions": [],
            "plugin_for": [],
            "extension_for": [],
            "module": "MYAPP",
            "file": "encog-javascript/encog.js",
            "line": 815,
            "description": "Computationally efficient alternative to ActivationTANH.\nIts output is in the range [-1, 1], and it is derivable.\n\nIt will approach the -1 and 1 more slowly than Tanh so it\nmight be more suitable to classification tasks than predictions tasks.\n\nElliott, D.L. \"A better activation function for artificial neural networks\", 1993\nhttp://citeseerx.ist.psu.edu/viewdoc/download?doi=10.1.1.46.7204&rep=rep1&type=pdf",
            "is_constructor": 1
        },
        "LinearErrorFunction": {
            "name": "LinearErrorFunction",
            "shortname": "LinearErrorFunction",
            "classitems": [],
            "plugins": [],
            "extensions": [],
            "plugin_for": [],
            "extension_for": [],
            "module": "MYAPP",
            "file": "encog-javascript/encog.js",
            "line": 1018,
            "description": "The Linear Error function is used to calculate the value that propagation\ntraining seeks to minimize. The linear function simply subtracts\ndesired from actual values.",
            "is_constructor": 1
        },
        "BasicLayer": {
            "name": "BasicLayer",
            "shortname": "BasicLayer",
            "classitems": [],
            "plugins": [],
            "extensions": [],
            "plugin_for": [],
            "extension_for": [],
            "module": "MYAPP",
            "file": "encog-javascript/encog.js",
            "line": 1060,
            "description": "The BasicLayer class is used to specify neural networks.  Once\nthe neural network is created, this class is no longer used.",
            "is_constructor": 1
        },
        "BasicNetwork": {
            "name": "BasicNetwork",
            "shortname": "BasicNetwork",
            "classitems": [],
            "plugins": [],
            "extensions": [],
            "plugin_for": [],
            "extension_for": [],
            "module": "MYAPP",
            "file": "encog-javascript/encog.js",
            "line": 1171,
            "description": "Basic Network, provides neural network functionality.",
            "is_constructor": 1
        },
        "PropagationTrainer": {
            "name": "PropagationTrainer",
            "shortname": "PropagationTrainer",
            "classitems": [],
            "plugins": [],
            "extensions": [],
            "plugin_for": [],
            "extension_for": [],
            "module": "MYAPP",
            "file": "encog-javascript/encog.js",
            "line": 1512,
            "description": "Propagation training, includes RPROP and Back Propagation.",
            "is_constructor": 1
        },
        "Swarm": {
            "name": "Swarm",
            "shortname": "Swarm",
            "classitems": [],
            "plugins": [],
            "extensions": [],
            "plugin_for": [],
            "extension_for": [],
            "module": "MYAPP",
            "file": "encog-javascript/encog.js",
            "line": 1850,
            "description": "Swarm algorithm.",
            "is_constructor": 1
        },
        "Anneal": {
            "name": "Anneal",
            "shortname": "Anneal",
            "classitems": [],
            "plugins": [],
            "extensions": [],
            "plugin_for": [],
            "extension_for": [],
            "module": "MYAPP",
            "file": "encog-javascript/encog.js",
            "line": 1982,
            "description": "Simulated Annealing algorithm.",
            "is_constructor": 1
        },
        "Genetic": {
            "name": "Genetic",
            "shortname": "Genetic",
            "classitems": [],
            "plugins": [],
            "extensions": [],
            "plugin_for": [],
            "extension_for": [],
            "module": "MYAPP",
            "file": "encog-javascript/encog.js",
            "line": 2096,
            "description": "Genetic learning algorithm.",
            "is_constructor": 1
        },
        "SOM": {
            "name": "SOM",
            "shortname": "SOM",
            "classitems": [],
            "plugins": [],
            "extensions": [],
            "plugin_for": [],
            "extension_for": [],
            "module": "MYAPP",
            "file": "encog-javascript/encog.js",
            "line": 2253,
            "description": "A self organizing map (SOM).",
            "is_constructor": 1
        },
        "ReadCSV": {
            "name": "ReadCSV",
            "shortname": "ReadCSV",
            "classitems": [],
            "plugins": [],
            "extensions": [],
            "plugin_for": [],
            "extension_for": [],
            "module": "MYAPP",
            "file": "encog-javascript/encog.js",
            "line": 2456,
            "description": "Read data that is in CSV format.",
            "is_constructor": 1
        },
        "EGFILE": {
            "name": "EGFILE",
            "shortname": "EGFILE",
            "classitems": [],
            "plugins": [],
            "extensions": [],
            "plugin_for": [],
            "extension_for": [],
            "module": "MYAPP",
            "file": "encog-javascript/encog.js",
            "line": 2636,
            "description": "Read data stored in the Encog EG format.",
            "is_constructor": 1
        },
        "Vector": {
            "name": "Vector",
            "shortname": "Vector",
            "classitems": [],
            "plugins": [],
            "extensions": [],
            "plugin_for": [],
            "extension_for": [],
            "module": "MYAPP",
            "namespace": "",
            "file": "encog-javascript/testlib.js",
            "line": 39,
            "description": "The vector class.",
            "is_constructor": 1
        },
        "VectorUtil": {
            "name": "VectorUtil",
            "shortname": "VectorUtil",
            "classitems": [],
            "plugins": [],
            "extensions": [],
            "plugin_for": [],
            "extension_for": [],
            "module": "MYAPP",
            "namespace": "",
            "file": "encog-javascript/testlib.js",
            "line": 151,
            "description": "A class that provides utilities for vectors.",
            "is_constructor": 1
        }
    },
    "classitems": [
        {
            "file": "encog-javascript/encog.js",
            "line": 25,
            "description": "The main Encog namespace.  This is the only global property created by Encog.",
            "type": "{*}",
            "class": "MathUtil"
        },
        {
            "file": "encog-javascript/encog.js",
            "line": 30,
            "description": "The version of Encog that this is.",
            "itemtype": "property",
            "name": "property",
            "type": "String",
            "final": 1,
            "class": "MathUtil"
        },
        {
            "file": "encog-javascript/encog.js",
            "line": 38,
            "description": "The Encog platform being used.",
            "itemtype": "property",
            "name": "property",
            "type": "String",
            "final": 1,
            "class": "MathUtil"
        },
        {
            "file": "encog-javascript/encog.js",
            "line": 46,
            "description": "The precision that Encog uses.",
            "itemtype": "property",
            "name": "precision",
            "type": "String",
            "final": 1,
            "class": "MathUtil"
        },
        {
            "file": "encog-javascript/encog.js",
            "line": 54,
            "description": "A newline character.",
            "itemtype": "property",
            "name": "property",
            "type": "String",
            "final": 1,
            "class": "MathUtil"
        },
        {
            "file": "encog-javascript/encog.js",
            "line": 62,
            "description": "The Encog type for activation functions.",
            "itemtype": "property",
            "name": "ENCOG_TYPE_ACTIVATION",
            "type": "String",
            "final": 1,
            "class": "MathUtil"
        },
        {
            "file": "encog-javascript/encog.js",
            "line": 70,
            "description": "The Encog type for RBF functions.",
            "itemtype": "property",
            "name": "ENCOG_TYPE_ACTIVATION",
            "type": "String",
            "final": 1,
            "class": "MathUtil"
        },
        {
            "file": "encog-javascript/encog.js",
            "line": 79,
            "description": "The namespace function, used to define new namespaces.",
            "params": [
                {
                    "name": "namespaceString",
                    "description": "The namespace that is to be defined."
                }
            ],
            "itemtype": "method",
            "name": "namespace",
            "return": {
                "description": "The newly created namespace, or existing one.",
                "type": "Object"
            },
            "class": "MathUtil"
        },
        {
            "file": "encog-javascript/encog.js",
            "line": 139,
            "description": "Calculate the hyperbolic tangent.\nUnfortunately, Javascript does not have this built in.",
            "itemtype": "method",
            "name": "tanh",
            "params": [
                {
                    "name": "x",
                    "description": "The value to calculate for."
                }
            ],
            "return": {
                "description": "The result from the calculation.",
                "type": "Number"
            },
            "class": "MathUtil"
        },
        {
            "file": "encog-javascript/encog.js",
            "line": 157,
            "description": "Calculate the sign of a number, return 0 for zero,\n1 for positive, -1 for negative.",
            "itemtype": "method",
            "name": "sign",
            "params": [
                {
                    "name": "x",
                    "description": "The value to calculate for."
                }
            ],
            "return": {
                "description": "The result.",
                "type": "Number"
            },
            "class": "MathUtil"
        },
        {
            "file": "encog-javascript/encog.js",
            "line": 175,
            "description": "Calculate the euclidean distance between a1 and a2.  Use the specified starting index and length.",
            "params": [
                {
                    "name": "a1",
                    "description": "The first array to consider."
                },
                {
                    "name": "a2",
                    "description": "The second array to consider."
                },
                {
                    "name": "startIndex",
                    "description": "The starting index."
                },
                {
                    "name": "len",
                    "description": "The length."
                }
            ],
            "itemtype": "method",
            "name": "euclideanDistance",
            "return": {
                "description": "",
                "type": "Number"
            },
            "class": "MathUtil"
        },
        {
            "file": "encog-javascript/encog.js",
            "line": 195,
            "description": "Determine which multi-dimensional array element, from lst, is the nearest to a1.",
            "params": [
                {
                    "name": "a1",
                    "description": "A single-dimension array that is searched for in lst."
                },
                {
                    "name": "lst",
                    "description": "A 2d array that contains arrays with the same length of a1."
                },
                {
                    "name": "k",
                    "description": "The number of neighbors to find."
                },
                {
                    "name": "maxDist",
                    "description": "The maximum distance to consider."
                },
                {
                    "name": "startIndex",
                    "description": "The starting index."
                },
                {
                    "name": "len",
                    "description": "The length."
                }
            ],
            "return": {
                "description": "The k elements from lst that were the closest to a1.",
                "type": "Array"
            },
            "class": "MathUtil"
        },
        {
            "file": "encog-javascript/encog.js",
            "line": 235,
            "description": "Generate a random floating point number.",
            "params": [
                {
                    "name": "low",
                    "description": "The first array to consider."
                },
                {
                    "name": "high",
                    "description": "The second array to consider."
                }
            ],
            "itemtype": "method",
            "name": "randomFloat",
            "return": {
                "description": "",
                "type": "Number"
            },
            "class": "MathUtil"
        },
        {
            "file": "encog-javascript/encog.js",
            "line": 260,
            "description": "Fill an array with a specific value.",
            "itemtype": "method",
            "name": "fillArray",
            "params": [
                {
                    "name": "arr",
                    "description": "The array to fill."
                },
                {
                    "name": "start",
                    "description": "The starting index."
                },
                {
                    "name": "stop",
                    "description": "The stopping index."
                },
                {
                    "name": "v",
                    "description": "The value to fill."
                }
            ],
            "class": "ArrayUtil"
        },
        {
            "file": "encog-javascript/encog.js",
            "line": 277,
            "description": "Create a new floating point array.",
            "params": [
                {
                    "name": "sz",
                    "description": "The size of the array to create."
                }
            ],
            "itemtype": "method",
            "name": "newFloatArray",
            "return": {
                "description": "",
                "type": "Array"
            },
            "class": "ArrayUtil"
        },
        {
            "file": "encog-javascript/encog.js",
            "line": 294,
            "description": "Create a new int array.",
            "params": [
                {
                    "name": "sz",
                    "description": "The size of the array to create."
                }
            ],
            "itemtype": "method",
            "name": "newIntArray",
            "return": {
                "description": "",
                "type": "Array"
            },
            "class": "ArrayUtil"
        },
        {
            "file": "encog-javascript/encog.js",
            "line": 310,
            "description": "Fill a 2D array.",
            "params": [
                {
                    "name": "arr",
                    "description": "The size of the array to create."
                },
                {
                    "name": "v",
                    "description": "The value to fill the array with."
                }
            ],
            "itemtype": "method",
            "name": "fillArray2D",
            "class": "ArrayUtil"
        },
        {
            "file": "encog-javascript/encog.js",
            "line": 329,
            "description": "Randomize an array.",
            "params": [
                {
                    "name": "arr",
                    "description": "The array to randomize."
                },
                {
                    "name": "start",
                    "description": "The starting index in the array."
                },
                {
                    "name": "stop",
                    "description": "The stopping index in the array."
                },
                {
                    "name": "low",
                    "description": "The low-end of the random range."
                },
                {
                    "name": "high",
                    "description": "The high-end of the random range."
                }
            ],
            "itemtype": "method",
            "name": "randomizeArray",
            "class": "ArrayUtil"
        },
        {
            "file": "encog-javascript/encog.js",
            "line": 347,
            "description": "Randomize a 2D array.",
            "params": [
                {
                    "name": "arr",
                    "description": "The array to randomize."
                },
                {
                    "name": "low",
                    "description": "The low-end of the random range."
                },
                {
                    "name": "high",
                    "description": "The high-end of the random range."
                }
            ],
            "itemtype": "method",
            "name": "randomizeArray2D",
            "class": "ArrayUtil"
        },
        {
            "file": "encog-javascript/encog.js",
            "line": 366,
            "description": "Allocate an array of zeros of the specified size.",
            "itemtype": "method",
            "name": "allocate1D",
            "params": [
                {
                    "name": "x",
                    "description": "The size of the array."
                }
            ],
            "class": "ArrayUtil"
        },
        {
            "file": "encog-javascript/encog.js",
            "line": 383,
            "description": "Allocate a 2D array of booleans.",
            "params": [
                {
                    "name": "rows",
                    "description": "The number of rows."
                },
                {
                    "name": "cols",
                    "description": "The number of columns."
                }
            ],
            "return": {
                "description": "The allocated array.",
                "type": "Array"
            },
            "class": "ArrayUtil"
        },
        {
            "file": "encog-javascript/encog.js",
            "line": 408,
            "description": "Copy an array.",
            "itemtype": "method",
            "name": "arrayCopy",
            "params": [
                {
                    "name": "source",
                    "description": "The source array."
                },
                {
                    "name": "sourceStart",
                    "description": "The index to start at in the source."
                },
                {
                    "name": "target",
                    "description": "The target array."
                },
                {
                    "name": "targetStart",
                    "description": "The target starting index."
                },
                {
                    "name": "count",
                    "description": "The count of values to copy."
                }
            ],
            "class": "ArrayUtil"
        },
        {
            "file": "encog-javascript/encog.js",
            "line": 426,
            "description": "Generate benchmark data.  This is a random training set.",
            "itemtype": "method",
            "name": "generateBenchmarkData",
            "params": [
                {
                    "name": "rowCount",
                    "description": "The number of rows to generate."
                },
                {
                    "name": "colCount",
                    "description": "The number of columns to generate."
                }
            ],
            "return": {
                "description": "The resulting array.",
                "type": "Array"
            },
            "class": "ArrayUtil"
        },
        {
            "file": "encog-javascript/encog.js",
            "line": 452,
            "description": "Calculate the mean of one dimension in the 2D array a1.",
            "itemtype": "method",
            "name": "arrayMean",
            "params": [
                {
                    "name": "a1",
                    "description": "A 2D array."
                },
                {
                    "name": "idx",
                    "description": "The second dimension in a1 to calculate the mean of."
                }
            ],
            "return": {
                "description": "The mean of each idx element of a1.",
                "type": "Number"
            },
            "class": "ArrayUtil"
        },
        {
            "file": "encog-javascript/encog.js",
            "line": 471,
            "description": "Determine the index of the minimum value in an array.",
            "itemtype": "method",
            "name": "arrayMinIndex",
            "params": [
                {
                    "name": "a1",
                    "description": "A 1D array."
                }
            ],
            "return": {
                "description": "Index of the minimum value in the array.",
                "type": "Number"
            },
            "class": "ArrayUtil"
        },
        {
            "file": "encog-javascript/encog.js",
            "line": 493,
            "description": "Determine the index of the maximum value in an array.",
            "itemtype": "method",
            "name": "arrayMinIndex",
            "params": [
                {
                    "name": "a1",
                    "description": "A 1D array."
                }
            ],
            "return": {
                "description": "Index of the maximum value in the array.",
                "type": "Number"
            },
            "class": "ArrayUtil"
        },
        {
            "file": "encog-javascript/encog.js",
            "line": 519,
            "description": "Strip leading, and ending, quotes from a string.  If the quotes are there.",
            "itemtype": "method",
            "name": "stripQuotes",
            "params": [
                {
                    "name": "s",
                    "description": "The string to process."
                }
            ],
            "return": {
                "description": "The string, with stripped quotes.",
                "type": "String"
            },
            "class": "ArrayUtil"
        },
        {
            "file": "encog-javascript/encog.js",
            "line": 555,
            "description": "The name of this object.",
            "itemtype": "property",
            "name": "NAME",
            "type": "String",
            "final": 1,
            "class": "ActivationSigmoid"
        },
        {
            "file": "encog-javascript/encog.js",
            "line": 563,
            "description": "The Encog Type of this object.",
            "itemtype": "property",
            "name": "encogType",
            "type": "String",
            "final": 1,
            "class": "ActivationSigmoid"
        },
        {
            "file": "encog-javascript/encog.js",
            "line": 571,
            "description": "Calculate the activation function for the specified value.",
            "itemtype": "method",
            "name": "activationFunction",
            "params": [
                {
                    "name": "x",
                    "description": "An array to calculate the values for."
                },
                {
                    "name": "start",
                    "description": "The starting point in the array to calculate."
                },
                {
                    "name": "size",
                    "description": "The size to calculate."
                }
            ],
            "class": "ActivationSigmoid"
        },
        {
            "file": "encog-javascript/encog.js",
            "line": 587,
            "description": "Calculate the derivative. For efficiency both the before and after\nactivation values are passed in.  Many activation derivatives can\nbe more efficiently calculated using the value after the regular\nactivation is calculated.",
            "params": [
                {
                    "name": "b",
                    "description": "The value before the regular activation was calculated."
                },
                {
                    "name": "a",
                    "description": "The value after the regular activation was calculated."
                }
            ],
            "return": {
                "description": "The result.",
                "type": "Number"
            },
            "class": "ActivationSigmoid"
        },
        {
            "file": "encog-javascript/encog.js",
            "line": 602,
            "description": "Create a Sigmoid activation function.",
            "itemtype": "method",
            "name": "create",
            "return": {
                "description": "The newly created activation function.",
                "type": "ENCOG.ActivationSigmoid"
            },
            "class": "ActivationSigmoid"
        },
        {
            "file": "encog-javascript/encog.js",
            "line": 625,
            "description": "The name of this object.",
            "itemtype": "property",
            "name": "NAME",
            "type": "String",
            "final": 1,
            "class": "ActivationTANH"
        },
        {
            "file": "encog-javascript/encog.js",
            "line": 634,
            "description": "Calculate the activation function for the specified value.",
            "itemtype": "method",
            "name": "activationFunction",
            "params": [
                {
                    "name": "x",
                    "description": "An array to calculate the values for."
                },
                {
                    "name": "start",
                    "description": "The starting point in the array to calculate."
                },
                {
                    "name": "size",
                    "description": "The size to calculate."
                }
            ],
            "class": "ActivationTANH"
        },
        {
            "file": "encog-javascript/encog.js",
            "line": 650,
            "description": "Calculate the derivative. For efficiency both the before and after\nactivation values are passed in.  Many activation derivatives can\nbe more efficiently calculated using the value after the regular\nactivation is calculated.",
            "params": [
                {
                    "name": "b",
                    "description": "The value before the regular activation was calculated."
                },
                {
                    "name": "a",
                    "description": "The value after the regular activation was calculated."
                }
            ],
            "return": {
                "description": "The result.",
                "type": "Number"
            },
            "class": "ActivationTANH"
        },
        {
            "file": "encog-javascript/encog.js",
            "line": 665,
            "description": "Create a TANH activation function.",
            "itemtype": "method",
            "name": "create",
            "return": {
                "description": "The newly created activation function.",
                "type": "ENCOG.ActivationTANH"
            },
            "class": "ActivationTANH"
        },
        {
            "file": "encog-javascript/encog.js",
            "line": 688,
            "description": "The name of this object.",
            "itemtype": "property",
            "name": "NAME",
            "type": "String",
            "final": 1,
            "class": "ActivationLinear"
        },
        {
            "file": "encog-javascript/encog.js",
            "line": 696,
            "description": "The encog type of this object.",
            "itemtype": "property",
            "name": "encogType",
            "type": "String",
            "final": 1,
            "class": "ActivationLinear"
        },
        {
            "file": "encog-javascript/encog.js",
            "line": 704,
            "description": "Calculate the activation function for the specified value.",
            "itemtype": "method",
            "name": "activationFunction",
            "class": "ActivationLinear"
        },
        {
            "file": "encog-javascript/encog.js",
            "line": 712,
            "description": "Calculate the derivative. For efficiency both the before and after\nactivation values are passed in.  Many activation derivatives can\nbe more efficiently calculated using the value after the regular\nactivation is calculated.",
            "return": {
                "description": "The result.",
                "type": "Number"
            },
            "class": "ActivationLinear"
        },
        {
            "file": "encog-javascript/encog.js",
            "line": 725,
            "description": "Create a Linear activation function.",
            "itemtype": "method",
            "name": "create",
            "return": {
                "description": "The newly created activation function.",
                "type": "ENCOG.ActivationTANH"
            },
            "class": "ActivationLinear"
        },
        {
            "file": "encog-javascript/encog.js",
            "line": 753,
            "description": "The name of this object.",
            "itemtype": "property",
            "name": "NAME",
            "type": "String",
            "final": 1,
            "class": "ActivationElliott"
        },
        {
            "file": "encog-javascript/encog.js",
            "line": 761,
            "description": "The encog type of this object.",
            "itemtype": "property",
            "name": "encogType",
            "type": "String",
            "final": 1,
            "class": "ActivationElliott"
        },
        {
            "file": "encog-javascript/encog.js",
            "line": 770,
            "description": "Calculate the activation function for the specified value.",
            "itemtype": "method",
            "name": "activationFunction",
            "params": [
                {
                    "name": "x",
                    "description": "An array to calculate the values for."
                },
                {
                    "name": "start",
                    "description": "The starting point in the array to calculate."
                },
                {
                    "name": "size",
                    "description": "The size to calculate."
                }
            ],
            "class": "ActivationElliott"
        },
        {
            "file": "encog-javascript/encog.js",
            "line": 786,
            "description": "Calculate the derivative. For efficiency both the before and after\nactivation values are passed in.  Many activation derivatives can\nbe more efficiently calculated using the value after the regular\nactivation is calculated.",
            "params": [
                {
                    "name": "b",
                    "description": "The value before the regular activation was calculated."
                },
                {
                    "name": "a",
                    "description": "The value after the regular activation was calculated."
                }
            ],
            "return": {
                "description": "The result.",
                "type": "Number"
            },
            "class": "ActivationElliott"
        },
        {
            "file": "encog-javascript/encog.js",
            "line": 801,
            "description": "Create a Elliott activation function.",
            "itemtype": "method",
            "name": "create",
            "return": {
                "description": "The newly created activation function.",
                "type": "ENCOG.ActivationElliott"
            },
            "class": "ActivationElliott"
        },
        {
            "file": "encog-javascript/encog.js",
            "line": 833,
            "description": "The name of this object.",
            "itemtype": "property",
            "name": "NAME",
            "type": "String",
            "final": 1,
            "class": "ActivationElliottSymmetric"
        },
        {
            "file": "encog-javascript/encog.js",
            "line": 841,
            "description": "The encog type of this object.",
            "itemtype": "property",
            "name": "encogType",
            "type": "String",
            "final": 1,
            "class": "ActivationElliottSymmetric"
        },
        {
            "file": "encog-javascript/encog.js",
            "line": 850,
            "description": "Calculate the activation function for the specified value.",
            "itemtype": "method",
            "name": "activationFunction",
            "params": [
                {
                    "name": "x",
                    "description": "An array to calculate the values for."
                },
                {
                    "name": "start",
                    "description": "The starting point in the array to calculate."
                },
                {
                    "name": "size",
                    "description": "The size to calculate."
                }
            ],
            "class": "ActivationElliottSymmetric"
        },
        {
            "file": "encog-javascript/encog.js",
            "line": 865,
            "description": "Calculate the derivative. For efficiency both the before and after\nactivation values are passed in.  Many activation derivatives can\nbe more efficiently calculated using the value after the regular\nactivation is calculated.",
            "params": [
                {
                    "name": "b",
                    "description": "The value before the regular activation was calculated."
                },
                {
                    "name": "a",
                    "description": "The value after the regular activation was calculated."
                }
            ],
            "return": {
                "description": "The result.",
                "type": "Number"
            },
            "class": "ActivationElliottSymmetric"
        },
        {
            "file": "encog-javascript/encog.js",
            "line": 881,
            "description": "Create Elliott Symmetric activation function.",
            "itemtype": "method",
            "name": "create",
            "return": {
                "description": "The newly created activation function.",
                "type": "ENCOG.ActivationElliottSymmetric"
            },
            "class": "ActivationElliottSymmetric"
        },
        {
            "file": "encog-javascript/encog.js",
            "line": 904,
            "description": "The name of this object.",
            "itemtype": "property",
            "name": "NAME",
            "type": "String",
            "final": 1,
            "class": "ActivationElliottSymmetric"
        },
        {
            "file": "encog-javascript/encog.js",
            "line": 912,
            "description": "The encog type of this object.",
            "itemtype": "property",
            "name": "encogType",
            "type": "String",
            "final": 1,
            "class": "ActivationElliottSymmetric"
        },
        {
            "file": "encog-javascript/encog.js",
            "line": 923,
            "description": "Calculate the activation function for the specified value.",
            "itemtype": "method",
            "name": "calculate",
            "params": [
                {
                    "name": "x",
                    "description": "An array to calculate the values for."
                }
            ],
            "class": "ActivationElliottSymmetric"
        },
        {
            "file": "encog-javascript/encog.js",
            "line": 940,
            "description": "Create a gaussian RBF.",
            "itemtype": "method",
            "name": "create",
            "return": {
                "description": "The newly created activation function.",
                "type": "ENCOG.ActivationElliottSymmetric"
            },
            "class": "ActivationElliottSymmetric"
        },
        {
            "file": "encog-javascript/encog.js",
            "line": 960,
            "description": "The name of this object.",
            "itemtype": "property",
            "name": "NAME",
            "type": "String",
            "final": 1,
            "class": "ActivationElliottSymmetric"
        },
        {
            "file": "encog-javascript/encog.js",
            "line": 968,
            "description": "The encog type of this object.",
            "itemtype": "property",
            "name": "encogType",
            "type": "String",
            "final": 1,
            "class": "ActivationElliottSymmetric"
        },
        {
            "file": "encog-javascript/encog.js",
            "line": 979,
            "description": "Calculate the activation function for the specified value.",
            "itemtype": "method",
            "name": "calculate",
            "params": [
                {
                    "name": "x",
                    "description": "An array to calculate the values for."
                }
            ],
            "class": "ActivationElliottSymmetric"
        },
        {
            "file": "encog-javascript/encog.js",
            "line": 1000,
            "description": "Create a Mexican Hat RBF.",
            "itemtype": "method",
            "name": "create",
            "return": {
                "description": "The newly created activation function.",
                "type": "ENCOG.ActivationElliottSymmetric"
            },
            "class": "ActivationElliottSymmetric"
        },
        {
            "file": "encog-javascript/encog.js",
            "line": 1030,
            "description": "Calculate the error value for the ideal and actual results.",
            "itemtype": "method",
            "name": "calculateError",
            "params": [
                {
                    "name": "ideal",
                    "description": "The ideal output."
                },
                {
                    "name": "actual",
                    "description": "The actual output."
                },
                {
                    "name": "error",
                    "description": "The resulting error."
                }
            ],
            "class": "LinearErrorFunction"
        },
        {
            "file": "encog-javascript/encog.js",
            "line": 1047,
            "description": "Create the linear error function.",
            "return": {
                "description": "",
                "type": "ENCOG.LinearErrorFunction"
            },
            "class": "LinearErrorFunction"
        },
        {
            "file": "encog-javascript/encog.js",
            "line": 1072,
            "description": "The name of this object.",
            "itemtype": "property",
            "name": "NAME",
            "type": "String",
            "final": 1,
            "class": "BasicLayer"
        },
        {
            "file": "encog-javascript/encog.js",
            "line": 1080,
            "description": "The activation function to use for this layer.",
            "itemtype": "property",
            "name": "activation",
            "type": "{Object}",
            "class": "BasicLayer"
        },
        {
            "file": "encog-javascript/encog.js",
            "line": 1087,
            "description": "The neuron count for this layer.",
            "itemtype": "property",
            "name": "count The neuron count.",
            "type": "{number}",
            "class": "BasicLayer"
        },
        {
            "file": "encog-javascript/encog.js",
            "line": 1094,
            "description": "The activation level for the bias neuron.  Typically 1\nif there are bias neurons, or zero if none.",
            "itemtype": "property",
            "name": "biasActivation",
            "type": "{number}",
            "class": "BasicLayer"
        },
        {
            "file": "encog-javascript/encog.js",
            "line": 1102,
            "description": "If this layer has context fed by other layers, this\nproperty points to those other layers.",
            "itemtype": "property",
            "name": "contextFedBy",
            "type": "{number}",
            "class": "BasicLayer"
        },
        {
            "file": "encog-javascript/encog.js",
            "line": 1110,
            "description": "Calculate the total count, including bias, of neurons.",
            "itemtype": "method",
            "name": "calcTotalCount",
            "return": {
                "description": "",
                "type": "*"
            },
            "class": "BasicLayer"
        },
        {
            "file": "encog-javascript/encog.js",
            "line": 1125,
            "description": "Determine if this layer has bias.",
            "return": {
                "description": "True, if this layer has bias.",
                "type": "Boolean"
            },
            "class": "BasicLayer"
        },
        {
            "file": "encog-javascript/encog.js",
            "line": 1134,
            "description": "Calculate the count of context neurons.",
            "return": {
                "description": "The count of context neurons.",
                "type": "*"
            },
            "class": "BasicLayer"
        },
        {
            "file": "encog-javascript/encog.js",
            "line": 1148,
            "description": "Create a BasicLayer.",
            "params": [
                {
                    "name": "activation",
                    "description": "The activation function used by this layer."
                },
                {
                    "name": "count",
                    "description": "The neuron count for this layer."
                },
                {
                    "name": "biasActivation",
                    "description": "The bias activation for this layer, specify\n1 (or desired activation) to have a bias neuron, or 0 for none."
                }
            ],
            "return": {
                "description": "The newly created layer.",
                "type": "ENCOG.BasicLayer"
            },
            "class": "BasicLayer"
        },
        {
            "file": "encog-javascript/encog.js",
            "line": 1181,
            "description": "The name of this object.",
            "itemtype": "property",
            "name": "NAME",
            "type": "String",
            "final": 1,
            "class": "BasicNetwork"
        },
        {
            "file": "encog-javascript/encog.js",
            "line": 1189,
            "description": "The input neuron count.",
            "itemtype": "property",
            "name": "inputCount",
            "type": "number",
            "class": "BasicNetwork"
        },
        {
            "file": "encog-javascript/encog.js",
            "line": 1196,
            "description": "The output neuron count.",
            "itemtype": "property",
            "name": "outputCount",
            "type": "number",
            "class": "BasicNetwork"
        },
        {
            "file": "encog-javascript/encog.js",
            "line": 1203,
            "description": "The individual layer neuron counts.",
            "itemtype": "property",
            "name": "layerCounts",
            "type": "Array",
            "class": "BasicNetwork"
        },
        {
            "file": "encog-javascript/encog.js",
            "line": 1210,
            "description": "The individual layer neuron context counts.",
            "itemtype": "property",
            "name": "layerContextCount",
            "type": "Array",
            "class": "BasicNetwork"
        },
        {
            "file": "encog-javascript/encog.js",
            "line": 1217,
            "description": "The weight indexes.",
            "itemtype": "property",
            "name": "weightIndex",
            "type": "Array",
            "class": "BasicNetwork"
        },
        {
            "file": "encog-javascript/encog.js",
            "line": 1224,
            "description": "The individual layer indexes.",
            "itemtype": "property",
            "name": "layerIndex",
            "type": "Array",
            "class": "BasicNetwork"
        },
        {
            "file": "encog-javascript/encog.js",
            "line": 1231,
            "description": "The activation functions.",
            "itemtype": "property",
            "name": "activationFunctions",
            "type": "Array",
            "class": "BasicNetwork"
        },
        {
            "file": "encog-javascript/encog.js",
            "line": 1238,
            "description": "The layer feed counts.  These are neurons that are actually fed from\nthe previous layer (i.e. not bias or context).",
            "itemtype": "property",
            "name": "layerFeedCounts",
            "type": "Array",
            "class": "BasicNetwork"
        },
        {
            "file": "encog-javascript/encog.js",
            "line": 1246,
            "description": "The context target feed counts.",
            "itemtype": "property",
            "name": "contextTargetSize",
            "type": "Array",
            "class": "BasicNetwork"
        },
        {
            "file": "encog-javascript/encog.js",
            "line": 1253,
            "description": "The context target sizes.",
            "itemtype": "property",
            "name": "contextTargetSize",
            "type": "Array",
            "class": "BasicNetwork"
        },
        {
            "file": "encog-javascript/encog.js",
            "line": 1260,
            "description": "The activation level for bias neurons on this layer.",
            "itemtype": "property",
            "name": "biasActivation",
            "type": "Array",
            "class": "BasicNetwork"
        },
        {
            "file": "encog-javascript/encog.js",
            "line": 1267,
            "description": "The layer to begin training at.",
            "itemtype": "property",
            "name": "beginTraining",
            "type": "Number",
            "class": "BasicNetwork"
        },
        {
            "file": "encog-javascript/encog.js",
            "line": 1274,
            "description": "The layer to end training at.",
            "itemtype": "property",
            "name": "endTraining",
            "type": "Number",
            "class": "BasicNetwork"
        },
        {
            "file": "encog-javascript/encog.js",
            "line": 1281,
            "description": "The weights of the neural network.",
            "itemtype": "property",
            "name": "weights",
            "type": "Array",
            "class": "BasicNetwork"
        },
        {
            "file": "encog-javascript/encog.js",
            "line": 1288,
            "description": "The layer outputs.",
            "itemtype": "property",
            "name": "layerOutput",
            "type": "Array",
            "class": "BasicNetwork"
        },
        {
            "file": "encog-javascript/encog.js",
            "line": 1295,
            "description": "The layer sums.",
            "itemtype": "property",
            "name": "layerOutput",
            "type": "Array",
            "class": "BasicNetwork"
        },
        {
            "file": "encog-javascript/encog.js",
            "line": 1302,
            "description": "The connection limit.",
            "itemtype": "property",
            "name": "layerOutput",
            "type": "Number",
            "class": "BasicNetwork"
        },
        {
            "file": "encog-javascript/encog.js",
            "line": 1523,
            "description": "The name of this object.",
            "itemtype": "property",
            "name": "NAME",
            "type": "String",
            "final": 1,
            "class": "PropagationTrainer"
        },
        {
            "file": "encog-javascript/encog.js",
            "line": 1530,
            "description": "The POSITIVE ETA value. This is specified by the resilient propagation\nalgorithm. This is the percentage by which the deltas are increased by if\nthe partial derivative is greater than zero.",
            "class": "PropagationTrainer"
        },
        {
            "file": "encog-javascript/encog.js",
            "line": 1537,
            "description": "The NEGATIVE ETA value. This is specified by the resilient propagation\nalgorithm. This is the percentage by which the deltas are increased by if\nthe partial derivative is less than zero.",
            "class": "PropagationTrainer"
        },
        {
            "file": "encog-javascript/encog.js",
            "line": 1544,
            "description": "The minimum delta value for a weight matrix value.",
            "class": "PropagationTrainer"
        },
        {
            "file": "encog-javascript/encog.js",
            "line": 1549,
            "description": "The maximum amount a delta can reach.",
            "class": "PropagationTrainer"
        },
        {
            "file": "encog-javascript/encog.js",
            "line": 1554,
            "description": "The network that is being trained.",
            "itemtype": "property",
            "name": "network",
            "type": "Object",
            "default": "null",
            "class": "PropagationTrainer"
        },
        {
            "file": "encog-javascript/encog.js",
            "line": 1563,
            "description": "The input training data.",
            "itemtype": "property",
            "name": "trainingInput",
            "type": "Array",
            "default": "null",
            "class": "PropagationTrainer"
        },
        {
            "file": "encog-javascript/encog.js",
            "line": 1572,
            "description": "The ideal results from training.",
            "itemtype": "property",
            "name": "trainingIdeal",
            "type": "Array",
            "default": "null",
            "class": "PropagationTrainer"
        },
        {
            "file": "encog-javascript/encog.js",
            "line": 1581,
            "description": "The type of training:\n\n\"BPROP\" - Backpropagation.\n\"RPROP\" - Resilient propagation.",
            "itemtype": "property",
            "name": "type",
            "type": "String",
            "default": "null",
            "class": "PropagationTrainer"
        },
        {
            "file": "encog-javascript/encog.js",
            "line": 1593,
            "description": "The learning rate.",
            "itemtype": "property",
            "name": "learningRate",
            "type": "number",
            "default": "null",
            "class": "PropagationTrainer"
        },
        {
            "file": "encog-javascript/encog.js",
            "line": 1602,
            "description": "The momentum.",
            "itemtype": "property",
            "name": "momentum",
            "type": "number",
            "default": "null",
            "class": "PropagationTrainer"
        },
        {
            "file": "encog-javascript/encog.js",
            "line": 1611,
            "description": "The layer detla's, these are used to calculate the gradients.",
            "itemtype": "property",
            "name": "layerDelta",
            "type": "Array",
            "default": "null",
            "class": "PropagationTrainer"
        },
        {
            "file": "encog-javascript/encog.js",
            "line": 1620,
            "description": "The gradients.",
            "itemtype": "property",
            "name": "gradients",
            "type": "Array",
            "default": "null",
            "class": "PropagationTrainer"
        },
        {
            "file": "encog-javascript/encog.js",
            "line": 1629,
            "description": "The last gradients.",
            "itemtype": "property",
            "name": "lastGradient",
            "type": "Array",
            "default": "null",
            "class": "PropagationTrainer"
        },
        {
            "file": "encog-javascript/encog.js",
            "line": 1638,
            "description": "The last weight deltas.",
            "itemtype": "property",
            "name": "lastDelta",
            "type": "Array",
            "default": "null",
            "class": "PropagationTrainer"
        },
        {
            "file": "encog-javascript/encog.js",
            "line": 1647,
            "description": "The actual output from the neural network.",
            "itemtype": "property",
            "name": "actual",
            "type": "number",
            "default": "null",
            "class": "PropagationTrainer"
        },
        {
            "file": "encog-javascript/encog.js",
            "line": 1656,
            "description": "The flat spot adjustment.",
            "itemtype": "property",
            "name": "flatSpot",
            "type": "number",
            "default": "null",
            "class": "PropagationTrainer"
        },
        {
            "file": "encog-javascript/encog.js",
            "line": 1665,
            "description": "The error function.",
            "itemtype": "property",
            "name": "errorFunction",
            "type": "Function",
            "default": "LinearErrorFunction",
            "class": "PropagationTrainer"
        },
        {
            "file": "encog-javascript/encog.js",
            "line": 1674,
            "description": "The weight update values.",
            "itemtype": "property",
            "name": "updateValues",
            "type": "number",
            "default": "null",
            "class": "PropagationTrainer"
        },
        {
            "file": "encog-javascript/encog.js",
            "line": 1862,
            "description": "The name of this object.",
            "itemtype": "property",
            "name": "NAME",
            "type": "String",
            "final": 1,
            "class": "Swarm"
        },
        {
            "file": "encog-javascript/encog.js",
            "line": 1870,
            "description": "An array of agents.",
            "itemtype": "property",
            "name": "agents",
            "type": "Array",
            "class": "Swarm"
        },
        {
            "file": "encog-javascript/encog.js",
            "line": 1877,
            "description": "A call back that is called with the neighbors of each agent.\nFormat: callbackNeighbors(currentIndex,neighbors).",
            "itemtype": "property",
            "name": "NAME",
            "type": "function",
            "final": 1,
            "class": "Swarm"
        },
        {
            "file": "encog-javascript/encog.js",
            "line": 1886,
            "description": "The degree to which cohesion is applied to steering the agent.\nCohesion is the desire to move towards groups of other agents.",
            "itemtype": "property",
            "name": "constCohesion",
            "type": "number",
            "class": "Swarm"
        },
        {
            "file": "encog-javascript/encog.js",
            "line": 1894,
            "description": "The degree to which alignment is applied to steering the agent.\nAlignment is the desire to keep all particles moving in the same direction.",
            "itemtype": "property",
            "name": "constAlignment",
            "type": "number",
            "class": "Swarm"
        },
        {
            "file": "encog-javascript/encog.js",
            "line": 1902,
            "description": "The degree to which separation is applied to steering the agent.\nSeparation is the desire to not be too close to another particle.",
            "itemtype": "property",
            "name": "constSeparation",
            "type": "number",
            "class": "Swarm"
        },
        {
            "file": "encog-javascript/encog.js",
            "line": 1994,
            "description": "The name of this object.",
            "itemtype": "property",
            "name": "NAME",
            "type": "String",
            "final": 1,
            "class": "Anneal"
        },
        {
            "file": "encog-javascript/encog.js",
            "line": 2002,
            "description": "The current solution.",
            "itemtype": "property",
            "name": "solution",
            "type": "Array",
            "class": "Anneal"
        },
        {
            "file": "encog-javascript/encog.js",
            "line": 2009,
            "description": "A function that is used to score the potential solutions. The score function\nmust accept an array of doubles and return a score.",
            "itemtype": "property",
            "name": "scoreSolution",
            "type": "Function",
            "default": "null",
            "class": "Anneal"
        },
        {
            "file": "encog-javascript/encog.js",
            "line": 2019,
            "description": "Randomize a solution according to the specified temperature.  The higher the\ntemperature the more randomness.",
            "itemtype": "property",
            "name": "scoreSolution",
            "type": "Function",
            "default": "null",
            "class": "Anneal"
        },
        {
            "file": "encog-javascript/encog.js",
            "line": 2029,
            "description": "The starting temperature for each iteration.",
            "itemtype": "property",
            "name": "constStartTemp",
            "type": "number",
            "default": "10.0",
            "class": "Anneal"
        },
        {
            "file": "encog-javascript/encog.js",
            "line": 2038,
            "description": "The stopping temperature for each iteration.",
            "itemtype": "property",
            "name": "constStopTemp",
            "type": "number",
            "default": "2.0",
            "class": "Anneal"
        },
        {
            "file": "encog-javascript/encog.js",
            "line": 2047,
            "description": "The number of cycles to go from the starting temperature to the stopping.",
            "itemtype": "property",
            "name": "constCycles",
            "type": "number",
            "default": "10.0",
            "class": "Anneal"
        },
        {
            "file": "encog-javascript/encog.js",
            "line": 2108,
            "description": "The name of this object.",
            "itemtype": "property",
            "name": "NAME",
            "type": "String",
            "final": 1,
            "class": "Genetic"
        },
        {
            "file": "encog-javascript/encog.js",
            "line": 2116,
            "description": "The current population.",
            "itemtype": "property",
            "name": "solution",
            "type": "Array",
            "class": "Genetic"
        },
        {
            "file": "encog-javascript/encog.js",
            "line": 2123,
            "description": "A function that is used to score the potential solutions. The score function\nmust accept an array of doubles and return a score.",
            "itemtype": "property",
            "name": "scoreSolution",
            "type": "Function",
            "default": "null",
            "class": "Genetic"
        },
        {
            "file": "encog-javascript/encog.js",
            "line": 2133,
            "description": "A function that will mutate the specified solution.  The mutation method must\naccess an array of doubles that will be mutated.",
            "itemtype": "property",
            "name": "mutate",
            "type": "Function",
            "default": "null",
            "class": "Genetic"
        },
        {
            "file": "encog-javascript/encog.js",
            "line": 2143,
            "description": "Perform a crossover and return two offspring.  crossover should be called as follows:\n\ncrossover(mother,father,child1,child2);",
            "itemtype": "property",
            "name": "crossover",
            "type": "Function",
            "default": "null",
            "class": "Genetic"
        },
        {
            "file": "encog-javascript/encog.js",
            "line": 2154,
            "description": "The percent of offspring that will be mutated.",
            "itemtype": "property",
            "name": "constMutationPercent",
            "type": "number",
            "default": "0.1",
            "class": "Genetic"
        },
        {
            "file": "encog-javascript/encog.js",
            "line": 2162,
            "description": "The percent of the population that will mate.",
            "itemtype": "property",
            "name": "constMatePercent",
            "type": "number",
            "default": "0.24",
            "class": "Genetic"
        },
        {
            "file": "encog-javascript/encog.js",
            "line": 2170,
            "description": "The percent of the population that can be chosen for mating.",
            "itemtype": "property",
            "name": "constMatingPopulationPercent",
            "type": "number",
            "default": "0.5",
            "class": "Genetic"
        },
        {
            "file": "encog-javascript/encog.js",
            "line": 2265,
            "description": "The name of this object.",
            "itemtype": "property",
            "name": "NAME",
            "type": "String",
            "final": 1,
            "class": "SOM"
        },
        {
            "file": "encog-javascript/encog.js",
            "line": 2273,
            "description": "Holds the weights for the SOM.",
            "itemtype": "property",
            "name": "weights",
            "type": "Array",
            "default": "null",
            "class": "SOM"
        },
        {
            "file": "encog-javascript/encog.js",
            "line": 2282,
            "description": "The input neuron count for the SOM",
            "itemtype": "property",
            "name": "inputCount",
            "type": "int",
            "default": "0",
            "class": "SOM"
        },
        {
            "file": "encog-javascript/encog.js",
            "line": 2291,
            "description": "The output neuron count for the SOM",
            "itemtype": "property",
            "name": "outputCount",
            "type": "int",
            "default": "0",
            "class": "SOM"
        },
        {
            "file": "encog-javascript/encog.js",
            "line": 2300,
            "description": "Determine which output neuron the input matches with best.",
            "itemtype": "method",
            "name": "classify",
            "params": [
                {
                    "name": "inputData",
                    "description": "The input data."
                }
            ],
            "class": "SOM"
        },
        {
            "file": "encog-javascript/encog.js",
            "line": 2331,
            "description": "Create a SOM network.",
            "itemtype": "method",
            "name": "create",
            "return": {
                "description": "The newly created activation function.",
                "type": "ENCOG.ActivationElliottSymmetric"
            },
            "class": "SOM"
        },
        {
            "file": "encog-javascript/encog.js",
            "line": 2353,
            "description": "The name of this object.",
            "itemtype": "property",
            "name": "NAME",
            "type": "String",
            "final": 1,
            "class": "SOM"
        },
        {
            "file": "encog-javascript/encog.js",
            "line": 2369,
            "description": "Perform a training iteration.",
            "itemtype": "method",
            "name": "iteration",
            "class": "SOM"
        },
        {
            "file": "encog-javascript/encog.js",
            "line": 2438,
            "description": "Create trainer for a SOM.",
            "itemtype": "method",
            "name": "create",
            "return": {
                "description": "The newly created activation function.",
                "type": "ENCOG.ActivationElliottSymmetric"
            },
            "class": "SOM"
        },
        {
            "file": "encog-javascript/encog.js",
            "line": 2467,
            "description": "Holds the regular expression for parsing.",
            "itemtype": "property",
            "name": "regStr",
            "type": "String",
            "default": "null",
            "class": "ReadCSV"
        },
        {
            "file": "encog-javascript/encog.js",
            "line": 2476,
            "description": "The input data parsed from the CSV.",
            "itemtype": "property",
            "name": "inputData",
            "type": "Array",
            "default": "null",
            "class": "ReadCSV"
        },
        {
            "file": "encog-javascript/encog.js",
            "line": 2485,
            "description": "Holds the ideal data parsed from the CSV.",
            "itemtype": "property",
            "name": "idealData",
            "type": "Array",
            "default": "null",
            "class": "ReadCSV"
        },
        {
            "file": "encog-javascript/encog.js",
            "line": 2494,
            "description": "Holds the number of columns that make up the input data.",
            "itemtype": "property",
            "name": "inputCount",
            "type": "int",
            "default": "null",
            "class": "ReadCSV"
        },
        {
            "file": "encog-javascript/encog.js",
            "line": 2503,
            "description": "Holds the number of columns that make up the ideal data.",
            "itemtype": "property",
            "name": "idealCount",
            "type": "int",
            "default": "null",
            "class": "ReadCSV"
        },
        {
            "file": "encog-javascript/encog.js",
            "line": 2512,
            "description": "Holds the regular expression for parsing",
            "itemtype": "property",
            "name": "delimiter",
            "type": "String",
            "default": "','",
            "class": "ReadCSV"
        },
        {
            "file": "encog-javascript/testlib.js",
            "line": 9,
            "description": "The namespace function, used to define new namespaces.",
            "params": [
                {
                    "name": "ns_string",
                    "description": "The namespace that is to be defined."
                }
            ],
            "itemtype": "method",
            "name": "namespace",
            "return": {
                "description": "The newly created namespace, or existing one.",
                "type": "Object"
            },
            "class": "Vector",
            "module": "MYAPP"
        },
        {
            "file": "encog-javascript/testlib.js",
            "line": 51,
            "description": "The vector's data.",
            "itemtype": "property",
            "name": "data",
            "type": "Array",
            "default": "{}",
            "class": "Vector",
            "module": "MYAPP"
        },
        {
            "file": "encog-javascript/testlib.js",
            "line": 60,
            "description": "Sum all of the values in the vector.",
            "itemtype": "method",
            "name": "sum",
            "return": {
                "description": "The sum of all of the vector values.",
                "type": "Number"
            },
            "class": "Vector",
            "module": "MYAPP"
        },
        {
            "file": "encog-javascript/testlib.js",
            "line": 74,
            "description": "The number of elements in this vector.",
            "itemtype": "method",
            "name": "sum",
            "return": {
                "description": "The number of elements in this vector.",
                "type": "Number"
            },
            "class": "Vector",
            "module": "MYAPP"
        },
        {
            "file": "encog-javascript/testlib.js",
            "line": 84,
            "description": "The vector length.",
            "itemtype": "method",
            "name": "length",
            "return": {
                "description": "The vector length.",
                "type": "Number"
            },
            "class": "Vector",
            "module": "MYAPP"
        },
        {
            "file": "encog-javascript/testlib.js",
            "line": 103,
            "description": "Clear all of the vector elements to zero.",
            "itemtype": "method",
            "name": "clear",
            "params": [
                {
                    "name": "len",
                    "description": "The length, if omitted, length stays the same."
                }
            ],
            "class": "Vector",
            "module": "MYAPP"
        },
        {
            "file": "encog-javascript/testlib.js",
            "line": 119,
            "description": "Format the vector as a string.",
            "itemtype": "method",
            "name": "toString",
            "return": {
                "description": "The string.",
                "type": "String"
            },
            "class": "Vector",
            "module": "MYAPP"
        },
        {
            "file": "encog-javascript/testlib.js",
            "line": 130,
            "description": "Create a new vector.",
            "params": [
                {
                    "name": "a",
                    "description": "If a number, then the length of the vector.  If an array, the initial value of the vector."
                }
            ],
            "itemtype": "method",
            "name": "create",
            "static": 1,
            "return": {
                "description": "The newly created vector.",
                "type": "TESTLIB.Vector"
            },
            "class": "Vector",
            "module": "MYAPP"
        },
        {
            "file": "encog-javascript/testlib.js",
            "line": 160,
            "description": "Calculate the distance between two vectors.",
            "params": [
                {
                    "name": "a",
                    "description": "The first vector."
                },
                {
                    "name": "b",
                    "description": "The second vector."
                }
            ],
            "itemtype": "method",
            "name": "distance",
            "return": {
                "description": "The distance.",
                "type": "Number"
            },
            "class": "VectorUtil",
            "module": "MYAPP"
        },
        {
            "file": "encog-javascript/testlib.js",
            "line": 187,
            "description": "Calculate the distance between two vectors.",
            "params": [
                {
                    "name": "a",
                    "description": "The first vector to add."
                },
                {
                    "name": "b",
                    "description": "The second vector to add."
                }
            ],
            "itemtype": "method",
            "name": "distance",
            "return": {
                "description": "The distance.",
                "type": "TESTLIB.Vector"
            },
            "class": "VectorUtil",
            "module": "MYAPP"
        }
    ]
}