<?xml version="1.0" encoding="UTF-8"?>

<!--© The Office of the High Commisioner for Human Rights-->

<udhr iso639-3='quz' xml:lang='quz' key='quz' n='Quechua, Cusco' xmlns="http://www.unhchr.ch/udhr">
  <title>PACHATIN LLAQTAKUNAPI RUNAQ ALLIN KANANPAQ JATUN KAMACHIKUY</title>
  <preamble>
    <title>[Preamble]</title>
    <para>Pachantin ayllu wawaq allin kausaypi kananta yuyaykuspan, kay kamachikuy paqarin. Runaq kausay qasi kusi kausaypi kananpaq, tukuy llakipi kaspapas "justicia" taripananpaq. Kikin runakayninta runa masinkunawan reqsichispa kausananpaq.</para>
    <para>Runaq runa kayninta sarunchasqata rikuspan, wakin ima mil lay salqa runakunaq runa masinta ku'muchisqanta, waqachisqanta rikuspan, kay ancha sut'i kamachikuykuna rikhurin, ashwan allin, ashwan sumaq kausay runaq taripananpaq; mana imamanta manchakuspa, mana yarqayta muchuspa, sut'i simipi rimarispa qasi kausaypi kananpaq.</para>
    <para>Runapaqpuni tukuy ima allinkunapas kamasqa karqan. Chay kamasqa kasqanta reqsispan; "derechon" kasqanta yachaspan kay simikuna kamakun qharipas warmipas kushkachasqalla kausanankupaq, sapa p'unchay ashwanta jananchakuspa. Kausanankupaq: paykuna ukhupipas, llapa ayllu runa uldiupipas, sapanka runataqmi tukuy llakimanta qespisqalla purikunan, llapa "mundo" pachantinman qasi kausay mast'arikunanpaq.</para>
    <para>Teqse muyuntin "munduq" "estadonkuna" juñuykunakuspan, ancha allinta rimanakunku "Organización de las Naciones Unidas" sutita churaykukuspa. Jina sumaqta, allinta yuyayukuspataq, ruwaspataq, juq sonqolla kamachinakunku yanapanakunankupaq, runaq runakayninta, qespesqa kayninta, tukuy "derechunta" junt'achinankupaq.</para>
    <para>Chay rimasqanku junt'akunanpaqtaqmi, jatun "Asamblea" nisqa, ancha sut'inta qowanchis kay "Declaración Universal de los Derechos Humanos" qelqapi, llapa llaqtakuna ch'ullallata yuyaykuspa runaq allinkayninta tajyachinanpaq, chay allin kamachikuy simikuna junt 'akunanpaq.</para>
    <para>Kaqllataqmi reqsichina, yachachina qhipa wiñay runamanpas, waynakunamanpas ashwan allinta paykuna junt'achinanpaq ashwan allin yuyaytawanpas yapanankupaq, kikin "nacion-ninkupipas", pachantin nacionkunapipas.</para>
    <para>JATUN RIMANAKUYPI CHANINCHASQA KAMACHIKUY</para>
  </preamble>
  <article number="1">
    <title>JUQ ÑIQEN (1)</title>
    <para>Llapa runan kay pachapi paqarin qispisqa, "libre" flisqa, allin kausaypi, chaninchasqa kausaypi kananpaq, yuyayniyoq, yachayniyoq runa kasqanman jina. Llapa runamasinwantaqmi wauqentin jina munanakunan.</para>
  </article>
  <article number="2">
    <title>ISHKAY ÑIQEN (2)</title>
    <para>Kay jatun kamachikuyqa llapa runapaqmi, qasilla qespisqalla purikunanpaq, pipas kachun, mistipas, runapas, yuraqpas yanapas; warmipas, qharipas. Taytachakuna mamachakunapi i-ñiqpas. Pacha Mama yupaychaqpas; imayna yuyaykuq runapas. May llaqtayoqpas; wajchapas, qhapaqpas.</para>
    <para/>
  </article>
  <article number="3">
    <title>KINSA ÑIQEN (3)</title>
    <para>Llapan runan kausaypachapaq kamasqa, mana piqpa rimapayasqantaqmi purikunan kausanan p 'unchaykama.</para>
  </article>
  <article number="4">
    <title>TAWA ÑIQEN (4)</title>
    <para>Manan pipas runaq chitasqan kamachipi puriyta atinchu. Runawan yanachikuyqa unayñan tukukapun, kay "Declaración de los Derechos Humanostaq" chaninchan chay tukukuyninta, wiñaypaq. Yanachikuyqa qonqaypachaman churasqan kapun.</para>
  </article>
  <article number="5">
    <title>PHISQA ÑIQEN (5)</title>
    <para>Manan pipas, peqpapas, k'irisqan, muchuchisqan, k'umuchisqan kananchu.</para>
  </article>
  <article number="6">
    <title>SOQTA ÑIQEN (6)</title>
    <para>Llapa runaq "derechunmi", maypipas runa jina "respetasqa" kananpaq.</para>
  </article>
  <article number="7">
    <title>QANCHIS ÑIQEN (7)</title>
    <para>Leypaq-qa, jatun kamachikuypaq-qa llapa runapas kikillan, "igual-lían kanchis; mana pitapas ajílaspa, mana pitapas t'aqarparispa.</para>
  </article>
  <article number="8">
    <title>PUSAQ ÑIQEN (8)</title>
    <para>Llapa runapaq churasqan sapanka "nacionpi", jatun llaqtapi "tribunalkuna", "leywan", "amparakunanpaq" piña mayña runakayninta sarunchayta munaqtinpas.</para>
  </article>
  <article number="9">
    <title>ISQON ÑIQEN (9)</title>
    <para>Manan pipas yanqa qasinmantaqa muchuy wasipi wesq'asqapas, Ilaqtanmanta qarqosqapas kayta atinchu.</para>
  </article>
  <article number="10">
    <title>CHUNKA ÑIQEN (10)</title>
    <para>Llapa runapas, imamantaña juchachasqa kaspapas, "tribunalpa" uyarisqanmi kanan; chayman jina juchayoq kasqanpas, mana juchayoq kasqanpaq yachakunanpaq.</para>
  </article>
  <article number="11">
    <title>CHUNKA JUQNIYOQ ÑIQEN (11)</title>
    <orderedlist>
      <listitem>
	<para>Jayk'an juchachasqa runaq-qa, kanmi "derechon" manan juchayoqcho kani, ninanpaq "justicia" taripanankama.</para>
      </listitem>
      <listitem>
	<para>Allin ch'uyaman "justicia" chayaspa, ima muchuymanpas churana, juchanman jina.</para>
      </listitem>
    </orderedlist>
  </article>
  <article number="12">
    <title>CHUNKA ISHKAYNIYOQ ÑIQEN (12)</title>
    <para>Manan piqpa imayna kausakusqantapas tapupakuyta atinchischo. Manataqmi imaynatas warminwan, wawankunawan tiyan chaytapas yachayta munananchischu. Manan runaq allin kasqanta, "honranta", allin runa kasqanta panpachanachu; Chaykuna ruwasqamantaqa "leymi" muchuchinan. Chay tukuywanpis, manan pipas qelqa apachisqanchista, "carta" chaskinanchista pakallapi, mana yachasqanchis "liita" yachayta atinchu. Llapa runan chay mana chaninmanta "libre" l:anan, "leypa" "protejisqan</para>
  </article>
  <article number="13">
    <title>CHUNKA KINSAYOQ ÑIQEN (13)</title>
    <orderedlist>
      <listitem>
	<para>Llapa runan may munasqantapas purikunan, tiyananpaqtaq may llaqtatapas, may cheqastapas aj llakunan.</para>
      </listitem>
      <listitem>
	<para>"Nacion-ninmanta" lloqsispapas kaqmi kutiykampuyta atillantaq.</para>
      </listitem>
    </orderedlist>
  </article>
  <article number="14">
    <title>CHUNKA TAWAYOQ ÑIQEN (14)</title>
    <orderedlist>
      <listitem>
	<para>Cheqnisqaña, qatiykachasqaña kaspapas, piqpa wasinpipas, maypipas pakuykukuyta atinmi, may "nacionpipas", may llaqtapipas, may cheqaspipas.</para>
      </listitem>
      <listitem>
	<para>Manan "común" juchayuqman aypanchu kay "derecho".</para>
      </listitem>
    </orderedlist>
  </article>
  <article number="15">
    <title>CHUNKA PHISQAYOQ ÑIQEN (15)</title>
    <orderedlist>
      <listitem>
	<para>Llapa runakunaq "derechunmí juj nacionalidadniyoq" kay. Llapataqmi mayqen naciontapas tiyananpaq ajllakuyta atin. Chaymantaqa manan pipas jark'akuyta atinchu.</para>
      </listitem>
      <listitem>
	<para>Manataqmi pipas, maypas "nacionalidadninchista" qechuyta atinchu, nitaq juj "nacionalidad" aj llakunanchista tatichiyta atinchu.</para>
      </listitem>
    </orderedlist>
  </article>
  <article number="16">
    <title>CHUNKA SOQTAYOQ ÑIQEN (16)</title>
    <orderedlist>
      <listitem>
	<para>Qharipas warmipas junt'asqa watanman chayaspaqa "casarakuyta" atin piwanpas maywanpas, mana piqpa jark'akusqan, yuraqwanña yanawanña, paykuna pura tinkuku, munanakunku chayqa.</para>
      </listitem>
      <listitem>
	<para>Warmi qhari wawakunantin tiyaspataqmi allin rimanakuypi tiyananku, kikin "derechuyoq" juj sonqolla tiyaspapis, t'aqanakuspapis.</para>
      </listitem>
      <listitem>
	<para>[Missing?]</para>
      </listitem>
    </orderedlist>
  </article>
  <article number="17">
    <title>CHUNKA QANCHISNIYOQ ÑIQEN (17)</title>
    <orderedlist>
      <listitem>
	<para>Llapa runaqmi kanan jallp'apas, wasipas, tukuy ima kausaypas, pay sapanpa, llank'ananpaqpas, wakipi llank'ananpaqpas.</para>
      </listitem>
      <listitem>
	<para>Manan piqpa kaqninpas qechuy atikunchu.</para>
      </listitem>
    </orderedlist>
  </article>
  <article number="18">
    <title>CHUNKA PUSAQNIYOQ ÑIQEN (18)</title>
    <para>Llapa runan yuyaykukuyta, jamut'ayta atin yuyaychakusqanman jina. Manan pipas chaytaqa jark'ayta atinmanchu. Kaqtaqmi ima "religionpipas" kausayta atin tukuy runaq yachashasqan.</para>
  </article>
  <article number="19">
    <title>CHUNKA ISQONNIYOQ ÑIQEN (19)</title>
    <para>Tukuy runapas umanpi yuyaykusqantan rimarinan manapitapas manchakuspa. Yuyaykusqantataqmi pachantin runaman, teqsi muyuntin, lluy "munduntin" runaman riqsichinan yachananpaq. Sut'in rimaqtan pacha kamaq taytachapas yanapan. Chay yuyaykukusqanmantaqa, ruwasqanmantaqa manan pipas cheqniytapas, juchachaytapas atinchu.</para>
  </article>
  <article number="20">
    <title>ISKAYCHUNKA ÑIQEN (20)</title>
    <orderedlist>
      <listitem>
	<para>Pi runapas, may runapas juñunakuytaqa atinmi. Runa juñunakuyqa kananpunin; allin rimanakuypaq, sumaq rimanakuypaq-qa.</para>
      </listitem>
      <listitem>
	<para>Ichaqa, manataqmi pipas tanqasqaqa, mat'isqaqa, ima juñunakuymanpas jaykunanchu.</para>
      </listitem>
    </orderedlist>
  </article>
  <article number="21">
    <title>ISKAYCHUNKA JUJNIYOQ ÑIQEN (21)</title>
    <orderedlist>
      <listitem>
	<para>Llapa runapas atinmi llaqtanta "nacionninta" kamachiyta; chaypaq ajílasqa, chaypaq churasqa kaspaqa; pay kikinpas, mashki mink'anta churaspapas.</para>
      </listitem>
      <listitem>
	<para>Kushkallan llapa runapas kanchis, llapataqmi kamachikuq kaytapas atinchi Llaqtaq munayninmi kamachikuqtaqa jurqon, llapa runamante jujta ajílaspa sumaq jatun rimanakuypi, "eleccionispí ajílaspa.</para>
      </listitem>
      <listitem>
	<para>[Missing?]</para>
      </listitem>
    </orderedlist>
  </article>
  <article number="22">
    <title>ISHKAY CHUNKA ISHKAYNIYOQ ÑIQEN (22)</title>
    <para>Llapa runan, imaynan kausasqanman jina llaqtanwan, "nacionninwan" qochikunan mikhuytapas, tukuy ima kausaytapas; yachaytawanpas, yachayninman yapananpaq, chaywantaq jananchasqa runa kananpaq.</para>
  </article>
  <article number="23">
    <title>ISHKAYCHUNKA KINSAYOQ ÑIQEN (23)</title>
    <orderedlist>
      <listitem>
	<para>Llapa runapaq kamasqan llank'ayqa, sapanka runataqmi ajllakunan iman munasqan llank'ayta.</para>
      </listitem>
      <listitem>
	<para>Tukuymi llank'ananpaq yanapasqa kanan. Yanqa, qasi kaytaqa mana runa atinchu. Runaqa chanintan, llank'asqanman jina chaskinan "salariontaqa".</para>
      </listitem>
      <listitem>
	<para>Llapa runan chaskinan kallpanpa chanintaqa, paypa kausananpaq jina; warminpa, wawankunaq kausananpaq jina. Manachaytaqmi llaqta runa yanapanan.</para>
      </listitem>
      <listitem>
	<para>Tukuy runan "sindicato" "organizayta" atin; jinallataq "sindicalizado" "derechun" "respetachinanpaq".</para>
      </listitem>
    </orderedlist>
  </article>
  <article number="24">
    <title>ISHKAYCHUNKA TAWAYOQ ÑIQEN (24)</title>
    <para>Llapa llank'aq runapaqmi samana p'unchayqa churasqa. Kikillantaqmi, kaqllataqmi "vacaciones" ñisqa, sapa wata aslíapas juj killa samayniyoq kanan mana llankaspa "pagasqa".</para>
  </article>
  <article number="25">
    <title>ISHKAYCHUNKA PHISQAYOQ ÑIQEN (25)</title>
    <orderedlist>
      <listitem>
	<para>Llapa runapaqmi kanan allin kausay, kaqllataq warminpaqpas, wawankunapaqpas. Kananmi mikliunanpas, wasinpas, p 'achanpas; kanantaqmi janpiqnin "medicupas". "Seguro Socialpas" kananmi paypaq-qa mana llank'ayta atiqtin, onqoqtin; warmin wañuqtin, ima llakipiña kaqtinpas.</para>
      </listitem>
      <listitem>
	<para>Wachakoq warmiqa rikusqan qhawasqan kanan. Wawakunapas kaqllataqmi kanan; "Casadoq" wawanpas, mana "casadoq" wawanpas.</para>
      </listitem>
    </orderedlist>
  </article>
  <article number="26">
    <title>ISHKAYCHUNKA SOQTAYOQ ÑIQEN (26)</title>
    <orderedlist>
      <listitem>
	<para>Tukuy runapaq churasqan "escuela", "colegio", "educación", llapataqmi chaykunata chaskinan mana qolqellamanta.</para>
      </listitem>
      <listitem>
	<para>Jatun yachaywasimantaqmi jaykunan ashwan umayuq, yuyayniyoq, jamautayoq jina.</para>
      </listitem>
      <listitem>
	<para>"Educacionqa" llapa runaq ashwan allinruna kananpaqmi, llapa runamasintin munanakunanpaqmj, maymantaña kaqtinpas, may llaqtayuqña kaqtinpas.</para>
      </listitem>
    </orderedlist>
  </article>
  <article number="27">
    <title>ISHKAYCHUNKA QANCHISNIYOQ ÑIQEN (27)</title>
    <orderedlist>
      <listitem>
	<para>Llapa runan reqsinan jatun yachayniyoqpa yachayninkunata, chaymi "ciencia" nisqa, llapan reqsinan tukuy sumaq ruwaykunata: "artes" sutiyoq.</para>
      </listitem>
      <listitem>
	<para>Llapa runan yachanan, aypanan jatun yachay, kausay yachay, ashwan jatun "filosofía" nisqa jamutay kuraq yachayta.</para>
      </listitem>
    </orderedlist>
  </article>
  <article number="28">
    <title>ISHKAYCHUNKA PUSAQNIYOQ ÑIQEN (28)</title>
    <para>Sapanka runan munannanchis kay jatun kamachikuy simikunaq juntakunanta, llapa pachantin, "munduntin" llaqtakunapi.</para>
  </article>
  <article number="29">
    <title>ISHKAYCHUNKA ISHQONNIYOQ ÑIQEN (29)</title>
    <orderedlist>
      <listitem>
	<para>Ayllunchispi kausaq runataqa, llaqtanchis runataqa, anchatan, munana, yupaychana; ayllun, llaqtan sapanka runatapas uywawanchis, wawanmi kanchis.</para>
      </listitem>
      <listitem>
	<para>[Missing?]</para>
      </listitem>
      <listitem>
	<para>[Missing?]</para>
      </listitem>
    </orderedlist>
  </article>
  <article number="30">
    <title>KINSACHUNKA ÑIQEN (30)</title>
    <para>Kay jatun kamachikuy simikunaqa manan juj runallapaqchu; manataqmi "nacionkunaq" kamacheqkunallapaqchu, llapa runaq allinninpaqmi, pachantin llaqtakunapitaqmi junt'akunan.</para>
  </article>
  <note>
    <para>ÑAUPAQ NISQA SIMIKUNA</para>
    <para>Perú "paisninchisqa" "munduntinpi paiskunamanta" ashwan ashkha rijchayniyoqmi, chay raykupischá llapa runaq sonqonman chayan, chaypistaqchá ch'ulla kausayllapi kan runaq llaqtan.</para>
    <para>Kay "nacionninchispin" imaymana rijch 'aq runapas; imaymana simi rimaqpas; imaymana yachayniyoqpas juñuykunakun kushka, ancha unay watakunamantaña. Yunkayoq, qhiswayoq, punakunayoq ancha jatun jallp'api.</para>
    <para>Chaymi kay "patriapi" tiyaq "peruano" runamasinchiskunaqa, kausayninku allin ñanman churay munaqkunaqa, sapa kuti, sapa p'unchay sumaq rimanakuypi kanan, sonqonkuq ashwan allinta tinkunanpaq, ñaupa pacha allin runakuna jina kausananpaq.</para>
    <para>Kunan kamachiqninchis "gobiernon" musoq kausayman jaykunanchista munan; ashwan k'apaj chaninchasqa allin kausaypi kananchista munan. Jinataqmi juñunaykusqa "nacionkunata", "Naciones Unidas" nisqata, tawachunka watanpi, jaywarin kay runasimiman t'ijrasqa JATUN KAMACHIKUYTA, "Declaración Universal de los Derechos Humanos" nisqata.</para>
    <para>Wakin pisi runakunallaq rimasqan simikunamanwanpas t'ijrakunmi kay nisqanchis Jatun Kamachikuyqa, mana piqpa kausaynin, mana piqpa yachaynin tanqasqa, wijch'urparisqa kananpaq; llapa jatun suyunchispi tantaykusqa llaqtakunaq jananchakunanpaq. Kayta ruwaspan "gobiernonchispa" allin yuyaykusqanta, tukuy sonqota churaspa, Perú kamachisqanta sut 'inchasun. Runasimipi rimaspan pachantin llaqtakunawan rimanakusun.</para>
  </note>
</udhr>
