<?xml version="1.0" encoding="UTF-8"?>

<!--© The Office of the High Commisioner for Human Rights-->

<!--
replaced U+002D - HYPHEN-MINUS by U+2010 ‐ HYPHEN
replaced U+2019 ’ RIGHT SINGLE QUOTATION MARK by U+02BC ʼ MODIFIER LETTER APOSTROPHE
-->

<udhr iso639-3='yap' xml:lang='yap' key='yap' n='Yapese' xmlns="http://www.unhchr.ch/udhr">
  <title>MATTʼAWEN GUBIN E GIDII NI NGAN NANG</title>
  <preamble>
    <title>MORNGAAGEN</title>
    <para>Bochan ni ngan nang ni gubine gidii mabee mabay mattʼawen, meere nge taareb mattʼaw dad ngemang likʼikane puf rogon, nga gazon taab motochiyel nge gapas u faileng,</para>
    <para>Bochan ni yara nʼag modgun nge pimattʼawene gidii e firrʼe beawe tazil nge cham riiʼ nga lani yanne gidii ni gubin, ere chiney iyan eke taw nga napan e faileng ninge gubine gidii make puf‐puf rograd ko namon, memich mange siye modgudag u lan gumʼirachaen gubine gidii ma ngaʼun adag nimod nikan dugliy ni aram falʼngin lan yanne gidii,</para>
    <para>Bochan ni battʼuf maba gaafan ni faanra dab ni motogel ngakʼbee ngesul nga tomur ara ziliyeg laniyanʼ ni gomanga dakriy rebo kanowa ngabang, me pigichel ngecham ko am ara pitoogor, mabay mattʼawen gidii ni gubin nibe kele motochiyel gafalngin,</para>
    <para>Bochan ni battʼuf maba gaafan ni ngan obneg ziline pinam ni gubin ngara tafafel e gidii u lan mepar zilirad nib taareb,</para>
    <para>Bochan ni pigidien fare United Nations e bayu lane Charter rorad makuba yuuʼ laniyanʼ rad nga kikʼikaen mattʼawene gidii, u fane tʼuf bee nge fane bagaa fan ni gidii nge fame taareb mattʼawene pumoon nge ppin, mere kara dugliyed ni ngefelʼ kanowaene par niba mattʼaw nga fizike puf rogon,</para>
    <para>Bochan ni ke‐og nage gidii ko pinam ni yad ni ngara ngongliyed ngefelʼ, nge pez e zil ayuw rorad ngakʼe United Nations, nigge mangil muun madnom nag mattʼ awen e gidii yange yog ninge puf rogon e par ko gidii nibfelʼ,</para>
    <para>Bochan ni bagaa fan nge angin ni nge gubin e gidii menang fan nge morngaagen e tin mattʼawey nge tin bapuf rogoy ngay,</para>
    <para>Aram Fane Chiney Ni,</para>
    <para>FARE GENERAL ASSEMBLY</para>
    <para>eke garcheg</para>
    <para>NI NGI MARNGAAGEN NI GARCHEG MATTʼAWEN GUBIN E GIDII NEY E firʼe nge bung nag rogon e gidii o pinam yange ni tomur make gubine gidii ko pinam ni dab kimaz ko lem rorad, ngebung rogon ni kuura grereged ara skul nag morngaagen nge ob nag i tay mattʼawen e ngi mattʼawene gidii ney, mepuf rogoy u rebo nam ngoreb ni bochane ngauda ted suwdad ni gadad gubin e gidii nu faileng, niku baʼun e pichongin e pi United Nations ngay nge kugidii ko nochi nam ni paachig nge tin gagang nge kugade gidii ni gad bay nga tan paa rebo nam.</para>
  </preamble>
  <article number="1">
    <title>Yang ni 1.</title>
    <para>Gubine gidii mani gargeleg nga faileng nibapuf mattʼawen nge rogon. Bay laniyan nipii e nam, ere ngauda ted mattʼaawen e chaa niba chugur ngoded nimod walag dad.</para>
  </article>
  <article number="2">
    <title>Yang ni 2.</title>
    <para>Gubine gidii maba puf mattʼawen nimod nibayu lan gazon ere ngi Garcheg ney, madariy rogon nga ramaen douey, miti gidii, ppin fa pumoon, zin, taliw, am, gyog, nam, ara likʼegal kubee, ngin gargeleg bee riiʼ, fa yuguboch banʼen.</para>
    <para>Makueritay ni dab ni page mazil nga zilin barbaa e am nge barbaa, ggangin ara mazil u gibine nam nitin baachig nge tin gagangʼ ni ngin bee fachaa riy, mademutrug fare nam ko fire bamil suwon ir ngak, ara bamil suwon ngakʼ rebo nam fa gaangin e mti motochiyel ko fare nam.</para>
  </article>
  <article number="3">
    <title>Yang ni 3.</title>
    <para>Gubine gidii mabay mattʼawen ko birokʼe pagofan, talin, nge kanowaen i ayuweg fir.</para>
  </article>
  <article number="4">
    <title>Yang ni 4.</title>
    <para>Dab nikel beeʼ ngantay nimod e sib, mange maze folchuway ko gidii ni gubin.</para>
  </article>
  <article number="5">
    <title>Yang ni 5.</title>
    <para>Dab ni gafgou nege lem ara doungin bee, fani gechig neg ni gazi miti gechig ni yama pii ko gidii.</para>
  </article>
  <article number="6">
    <title>Yang ni 6.</title>
    <para>Gubine gidii mabay mattʼawen ni ngan nang gidii u bang u monʼutan e motochiyel.</para>
  </article>
  <article number="7">
    <title>Yang ni 7.</title>
    <para>Gubin e gidii mada taareb mattʼawen lane motochiyel makueritay ni dezilzil e ayuw ko motochiyel kubee nge bee. Magubin e gidii makueritay nibay mattʼawen ni tab ayuw e yaratay ngakʼ u lane motochiyel, makuran gechig neg ni ku taareb rogon ni gomanga kepig chel bee kepilyeg bayang ko ngi Garcheg ney ara marwee ngadaken ngawuruuʼ e kanowaʼ.</para>
  </article>
  <article number="8">
    <title>Yang ni 8.</title>
    <para>Gubine gidii mabay mattaʼwen ninge papey nni pizig fapaa i oloboch rokʼ u lane motochiyel ni ba mattʼaw nge kanowaen ni bamattʼaw u lane motochiye kofare nam.</para>
  </article>
  <article number="9">
    <title>Yani ni 9.</title>
    <para>Dab nipos mini tay liben beeʼ nganin ni mʼag ara ni kalbus neg, ara ni tuluf ngemilʼ yade mattʼaw ko motochiyel.</para>
  </article>
  <article number="10">
    <title>Yang ni 10.</title>
    <para>Gubine gidii maba mattʼaw ni yara pizig e loboch rokʼ rokʼ u mite yoor u mit rebo tapuf oloboch nge dugil fapaa i oloboch rokʼay ngabang.</para>
  </article>
  <article number="11">
    <title>Yang ni 11.</title>
    <orderedlist>
      <listitem>
	<para>Gubine gidii ni kani eg neg u bapaa e oloboch mamonʼ ma bay mattʼawen fachaa ni dawori buche rokʼ ko fapaa i oloboch nge miti oloboch makemus ni fin yara pizig fapaa i oloboch rokʼ u mite tapuf oloboch nge yoor nge mich ni kʼab fachaa bapaa e oloboch, mafachaa e kubay mattʼawen ni yara ayuweg u lane puf oloboch.</para>
      </listitem>
      <listitem>
	<para>Dab ni mʼag ara nitay niba buche rokʼ beeu bapaa e oloboch fa banʼen ni bochan bapaa e oloboch nike maz‐nibochan e motochiyel ko nam ara faileng ko ngiyalʼ ni zʼab fachaa fapaa i oloboch. Fa ni gechig nag ngepag tolngin kobin baaray ni bamattʼaw ko ngilanʼ ni zʼab fachaa fapaa i oloboch.</para>
      </listitem>
    </orderedlist>
  </article>
  <article number="12">
    <title>Yang ni 12.</title>
    <para>Dab nog ni nge pigichel bee kotirokʼ banʼem, ni ere tabinaw, tafen, babiyor fe cham nga morngaagen ara zin. Gubine gidii mabay mattʼawen u lane motochiyel ko ayuw u banʼen ni pigi cham bee ko fachaa ara wagegey ngakʼ.</para>
  </article>
  <article number="13">
    <title>Yang ni 13.</title>
    <orderedlist>
      <listitem>
	<para>Gubine gidii mabay mattʼawen maba puf rogon ko yan nge par u lane mazil ko fare nam rokʼ.</para>
      </listitem>
      <listitem>
	<para>Gubine gidii mabay mattʼawen nira chuw u rebo nam fa birokʼe nam, nge sul ko birokʼe nam.</para>
      </listitem>
    </orderedlist>
  </article>
  <article number="14">
    <title>Yang ni 14.</title>
    <orderedlist>
      <listitem>
	<para>Gubine gidii mabay mattʼawen ni nge gawag rebo nam nge mil ngay ni bochan rin lii ngem fa yuguni gafgow nag ni yugu dariy fan.</para>
      </listitem>
      <listitem>
	<para>Yira chuweg e biney e matawen rokʼe ani mil nga rebe nam ni bochane zʼab rebe motochiel ni bagel e gechig riy fa yam e gechig riy ma kuba togopuluw ko gomeyngin nge motochiel ko United Nations.</para>
      </listitem>
    </orderedlist>
  </article>
  <article number="15">
    <title>Yang ni 15.</title>
    <orderedlist>
      <listitem>
	<para>Gubine gidii mabay mattʼawen ni ngeyog taffen.</para>
      </listitem>
      <listitem>
	<para>Dab ni siyeg i pii bang u rebo nam ni ngemang taffen bee ni bening, ara nidigey ara siyeg ni dabi ziliyeg bee taffen.</para>
      </listitem>
    </orderedlist>
  </article>
  <article number="16">
    <title>Yang ni 16.</title>
    <orderedlist>
      <listitem>
	<para>Ma ppin nge pumu‐on nike taw ngaduan, made mutrug rama‐en dow, nge nginʼen ni bee fachaa riy, titaliw nibfol ngaa, e bay mattʼawen ni ramabgol nge gaweg e tabinaw ngakʼ. Ma galichaa nikara mabgol rorow ngenitawko ngiyalʼ ni kara dar ara kemʼ bagyow.</para>
      </listitem>
      <listitem>
	<para>Ma mabgol e zingari lee lʼagruw nii nibapuf rogorow mayou baadagew yow.</para>
      </listitem>
      <listitem>
	<para>Ma fare ppin nge fare pumu‐on nikaramabgol gowe yowe mʼag ko binaw rorow makueritay gubin e ayuw ko fangin you bee riy ni ngeyuuʼ ngorou.</para>
      </listitem>
    </orderedlist>
  </article>
  <article number="17">
    <title>Yang ni 17.</title>
    <orderedlist>
      <listitem>
	<para>Gubine gidii mabay mattʼawen ninge taliy e machaf ara binaw ni goofir rokʼ ara bachagil ngakʼ rebo ulung fa boche gidii.</para>
      </listitem>
      <listitem>
	<para>Dab ni ziribog bee u taffen ara nifek talin fachaa.</para>
      </listitem>
    </orderedlist>
  </article>
  <article number="18">
    <title>Yang ni 18.</title>
    <para>Gubine gidii mabay mattʼawen ni ngepuf e lem, yaa nge taliw, makuba un ngalan mattʼawen nira ziliyege rabaa rokʼe taliw ngeʼun nga barbaa, fe chagil nga boche gidii u yurbaa e taliw, maba puf rogon ko tin nge skul neg ko gidii ara yibilay ara i madnom nag.</para>
  </article>
  <article number="19">
    <title>Yang ni 19.</title>
    <para>Gubine gidii mabay mattʼawen nibapuf rogon ko lem nge tin raiweweliy banʼen, ni baʼun mattʼawen e biney ngalane bin baaray ni nge dabi yo ge tafinay rokʼ ara gagaweg, ara ning morngaagen e tin baadag ngabang.</para>
  </article>
  <article number="20">
    <title>Yang ni 20.</title>
    <orderedlist>
      <listitem>
	<para>Gubine gidii mabay mattʼawen ni ngepuf rogon ko moolung ngataabang ni bagapas.</para>
      </listitem>
      <listitem>
	<para>Dab ni motogel ngakʼ bee ni bochane ngemang rebi chongin rebo ulung.</para>
      </listitem>
    </orderedlist>
  </article>
  <article number="21">
    <title>Yang ni 21.</title>
    <orderedlist>
      <listitem>
	<para>Gubine gidii mabay mattʼawen ni nge chazawaliy e am rokʼ, ni demutrug ko fir rokʼ ara chaa ni owchen ko fare am rokʼ.</para>
      </listitem>
      <listitem>
	<para>Gubine gidii mabay mattʼawen ni taareb rogon nge mattʼawen ngakʼ gubine gidii ko fare nam rokʼ nge marwel ko am ko fare nam.</para>
      </listitem>
      <listitem>
	<para>Ma fiti laniyane gidii e aram bang gelngin e marwel ko am; ere biney e mattʼaw dad e mod ni yabe tawaliy ko yuduw owchen e am roded nga lane moolung ma kuerogon kanowaen e tawal nibpuf.</para>
      </listitem>
    </orderedlist>
  </article>
  <article number="22">
    <title>Yang ni 22.</title>
    <para>Gubine gidii ni dmutrug ko chongin e kun binaw, nam fa re‐ulung mabay yalen ni nge nang ni bay mattʼawen ko gapas u faileng nibod nibe yognage ulungen e gapas nu faileng nge gapas ko nam rokʼ, u rogone marwel kopi tapowa nage (economic), (social), nge (cultural) ni yade ratiriggiliy nidab nipag tilin fane battʼuf fachaa nge rogon e par rokʼ.</para>
  </article>
  <article number="23">
    <title>Yang 23.</title>
    <orderedlist>
      <listitem>
	<para>Gubine gidii mabay mattʼawen ko miti marwel ni baadag ni ngeun ngay, nge yalen fane adag kanowaen farbaa i marwel makubay mattʼawene ayuw rokʼ i kel gafalngin ko ngiyalʼ nidariy e marwel rokʼ.</para>
      </listitem>
      <listitem>
	<para>Gubine gidii mataareb fane mattʼaw yalen ni ngepluw pulwon ko yalen e marwel nibe tay.</para>
      </listitem>
      <listitem>
	<para>Gubine gidii ni bemarwel mabay mattʼawen ni nge mattʼaw pulwon kofare marwel ni bochan ngakʼ nge tabinaw rokʼ kubochan ko par rokʼ.</para>
      </listitem>
      <listitem>
	<para>Gubine gidii mabay mattʼawen ni nge sunmeg ara un nga boche ulung ni bochan bafelʼ rogon ngakʼ, makubaadag.</para>
      </listitem>
    </orderedlist>
  </article>
  <article number="24">
    <title>Yang ni 24.</title>
    <para>Gubine gidii mabay mattʼawen ni ngai toffan, nge oren e awa ni nga i marwel nge pu pulwon ko toffan ko yuduw ni baaʼ.</para>
  </article>
  <article number="25">
    <title>Yang ni 25.</title>
    <orderedlist>
      <listitem>
	<para>Gubine gidii mabay mattʼawen ni ngefelʼ yalen nge rogon ko par ni fan ngakʼ nge gidii u tabinaw rokʼ, baʼun e ggan, mad, naʼun nge taflay nge kutin bagaa fan ko fachaa ngay, ma mattʼawen nge ayuw ni ngeb ngakʼ u napan e ngiyalʼ famang ni ketal ko marwel ni bochane liliy, mad‐ad u tabane marwel, kanim rokʼ, kepummon ara pilbizir, nge kutin bay banʼen ni bagaa fan ngakʼ ko ayuw rokʼ.</para>
      </listitem>
      <listitem>
	<para>Ma chitiningen e bitir nge bitir e kuba yuuʼ e ayuw ngorow. Ma gubine bitir ni demutrug ko fake mabgol ara muchubbil makueritay kanowaen e ayuw ni dabisiy ngorad.</para>
      </listitem>
    </orderedlist>
  </article>
  <article number="26">
    <title>Yang ni 26.</title>
    <orderedlist>
      <listitem>
	<para>Gubine gidii mabay mattʼawen nge kanowaen ko skul. Maskul e dariy pulwon ko zikal ni sommʼon nge madaa ko ragag nge lʼagruw. Magubin mite skul maraʼun pii, machane, bineye beyan u rogone llowan nge angin ngak, fachaa ni ngeyan ko fare skul.</para>
      </listitem>
      <listitem>
	<para>Maskule zingar niguy mattʼawen ni ngefelʼ daken gubine gidii riy makueritay mattʼawen gubine gidii nge rogon fane ngepuf rogon nibfelʼ. Megaa nage nang me tafafil e gidii ko pinam riy nge yurbaa i gidii nge piyurbaa i ulung nu faileng, er rogon ni nge mom nag boche marwel ko United Nations megapaseg e faileng.</para>
      </listitem>
      <listitem>
	<para>Chitamangin nge Chitiningin e bitir e you e ba mil fan ngorow ni you ra turguy e gin ngeyan e bitir rorow ngay ko sukul.</para>
      </listitem>
    </orderedlist>
  </article>
  <article number="27">
    <title>Yang ni 27.</title>
    <orderedlist>
      <listitem>
	<para>Gubine gidii mabay mattʼawen ni nge chazawaliy morngaagen ara lungun e binaw rokʼ, nge tʼuffege tirokʼe yalen metay fir ngay nge gamʼingin e tin baffel ko nam rokʼ.</para>
      </listitem>
      <listitem>
	<para>Gubine gidii mabay mattʼawen ni nge kel ayuwene tini yiloy babiyoren banʼen.</para>
      </listitem>
    </orderedlist>
  </article>
  <article number="28">
    <title>Yang ni 28.</title>
    <para>Gubine gidii mabay mattʼawen nibpuf ko motochiyel ko nam rokʼ ara motochiyal ko rebo nam nimod kanowaen u lane ngi Garcheg ney ni bochan e ngan nang morngaagen nibfelʼ ni oren e gidii.</para>
  </article>
  <article number="29">
    <title>Yang ni 29.</title>
    <orderedlist>
      <listitem>
	<para>Gubine gidii mabay e tin dabisiy e marwel ko binaw nge nam rokʼ ni zingar irin yaaram bayangi falngin.</para>
      </listitem>
      <listitem>
	<para>Mattʼawen gubine gidii nge kanowaen e tin bapuf yalen riye kubeyan u yalane motochiyel ko ngin bay ara renam ni keyan ngay, machane, kemus ni gubin e motochiyel makuraitay gaffalngin nge modgun.</para>
      </listitem>
      <listitem>
	<para>Mattʼawen nge puf rogon ko gubin e gidii e dakuriy bayang ni yara cheg ngey, yaaram e ratogopluw ko fan nge mattʼawen e tirokʼe United Nations e motochiyel.</para>
      </listitem>
    </orderedlist>
  </article>
  <article number="30">
    <title>Yang ni 30.</title>
    <para>Dariy banen u lan ere ngi Garcheg ney ni ngan abuweg fan nge zil ara togopluw ko tirokʼe United Nations e motochiyel ar pingeg fan ere ngi Garcheg ney nga wuruuʼ e knowa.</para>
  </article>
</udhr>
