<?xml version="1.0" encoding="UTF-8"?>

<!--© The Office of the High Commisioner for Human Rights-->

<udhr iso639-3='pol' xml:lang='pl' key='pol' n='Polish' xmlns="http://www.unhchr.ch/udhr">
   <title>POWSZECHNA DEKLARACJA PRAW CZŁOWIEKA</title>
   <note>
      <para>Trzecia Sesja Ogólnego Zgromadzenia ONZ, obradująca w Paryżu, uchwaliła 10 grudnia 1948 roku jednomyślnie Powszechną Deklarację Praw Człowieka. Dokument ten stanowi niewątpliwie jedno z największych i najtrwalszych osiągnięć ONZ. Przetłumaczona na większość języków świata Powszechna Deklaracja Praw Człowieka zbiera oraz porządkuje osiągnięcia i postulaty człowieka, który od wielu setek lat toczy nie skończoną jeszcze walkę o swoją wolność i swoją godność.</para>
   </note>
   <preamble>
      <title>Preambuła</title>
      <para>ZWAŻYWSZY, że uznanie przyrodzonej godności oraz równych i niezbywalnych praw wszystkich członków wspólnoty ludzkiej jest podstawą wolności, sprawiedliwości i pokoju świata,</para>
      <para>ZWAŻYWSZY, że nieposzanowanie i nieprzestrzeganie praw człowieka doprowadziło do aktów barbarzyństwa, które wstrząsnęły sumieniem ludzkości, i że ogłoszono uroczyście jako najwznioślejszy cel ludzkości dążenie do zbudowania takiego świata, w którym ludzie korzystać będą z wolności słowa i przekonań oraz z wolności od strachu i nędzy,</para>
      <para>ZWAŻYWSZY, że konieczne jest zawarowanie praw człowieka przepisami prawa, aby nie musiał - doprowadzony do ostateczności - uciekać się do buntu przeciw tyranii i uciskowi,</para>
      <para>ZWAŻYWSZY, że konieczne jest popieranie rozwoju przyjaznych stosunków między narodami,</para>
      <para>ZWAŻYWSZY, że Narody Zjednoczone przywróciły swą wiarę w podstawowe prawa człowieka, godność i wartość jednostki oraz w równouprawnienie mężczyzn i kobiet, oraz wyraziły swe zdecydowanie popierania postępu społecznego i poprawy warunków życia w większej wolności,</para>
      <para>ZWAŻYWSZY, że Państwa Członkowskie podjęły się we współpracy z Organizacją Narodów Zjednoczonych zapewnić powszechne poszanowanie i przestrzeganie praw człowieka i podstawowych wolności,</para>
      <para>ZWAŻYWSZY, że jednakowe rozumienie tych praw i wolności ma olbrzymie znaczenie dla ich pełnej realizacji,</para>
      <para>PRZETO ZGROMADZENIE OGÓLNE</para>
      <para>Ogłasza Uroczyście niniejszą Powszechną Deklarację Praw Człowieka jako wspólny najwyższy cel wszystkich ludów i wszystkich narodów, aby wszyscy ludzie i wszystkie organy społeczeństwa - mając stale w pamięci niniejszą Deklarację - dążyły w drodze nauczania i wychowywania do rozwijania poszanowania tych praw i wolności i aby zapewniły za pomocą postępowych środków o zasięgu krajowym i międzynarodowym powszechne i skuteczne uznanie i stosowanie tej Deklaracji zarówno wśród narodów Państw Członkowskich, jak i wśród narodów zamieszkujących obszary podległe ich władzy.</para>
   </preamble>
   <article number="1">
      <title>Artykuł 1</title>
      <para>Wszyscy ludzie rodzą się wolni i równi pod względem swej godności i swych praw. Są oni obdarzeni rozumem i sumieniem i powinni postępować wobec innych w duchu braterstwa.</para>
   </article>
   <article number="2">
      <title>Artykuł 2</title>
      <para>Każdy człowiek posiada wszystkie prawa i wolności zawarte w niniejszej Deklaracji bez względu na jakiekolwiek różnice rasy, koloru, płci, języka, wyznania, poglądów politycznych i innych, narodowości, pochodzenia społecznego, majątku, urodzenia lub jakiegokolwiek innego stanu.</para>
      <para>Nie wolno ponadto czynić żadnej różnicy w zależności od sytuacji politycznej, prawnej lub międzynarodowej kraju lub obszaru, do którego dana osoba przynależy, bez względu na to, czy dany kraj lub obszar jest niepodległy, czy też podlega systemowi powiernictwa, nie rządzi się samodzielnie lub jest w jakikolwiek sposób ograniczony w swej niepodległości.</para>
   </article>
   <article number="3">
      <title>Artykuł 3</title>
      <para>Każdy człowiek ma prawo do życia, wolności i bezpieczeństwa swej osoby.</para>
   </article>
   <article number="4">
      <title>Artykuł 4</title>
      <para>Nie wolno nikogo czynić niewolnikiem ani nakładać na nikogo służebności; niewolnictwo i handel niewolnikami są zakazane we wszystkich swych postaciach.</para>
   </article>
   <article number="5">
      <title>Artykuł 5</title>
      <para>Nie wolno nikogo torturować ani karać lub traktować w sposób okrutny, nieludzki lub poniżający.</para>
   </article>
   <article number="6">
      <title>Artykuł 6</title>
      <para>Każdy człowiek ma prawo do uznawania wszędzie jego osobowości prawnej.</para>
   </article>
   <article number="7">
      <title>Artykuł 7</title>
      <para>Wszyscy są równi wobec prawa i mają prawo, bez jakiejkolwiek różnicy, do jednakowej ochrony prawnej. Wszyscy mają prawo do jednakowej ochrony przed jakąkolwiek dyskryminacją, będącą pogwałceniem niniejszej Deklaracji, i przed jakimkolwiek narażeniem na taką dyskryminację.</para>
   </article>
   <article number="8">
      <title>Artykuł 8</title>
      <para>Każdy człowiek ma prawo do skutecznego odwoływania się do kompetentnych sądów krajowych przeciw czynom stanowiącym pogwałcenie podstawowych praw przyznanych mu przez konstytucję lub przez prawo.</para>
   </article>
   <article number="9">
      <title>Artykuł 9</title>
      <para>Nikogo nie wolno samowolnie aresztować, zatrzymać lub wygnać z kraju.</para>
   </article>
   <article number="10">
      <title>Artykuł 10</title>
      <para>Każdy człowiek ma na warunkach całkowitej równości prawo, aby przy rozstrzyganiu o jego prawach i zobowiązaniach lub o zasadności wysuwanego przeciw niemu oskarżenia o popełnienie przestępstwa być słuchanym sprawiedliwie i publicznie przez niezależny i bezstronny sąd.</para>
   </article>
   <article number="11">
      <title>Artykuł 11</title>
      <orderedlist>
         <listitem>
            <para>Każdy człowiek oskarżony o popełnienie przestępstwa ma prawo, aby uznawano go za niewinnego dopóty, dopóki nie udowodni mu się winy zgodnie z prawem podczas publicznego procesu, w którym zapewniono mu wszystkie konieczne środki obrony.</para>
         </listitem>
         <listitem>
            <para>Nikt nie może być skazany za przestępstwo z powodu działania lub zaniechania nie stanowiącego w chwili jego dokonania przestępstwa według prawa krajowego lub międzynarodowego. Nie wolno także wymierzać kary wyższej niż ta, która była przewidziana w chwili popełnienia przestępstwa.</para>
         </listitem>
      </orderedlist>
   </article>
   <article number="12">
      <title>Artykuł 12</title>
      <para>Nie wolno ingerować samowolnie w czyjekolwiek życie prywatne, rodzinne, domowe, ani w jego korespondencję, ani też uwłaczać jego honorowi lub dobremu imieniu. Każdy człowiek ma prawo do ochrony prawnej przeciwko takiej ingerencji lub uwłaczaniu.</para>
   </article>
   <article number="13">
      <title>Artykuł 13</title>
      <orderedlist>
         <listitem>
            <para>Każdy człowiek ma prawo swobodnego poruszania się i wyboru miejsca zamieszkania w granicach każdego Państwa.</para>
         </listitem>
         <listitem>
            <para>Każdy człowiek ma prawo opuścić jakikolwiek kraj, włączając w to swój własny, i powrócić do swego kraju.</para>
         </listitem>
      </orderedlist>
   </article>
   <article number="14">
      <title>Artykuł 14</title>
      <orderedlist>
         <listitem>
            <para>Każdy człowiek ma prawo ubiegać się o azyl i korzystać z niego w innym kraju w razie prześladowania.</para>
         </listitem>
         <listitem>
            <para>Nie można powoływać się na to prawo w przypadku ścigania wszczętego rzeczywiście z powodu popełnienia przestępstwa pospolitego lub czynu sprzecznego z celami i zasadami Organizacji Narodów Zjednoczonych.</para>
         </listitem>
      </orderedlist>
   </article>
   <article number="15">
      <title>Artykuł 15</title>
      <orderedlist>
         <listitem>
            <para>Każdy człowiek ma prawo do posiadania obywatelstwa.</para>
         </listitem>
         <listitem>
            <para>Nie wolno nikogo pozbawiać samowolnie obywatelstwa ani nikomu odmawiać prawa do zmiany obywatelstwa.</para>
         </listitem>
      </orderedlist>
   </article>
   <article number="16">
      <title>Artykuł 16</title>
      <orderedlist>
         <listitem>
            <para>Mężczyźni i kobiety bez względu na jakiekolwiek różnice rasy, narodowości lub wyznania mają prawo po osiągnięciu pełnoletności do zawarcia małżeństwa i założenia rodziny. Mają oni równe prawa w odniesieniu do zawierania małżeństwa, podczas jego trwania i po jego ustaniu.</para>
         </listitem>
         <listitem>
            <para>Małżeństwo może być zawarte jedynie za swobodnie wyrażoną pełną zgodą przyszłych małżonków.</para>
         </listitem>
         <listitem>
            <para>Rodzina jest naturalną i podstawową komórką społeczeństwa i ma prawo do ochrony ze strony społeczeństwa i Państwa.</para>
         </listitem>
      </orderedlist>
   </article>
   <article number="17">
      <title>Artykuł 17</title>
      <orderedlist>
         <listitem>
            <para>Każdy człowiek, zarówno sam jak i wespół z innymi, ma prawo do posiadania własności.</para>
         </listitem>
         <listitem>
            <para>Nie wolno nikogo samowolnie pozbawiać jego własności.</para>
         </listitem>
      </orderedlist>
   </article>
   <article number="18">
      <title>Artykuł 18</title>
      <para>Każdy człowiek ma prawo wolności myśli, sumienia i wyznania; prawo to obejmuje swobodę zmiany wyznania lub wiary oraz swobodę głoszenia swego wyznania lub wiary bądź indywidualnie, bądź wespół z innymi ludźmi, publicznie i prywatnie, poprzez nauczanie, praktykowanie, uprawianie kultu i przestrzeganie obyczajów.</para>
   </article>
   <article number="19">
      <title>Artykuł 19</title>
      <para>Każdy człowiek ma prawo wolności opinii i wyrażania jej; prawo to obejmuje swobodę posiadania niezależnej opinii, poszukiwania, otrzymywania i rozpowszechniania informacji i poglądów wszelkimi środkami, bez względu na granice.</para>
   </article>
   <article number="20">
      <title>Artykuł 20</title>
      <orderedlist>
         <listitem>
            <para>Każdy człowiek ma prawo spokojnego zgromadzania i stowarzyszania się.</para>
         </listitem>
         <listitem>
            <para>Nikogo nie można zmuszać do należenia do jakiegoś stowarzyszenia.</para>
         </listitem>
      </orderedlist>
   </article>
   <article number="21">
      <title>Artykuł 21</title>
      <orderedlist>
         <listitem>
            <para>Każdy człowiek ma prawo do uczestniczenia w rządzeniu swym krajem bezpośrednio lub poprzez swobodnie wybranych przedstawicieli.</para>
         </listitem>
         <listitem>
            <para>Każdy człowiek ma prawo równego dostępu do służby publicznej w swym kraju.</para>
         </listitem>
         <listitem>
            <para>Wola ludu jest podstawą władzy rządu; wola ta wyraża się w przeprowadzanych okresowo rzetelnych wyborach, opartych na zasadzie powszechności, równości i tajności, lub na innej równorzędnej procedurze, zapewniającej wolność wyborów.</para>
         </listitem>
      </orderedlist>
   </article>
   <article number="22">
      <title>Artykuł 22</title>
      <para>Każdy człowiek ma jako członek społeczeństwa prawo do ubezpieczeń społecznych; ma również prawo do urzeczywistniania - poprzez wysiłek narodowy i współpracę międzynarodową oraz zgodnie z organizacją i zasobami każdego Państwa - swych praw gospodarczych, społecznych i kulturalnych, niezbędnych dla jego godności i swobodnego rozwoju jego osobowości.</para>
   </article>
   <article number="23">
      <title>Artykuł 23</title>
      <orderedlist>
         <listitem>
            <para>Każdy człowiek ma prawo do pracy, do swobodnego wyboru pracy, do odpowiednich i zadowalających warunków pracy oraz do ochrony przed bezrobociem.</para>
         </listitem>
         <listitem>
            <para>Każdy człowiek, bez względu na jakiekolwiek różnice, ma prawo do równej płacy za równą pracę.</para>
         </listitem>
         <listitem>
            <para>Każdy pracujący ma prawo do odpowiedniego i zadowalającego wynagrodzenia, zapewniającego jemu i jego rodzinie egzystencję odpowiadającą godności ludzkiej i uzupełnianego w razie potrzeby innymi środkami pomocy społecznej.</para>
         </listitem>
         <listitem>
            <para>Każdy człowiek ma prawo do tworzenia związków zawodowych i do przystępowania do związków zawodowych dla ochrony swych interesów.</para>
         </listitem>
      </orderedlist>
   </article>
   <article number="24">
      <title>Artykuł 24</title>
      <para>Każdy człowiek ma prawo do urlopu i wypoczynku, włączając w to rozsądne ograniczenie godzin pracy i okresowe płatne urlopy.</para>
   </article>
   <article number="25">
      <title>Artykuł 25</title>
      <orderedlist>
         <listitem>
            <para>Każdy człowiek ma prawo do stopy życiowej zapewniającej zdrowie i dobrobyt jego i jego rodziny, włączając w to wyżywienie, odzież, mieszkanie, opiekę lekarską i konieczne świadczenia socjalne, oraz prawo do ubezpieczenia na wypadek bezrobocia, choroby, niezdolności do pracy, wdowieństwa, starości lub utraty środków do życia w inny sposób od niego niezależny.</para>
         </listitem>
         <listitem>
            <para>Matka i dziecko mają prawo do specjalnej opieki i pomocy. Wszystkie dzieci, zarówno małżeńskie jak i pozamałżeńskie, korzystają z jednakowej ochrony społecznej.</para>
         </listitem>
      </orderedlist>
   </article>
   <article number="26">
      <title>Artykuł 26</title>
      <orderedlist>
         <listitem>
            <para>Każdy człowiek ma prawo do nauki. Nauka jest bezpłatna, przynajmniej na stopniu podstawowym. Nauka podstawowa jest obowiązkowa. Oświata techniczna i zawodowa jest powszechnie dostępna, a studia wyższe są dostępne dla wszystkich na zasadzie równości w zależności od zalet osobistych.</para>
         </listitem>
         <listitem>
            <para>Celem nauczania jest pełny rozwój osobowości ludzkiej i ugruntowanie poszanowania praw człowieka i podstawowych wolności. Krzewi ono zrozumienie, tolerancję i przyjaźń między wszystkimi narodami, grupami rasowymi lub religijnymi; popiera działalność Organizacji Narodów Zjednoczonych zmierzającą do utrzymania pokoju.</para>
         </listitem>
         <listitem>
            <para>Rodzice mają prawo pierwszeństwa w wyborze nauczania, które ma być dane ich dzieciom.</para>
         </listitem>
      </orderedlist>
   </article>
   <article number="27">
      <title>Artykuł 27</title>
      <orderedlist>
         <listitem>
            <para>Każdy człowiek ma prawo do swobodnego uczestniczenia w życiu kulturalnym społeczeństwa, do korzystania ze sztuki, do uczestniczenia w postępie nauki i korzystania z jego dobrodziejstw.</para>
         </listitem>
         <listitem>
            <para>Każdy człowiek ma prawo do ochrony moralnych i materialnych korzyści wynikających z jakiejkolwiek jego działalności naukowej, literackiej lub artystycznej.</para>
         </listitem>
      </orderedlist>
   </article>
   <article number="28">
      <title>Artykuł 28</title>
      <para>Każdy człowiek ma prawo do takiego porządku społecznego i międzynarodowego, w którym prawa i wolności zawarte w niniejszej Deklaracji byłyby w pełni realizowane.</para>
   </article>
   <article number="29">
      <title>Artykuł 29</title>
      <orderedlist>
         <listitem>
            <para>Każdy człowiek ma obowiązki wobec społeczeństwa, bez którego niemożliwy jest swobodny i pełny rozwój jego osobowości.</para>
         </listitem>
         <listitem>
            <para>W korzystaniu ze swych praw i wolności każdy człowiek podlega jedynie takim ograniczeniom, które są ustalone przez prawo wyłącznie w celu zapewnienia odpowiedniego uznania i poszanowania praw i wolności innych i w celu uczynienia zadość słusznym wymogom moralności, porządku publicznego i powszechnego dobrobytu demokratycznego społeczeństwa.</para>
         </listitem>
         <listitem>
            <para>Z niniejszych praw i wolności nie wolno w żadnym przypadku korzystać w sposób sprzeczny z celami i zasadami Organizacji Narodów Zjednoczonych.</para>
         </listitem>
      </orderedlist>
   </article>
   <article number="30">
      <title>Artykuł 30</title>
      <para>Żadnego z postanowień niniejszej Deklaracji nie można rozumieć jako udzielającego jakiemukolwiek Państwu, grupie lub osobie jakiegokolwiek prawa do podejmowania działalności lub wydawania aktów zmierzających do obalenia któregokolwiek z praw i wolności zawartych w niniejszej Deklaracji.</para>
   </article>
</udhr>