<?xml version="1.0" encoding="UTF-8"?>

<!--© The Office of the High Commisioner for Human Rights-->

<udhr iso639-3='nno' xml:lang='nn' key='nno' n='Norwegian, Nynorsk' xmlns="http://www.unhchr.ch/udhr">
   <title>DEN INTERNASJONALE FRÅSEGNA OM MENNESKERETTANE</title>
   <preamble>
      <title>INNLEIING</title>
      <para>Då det å godkjenne det naturlege menneskeverdet med like og umissande rettar for alle menneske på jorda er grunnlaget for fridom, rettferd og fred i verda,</para>
      <para>og då hån og vørdsløyse mot menneskerettane har ført til barbariske handlingar som har skaka samvitet til menneskeretta, er framvoksteren i den verda der menneska skal ha talefridom og trusfridom og vere løyste frå otte og naud, kunngjord som det høgste målet for kvart menneske,</para>
      <para>og då det er nødvendig at menneskerettane blir verna om av lover slik at menneska ikkje blir tvinga til å finne den siste utvegen i å gjere opprør mot tyranni og trælekår,</para>
      <para>og då det er nødvendig å arbeide for betre tilhøve mellom nasjonane,</para>
      <para>og då folka i Dei Sameinte Nasjonane har stadfest trua si i denne pakta, på grunnleggjande menneskerettar, på menneskeverd og på same rett for mann og kvinne, og har vedteke å arbeide for sosiale framsteg og betre levevilkår i større fridom,</para>
      <para>og då medlemsstatane har bunde seg til å fremje allmenn vørdnad for pakta og halde seg etter menneskerettane og den grunnleggjande fridomen i samarbeid med Dei Sameinte Nasjonane,</para>
      <para>og då denne retten og fridomen må bli godkjend av alle dersom pakta skal bli røyndom,</para>
      <para>KUNNGJER</para>
      <para>GENERALFORSAMLINGA</para>
      <para>DEN INTERNASJONALE FRÅSEGNA OM MENNESKERETTANE, som skal peike mot eit sams mål for alle folk og nasjonar. Fråsegna må alltid vere i tankane til den einskilde og dei styrande og få dei til å styrkje vørdnaden for rett og fridom gjennom undervisning og oppseding. Dei skal syte for at fråsegna blir allment kjend og etterlevd både i medlemslanda og i tilsynsområda, og arbeide trufast med dette både på nasjonalt og internasjonalt grunnlag.</para>
   </preamble>
   <article number="1">
      <title>Artikkel 1.</title>
      <para>Alle menneske er fødde til fridom og med same menneskeverd og menneskerettar. Dei har fått fornuft og samvit og skal leve med kvarandre som brør.</para>
   </article>
   <article number="2">
      <title>Artikkel 2.</title>
      <para>Kvar einskild har krav på all den rett og fridom som fråsegna nemner, utan skilnad av noko slag på grunn av rase, farge, kjønn, språk, religion, politisk syn eller anna meining, nasjonalt eller sosialt opphav, eigedom, fødsel eller andre tilhøve.</para>
      <para>Den politiske stoda, lovverket eller dei internasjonale påboda eit land lever under, kan ikkje vere påskott til at det blir gjort skilnad på nokon i det landet eller området han høyrer til, anten landet har sjølvstende, står under tilsyn, er ikkje-sjølvstyrt eller sjølvstyret er avgrensa på nokon annan måte.</para>
   </article>
   <article number="3">
      <title>Artikkel 3.</title>
      <para>Alle har rett til liv, fridom og personleg tryggleik.</para>
   </article>
   <article number="4">
      <title>Artikkel 4.</title>
      <para>Ingen skal haldast i slaveri eller trældom. Slaveri og slavehandel av alle slag er forbode.</para>
   </article>
   <article number="5">
      <title>Artikkel 5.</title>
      <para>Ingen må torturerast, pinast eller straffast på umenneskeleg eller nedsetjande vis.</para>
   </article>
   <article number="6">
      <title>Artikkel 6.</title>
      <para>Alle menneske har krav på at domstolane alle stader godtek dei som rettssubjekt.</para>
   </article>
   <article number="7">
      <title>Artikkel 7.</title>
      <para>Alle er like for lova og har krav på same rettsvern, utan skilnad av noko slag. Alle har krav på same vern mot at det blir gjort skilnad på folk i strid med denne fråsegna, og vern mot tiltak som ber i seg ein slik fare.</para>
   </article>
   <article number="8">
      <title>Artikkel 8.</title>
      <para>Alle har rett til å få fullgod hjelp frå dei lovlege nasjonale domstolane når det gjeld handlingar som krenkjer den retten den einskilde har fått i grunnlova eller lovverket elles.</para>
   </article>
   <article number="9">
      <title>Artikkel 9.</title>
      <para>Ingan må utan lov og rett arresterast, setjast i fengsel eller visast ut or landet.</para>
   </article>
   <article number="10">
      <title>Artikkel 10.</title>
      <para>Alle har same rett til å få saka si rettferdig og offentleg granska av ein sjølvstendig og upartisk domstol, både når det er pliktene og retten til den einskilde som skal fastsetjast, og når det er reist klagemål mot han.</para>
   </article>
   <article number="11">
      <title>Artikkel 11.</title>
      <orderedlist>
         <listitem>
            <para>Den som er klaga for ei straffbar handling, har rett til å bli rekna som skuldlaus til ein offentleg domstol, der han har fått full trygd for retten til å forsvare seg, har prova at han er skuldig etter lova.</para>
         </listitem>
         <listitem>
            <para>Ingen skal kjennast skuldig i ei straffbar handling når det han har gjort eller forsømt ikkje streid mot nasjonal lov eller folkeretten på den tida det hende. Han må heller ikkje dømast hardare enn det lova gav høve til då den straffbare handlinga vart utførd.</para>
         </listitem>
      </orderedlist>
   </article>
   <article number="12">
      <title>Artikkel 12.</title>
      <para>Ingen skal lide under vilkårleg innblanding frå andre, anten det gjeld hans eigen person, familie, heim, brevskifte, eller åtak på ære og omdøme. Alle har krav på at lova vernar dei mot slik innblanding eller slike åtak.</para>
   </article>
   <article number="13">
      <title>Artikkel 13.</title>
      <orderedlist>
         <listitem>
            <para>Alle menneske har rett til å ferdast fritt og til å velje bustad innafor grensene i sitt eige land.</para>
         </listitem>
         <listitem>
            <para>Det skal også vere full rett til å reise ut or det landet ein bur i, same kva land det er, og til å vende attende til sitt eige land.</para>
         </listitem>
      </orderedlist>
   </article>
   <article number="14">
      <title>Artikkel 14.</title>
      <orderedlist>
         <listitem>
            <para>Alle som blir forfølgde har rett til å søkje og ta imot asyl i eit anna land.</para>
         </listitem>
         <listitem>
            <para>Denne retten gjeld ikkje i rettssakar som har røynleg grunnlag i upolitiske brotsverk eller handlingar som strir mot formålet og prinsippet til Dei Sameinte Nasjonane.</para>
         </listitem>
      </orderedlist>
   </article>
   <article number="15">
      <title>Artikkel 15.</title>
      <orderedlist>
         <listitem>
            <para>Alle har rett til eit statsborgarskap.</para>
         </listitem>
         <listitem>
            <para>Ingen skal misse statsborgarskapet sitt vilkårleg, eller bli nekta retten til å endre det.</para>
         </listitem>
      </orderedlist>
   </article>
   <article number="16">
      <title>Artikkel 16.</title>
      <orderedlist>
         <listitem>
            <para>Vaksne menn og kvinner har rett til å gifte seg og skipe familie utan avgrensing av noko slag på grunn av rase, nasjonalitet eller religion. Dei har krav på dei same rettane når det gjeld ekteskapet, både så lenge ekteskapet varer og medan det blir løyst opp.</para>
         </listitem>
         <listitem>
            <para>Ekteskapet må berre kome i stand etter fritt og fullt samtykke frå begge partar.</para>
         </listitem>
         <listitem>
            <para>Familien er den naturlege og grunnleggjande eininga i samfunnet og har krav på at staten og samfunnet vernar om det.</para>
         </listitem>
      </orderedlist>
   </article>
   <article number="17">
      <title>Artikkel 17.</title>
      <orderedlist>
         <listitem>
            <para>Alle har rett til å ha eigedom åleine og saman med andre.</para>
         </listitem>
         <listitem>
            <para>Ingen skal vilkårleg bli fråteken eigedomen sin.</para>
         </listitem>
      </orderedlist>
   </article>
   <article number="18">
      <title>Artikkel 18.</title>
      <para>Alle har rett til tankefridom, samvitsfridom og religionfridom. Denne retten gjeld fridom til å endre religion eller tru, og fridom til å målbere sin eigen religion eller si eiga truslære i gjerning og framferd, anten åleine eller saman med andre, offentleg eller privat.</para>
   </article>
   <article number="19">
      <title>Artikkel 19.</title>
      <para>Alle skal ha meinings- og ytringsfridom. Denne retten gjeld fridom til å ha meiningar utan innblanding, til å søkje, ta imot og gjere kjent opplysningar og idear gjennom alle dei informasjonskanalar som finst, og på tvers av alle grenser.</para>
   </article>
   <article number="20">
      <title>Artikkel 20.</title>
      <orderedlist>
         <listitem>
            <para>Alle har rett til fritt å vere med på møte og i organisasjonar med fredelege formål.</para>
         </listitem>
         <listitem>
            <para>Ingen kan tvingast inn i ein organisasjon.</para>
         </listitem>
      </orderedlist>
   </article>
   <article number="21">
      <title>Artikkel 21.</title>
      <orderedlist>
         <listitem>
            <para>Alle skal ha rett til å vere med på å styre landet sitt, beinveges eller gjennom talsmenn som er peika ut i frie val.</para>
         </listitem>
         <listitem>
            <para>Alle skal ha same retten til å gjere teneste i offentlege ombod i landet sitt.</para>
         </listitem>
         <listitem>
            <para>Folkeviljen skal vere grunnlaget for den makta som er lagd til styremaktene. Folkeviljen skal kome til syne gjennom regelfaste og røynlege val, som er grunna på allmenn og lik røysterett i løynlege val eller på annan jamgod røystemåte.</para>
         </listitem>
      </orderedlist>
   </article>
   <article number="22">
      <title>Artikkel 22.</title>
      <para>Kvar einskild medlem i samfunnet har rett til sosial tryggleik, og har krav på at dei økonomiske, sosiale og kulturelle godane, som han ikkje kan vere utan om han skal ha vørdnad for seg sjølv og styrke den personlege karakteren sin, blir løyste gjennom nasjonale tiltak og internasjonalt samarbeid i samsvar med det kvar stat maktar.</para>
   </article>
   <article number="23">
      <title>Artikkel 23.</title>
      <orderedlist>
         <listitem>
            <para>Alle har rett til arbeid, til fritt å velje yrke, til rettferdige og gode arbeidstilhøve og vern mot arbeidsløyse.</para>
         </listitem>
         <listitem>
            <para>Alle har same rett til å få lik betaling for likt arbeid, utan skilnad av noko slag.</para>
         </listitem>
         <listitem>
            <para>Den som arbeider har krav på rettferdig og god betaling, så han kan syte for familien sin og seg sjølv på ein menneskeverdig måte, og om det trengst, få hjelp gjennom andre og utfyllande sosiale midlar.</para>
         </listitem>
         <listitem>
            <para>Alle har rett til å skipe og melde seg inn i fagforeningar for å verne interessene sine.</para>
         </listitem>
      </orderedlist>
   </article>
   <article number="24">
      <title>Artikkel 24.</title>
      <para>Alle har rett til kvile og fritid, og dermed til ei rimeleg avgrensa arbeidstid, og til ferie med løn.</para>
   </article>
   <article number="25">
      <title>Artikkel 25.</title>
      <orderedlist>
         <listitem>
            <para>Alle har rett til ein levestandard som kan tryggje helsa og velværet til forsytaren og familien hans, og gje dei mat, klede, hus, helsestell og nødvendige sosiale trygder ved arbeidsløyse, uføre, dødsfall, alderdom eller andre tilhøve som skiplar livskåra, og som forsytaren ikkje er herre over.</para>
         </listitem>
         <listitem>
            <para>Mor og barn har rett til særskild omsorg og hjelp. Alle barn skal ha same sosiale vern, anten dei er fødde i eller utafor ekteskapet.</para>
         </listitem>
      </orderedlist>
   </article>
   <article number="26">
      <title>Artikkel 26.</title>
      <orderedlist>
         <listitem>
            <para>Alle har rett til undervisning. Opplæringa skal vere kostnadsfri, i det minste i den allmenne grunnskulen. Den elementære undervisninga skal vere pliktig for alle. Alle skal ha høve til å få fagopplæring, og det skal vere like vilkår for alle til å få høgre utdaning, alt etter dei evnene dei har.</para>
         </listitem>
         <listitem>
            <para>Undervisninga skal ha til mål å styrkje den menneskelege personlegdomen og auke vørdnaden for menneskerettane og den grunnleggjande fridomen, fremje skjønsemd, toleranse og venskap mellom alle nasjonar, folkeslag og religiøse grupper og stø fredsarbeidet til Dei Sameinte Nasjonane.</para>
         </listitem>
         <listitem>
            <para>Foreldra har førsteretten til å velje kva slag opplæring barna deira skal få.</para>
         </listitem>
      </orderedlist>
   </article>
   <article number="27">
      <title>Artikkel 27.</title>
      <orderedlist>
         <listitem>
            <para>Alle har rett til fritt å vere med i det kulturelle livet i samfunnet, til å nyte kunst og til å få sin part av dei vitskaplege nyvinningane og godane som følgjer med dei.</para>
         </listitem>
         <listitem>
            <para>Kvar einskild har rett til å få verna dei moralske og materielle interessene som han har skapt seg gjennom vitskapleg, litterært eller kunstnarleg arbeid.</para>
         </listitem>
      </orderedlist>
   </article>
   <article number="28">
      <title>Artikkel 28.</title>
      <para>Alle har krav på å få leve under slike sosiale kår og internasjonale tilhøve at dei fullt ut kan gjere til røyndom retten og fridomen i denne fråsegna.</para>
   </article>
   <article number="29">
      <title>Artikkel 29.</title>
      <orderedlist>
         <listitem>
            <para>Alle har plikter andsynes samfunnet, då personlegdomen til den einskilde einast der kan få frie og fullgode voksterkår.</para>
         </listitem>
         <listitem>
            <para>Retten og fridomen til den einskilde skal ikkje vere avgrensa av anna enn det lova tydeleg slår fast for å tryggje den vørdnaden alle andre har krav på når det gjeld rett og fridom, og dei krav som eit demokratisk samfunn med rette kan setje til moral, offentleg orden og allmenn velferd.</para>
         </listitem>
         <listitem>
            <para>Denne retten og fridomen kan ikkje i noko høve nyttast i strid med formålet og prinsippet til Dei Sameinte Nasjonane.</para>
         </listitem>
      </orderedlist>
   </article>
   <article number="30">
      <title>Artikkel 30.</title>
      <para>Ikkje noko i denne fråsegna må tolkast slik at det gjev stat, grupper eller einskildmenneske rett til å vere med på tiltak eller handlingar av noko slag som har til mål å øydeleggje den retten og fridomen som denne fråsegna stadfester.</para>
   </article>
</udhr>