<?xml version="1.0" encoding="UTF-8"?>

<!--© The Office of the High Commisioner for Human Rights-->

<udhr iso639-3='boa' xml:lang='boa' key='boa' n='Bora' xmlns="http://www.unhchr.ch/udhr">
   <title>Muhdú pámeere páné iiñújɨri ijcyáné mɨ́amúnaa meíjcyáiyóne</title>
   <preamble>
      <title>Tujkénúeju</title>
      <para>Ɨ́hyaamtɨ́ pañétú caatúváné páné iñújɨ́Ȉ́ne múnáadítyúu tsaate tsatsíhvú idyóbéévéne muhdú mɨ́amúnaa meijcyáiyóné pityácójcatsíñe.</para>
      <para>Ditsiééberédípye 10-ri 1948 íjcyáné pijcyábari tsaate páné iñújɨ́Ȉ́né túkevéjtsojtédítyú píhcyaavé ipítyácójcatsí muhdú mɨ́amúnaa meíjcyáiyóne. Á;áné dobéévé "Naciones Unidas" néémeé. Aaméhjáa téijyu caatúnú 30-neva mɨ́amúnaa maávyejúúlléíyonéhjɨ. Aanéhjáa imí ɨɨ́jtsúcunúnéllii nééme ténehjɨ páné iñújɨ́Ȉ́ne múnáake iúúbállémeíki. Téhduréhjáa nééme ténehjɨ cáátúnúmeíháámɨ́ pahúllevávú pámehdívúré itsújááve téhaamɨ ditye patsɨ́hjɨvávúré iééveki.</para>
      <para>Á;áné boonétúhjáa iñe méiiñújɨ́ túkevéjtsojte téhdure ipíhcyáávéne néé páneere 30-neváa cáátúnúmeíñé muhdú néhdu meíjcyáiyóné méiiñújɨ́ri.</para>
      <para>Aane ténehjɨ méwáábyuta ijcyáhi. Á;nehjɨ múu ímíñeúvú iwáájácúne tehdu ijcyáhi. Aane tsá múu íhdyivúré pícyootúne. Múu íñahbémudívú pajtyétsó ténehjɨ ditye iwáájácúne tehdu iíjcyaki.</para>
      <para>Pityájcoju ɨ́hdénúmeíñe</para>
      <para>Muurá pámeere tsáápiitsa méboohówama meíjcyane mewáájácúmeícyá botsíi máájɨ́yúinɨ́ɨyá muhdú imí meíjcyáiyóne. Á;ánéllii tsá tsaate tsíjtyé hójtsɨ́ pañe meɨ́cyáítyuró ɨ́cubáhrádu. Tsá tsaate tsíjtyedi meɨ́cúbáhráítyuróne. Ɨ́llure mépɨ́áábójcatsíiyá pámeemáyé imí meíjcya tútávátsójcatsítyúme.</para>
      <para>Á;rone teene méboohówá íjcyaróné mewáájácútúné nɨ́jcaúvú muurá tsaate muhdú imí meíjcyáiyódú íjcyatúmé illure tsaatédí ɨcúbáhrahíjcyáhi. Aane ehdu ditye méénune pámeere mɨ́amúnáadivuro ímityúne. Muurá pámeere ííñujɨri íjcyáné mɨ́amúnaa méijyácunúrá tsaímíyé meíjcyáíyóneri. Tsá múha méhdivu túútaválléítyuró meíhjyuvánee, ɨɨná mecáhcujtsónee, íjcyane. Aame tsá ɨ́Ȉ́neri meíllityéítyuróne. Tsá pɨhtójú pañe meíjcyáityuróne. Ehdu meíjcyane pámeere mɨ́amúnaa imí méɨjtsúcunúhi.</para>
      <para>Ehdu ímityúné medárɨ́Ȉ́véjcatsííyóné ɨhdétú íjcyáiyóné mééma túkevéjtsojúúne. Muurá tsaate ímityúné meke méénúhajchíí téénej tééveri tsaímíyé méímíbáchójcatsíhi. Muurá tene ijcyátuca tsáijyu máavyéjujte íjcyárómema mémúnáátsójcatsíiyáhi.</para>
      <para>Aane mewáájácucáró téénej tééveri pahúllevá iñújɨ́Ȉ́ne múnáama imí meíjcyáiyáhi. Tsá tsaatéké menéhnílléítyuróne. Muurá pámeere mɨ́amúnaa ííñújɨri meíjcyame méimíllé tsahdúré imí meíjcyáiyóne.</para>
      <para>Muuráhjáa 'Páné Iñújɨ́Ȉ́ne Múnáá Pihcyááve' némeiñé pañe tsúúca ɨ́tsaavémé muhdú pámeere mɨ́amúnaa wajpíimumáyé walléémú meíjcyame tsahdúré maávyejúúlléjcatsíiyóne. Aame mépɨ́áábójcatsíiyá panéjcuvávú tsahdúré pámeere imí meíjcyaki. Á;áné pityájcoju iñe muhdú mɨ́amúnáake mepɨ́áábóíyóné tsúúca mééma íjcyáneri méwaajácutsó páhduube cómíñe múnáajpi méboohówama meíjcyane ditye iávyejúúlléne icyáhcújtso imí iíjcyaki.</para>
      <para>Muuráhjáa 'Páné Iñújɨ́Ȉ́ne Múnáá Pihcyááve' némeiñé pañe íjcyame néé páhduube cómíñe múnáajpi méboohówama, méɨjtsútuma, meíjcyame maávyejúúlléjcatsímyé múhójtsɨ́ pañé meíjcyátuki. Aamée pítyácójcatsí muhdú mɨ́amúnáake ɨpɨ́ááboíñé imí ditye iíjcyaki.</para>
      <para>Aane ɨ́mɨááné tehdújuco pámeere wáájácúiyóné muhdú túkevéjtsoju néhdu meíjcyame maávyejúúlléjcatsíiyóne.</para>
      <para>Ahdícyane 'Páné Iñújɨ́Ȉ́ne Múnáá Pihcyááve' némeiñé pañe íjcyame néé ténehjɨ néhdu páhduube ííñújɨri íjcyáné mɨ́amúnáajpi méíjcyáiyóné méwáábyuta tene íjcyánélliíhye. Á;áneri meljyacunúiyá muhdú tene néhdu meíjcyáíyóneri. Á;hdure tsíjtyeke méúwáábóiyá méiiñújɨ múnaa íjcyátúróméhjɨmájuco ditye tehdu iíjcyaki. Ehdu imí méíjcyáiyá tsúúca teene mewáájacúmé teenéi wáájácutúmé pamévamáye.</para>
      <para>Á;áné túkevéjtsojúúné íllu nééhií:</para>
   </preamble>
   <article number="1">
      <title>1. Túkevéjtsoju</title>
      <para>Pámeere ííñújɨri meíjcyame tsá múhójɨ́sɨ́ pañé ɨ́cubáhrádú meíjcyáítyuróne. Pámeere tsahdúré imí meíjcyame mewájyújcatsíñe mépɨ́áábójcatsíiyá tsaatéké éhdɨ́Ȉ́válletúmé éhne múu mépañétúéné nahbémuma meíjcyadu.</para>
   </article>
   <article number="2">
      <title>2. Túkevéjtsoju</title>
      <para>Ɨ́ñe íhyaamɨ́tú muhdú tene cáátuvádú méíjcyáiyá pamévamáyé memúnaa íjcyátúrómema. Tsahdúré meɨjtsúcunúiyá pamévakéré wajpíímuke, walléémuke, pahdúváré méjpííhañe menéérómeke, pahdúváré meíhjyúvárómeke, muhdú Píívyéébeke cáhcújtsórómeke, tsáijyu múúne tsaate múhdurá túkevéjtsojtédítyú ɨ́jtsámeíyómeke, tsííñé iiñújɨ múnaa íjcyárómeke, ɨ́htsútúmeke, ɨ́dáátsórómeke, muhdɨ́ɨ́vátsihjɨ́vú tsɨ́ɨ́mávámeíyómeke; pámeekéré tsahdúré méɨjtsúcunúiyá tsaatéké éhdɨɨválletúme.</para>
      <para>Téhdure tsá múhdurá meɨjtsúcunúítyuró tsáijyu múúne tsaate túkevéjtsojte múhdurá íiiñújɨ múnáake túkévéjtsórómeke. Tsá ditye ítyaúhbajúúné múhdurá méénúróné pañe íjcyámeke meéhdɨɨválléítyuróne. Tsáné iiñújɨ múnaa tsaaté hójtsɨ́ pañe múhdurá íjcyárómeke tsá meéhdɨɨválléítyuróne. Tsahdúré méɨjtsúcunúiyá iiye túkévéjtsómeíyómema diityéke.</para>
   </article>
   <article number="3">
      <title>3. Túkevéjtsoju</title>
      <para>Páhduube imí méíjcyáiyáhi. Á;ámeke tsá múha ɨ́ɨ́nerí meke ipátsáríjcyómeke tútávájtsóítyuróne.</para>
   </article>
   <article number="4">
      <title>4. Túkevéjtsoju</title>
      <para>Tsá tsaate meke íhyójtsɨ́ pañévú pícyoome ɨ́cubáhrádú meíjcyame diityé ɨɨcúve múnaa meíjcyáítyuróne. Tsá muucá mɨ́amúnáadívú menáhjɨ́hénúítyuróne. Eene tsáma ávyeta tsá ímíllémeítyúne.</para>
   </article>
   <article number="5">
      <title>5. Túkevéjtsoju</title>
      <para>Tsá tsaatédí meɨ́cúbáhráítyuróne. Tsaatéké meúwáábócooca chooco méúwáábóiyáhi. Tsá meméénúítyuró iyáábeke múu méénudu.</para>
   </article>
   <article number="6">
      <title>6. Túkevéjtsoju</title>
      <para>Páhduube mɨ́amúnáajpi iñe méiiñújɨri ihdyícyátsii meíjcyarómé téhdure méijcyá teene túkevéjtsojúúné pañe. Aame mépiivyété tsaatéké menééne méwáábyuta pámé wáábyutáré tene íjcyane meke ɨpɨ́ááboki.</para>
   </article>
   <article number="7">
      <title>7. Túkevéjtsoju</title>
      <para>Tsáné ímibájchoju tsaatémá meméénúcooca tsá tsaatékéré mepɨ́áábóítyuróne. Pámeemáyé tsahdúré ímibájchoju méénúmeíiyá muhdú ímichi teene taúhbaju néjɨjtóri.</para>
   </article>
   <article number="8">
      <title>8. Túkevéjtsoju</title>
      <para>Pámeere mɨ́amúnáama ímítyúnéhjɨ́ ímibájchoobe ímíbájchóiyá tehdɨ́ɨ́vane diityémá pájtyécooca muhdú taúhbaju néhdu tsaatéké éhdɨɨvállétuubére.</para>
   </article>
   <article number="9">
      <title>9. Túkevéjtsoju</title>
      <para>Tsá tsaatéké peecútéré meékéévéne mecúvejáánúítyuróne. Téhdure tsá peecútéré tsaatéké méiiñújɨtu meíjchívyétsóítyuróne.</para>
   </article>
   <article number="10">
      <title>10. Túkevéjtsoju</title>
      <para>Tsaate tsíjtyé hallúvú ímítyúnéhjɨ́ ímibájchóóbeke úúbálléijvu dííbye éllevu péémema ímíñeúvúré ímíbájchóíyoobe muucá éhdɨɨvállétuubére. Á;rónáa ihdyu tsá dibye tsaatékéré pɨ́áábóítyuróne. Méénúíyoobe muhdú teene taúhbaju néhdu tsahdúré pámeemáye.</para>
   </article>
   <article number="11">
      <title>11. Túkevéjtsoju</title>
      <orderedlist>
         <listitem>
            <para>Tsaate tsíjtyé hallúvú imityúné úúbállécooca tsá peecútéré menééítyuro ɨ́mɨááné tehdújuco tene íjcyane. Tujkénú páñetu úúbállémeíiyómé muhdú tene íjcyane imíñeúvú mewáájácuki.</para>
         </listitem>
         <listitem>
            <para>Muuráhjáa taúhbajúi ímíñeúvú pánéévétúnáa tsaate múhdurá íjcyárómé hallúrí tsá pahdu ɨɨná íjcyatúne. Á;ijyúu ímityúné méénúomeke tsá ícyooca íjcyáné taúhbaju néjɨjtórí meúwáábóítyuróne. Méúwáábóiyá téijyúu íjcyáné taúhbaju néjɨ́jtóri. Á;rónáa ihdyu ícyooca tsaate ímityúné méénúhajchíí botsíi méúwáábóiyá muhdú ícyooca íjcyáné taúhbaju néjɨ́ijtóri.</para>
         </listitem>
      </orderedlist>
   </article>
   <article number="12">
      <title>12. Túkevéjtsoju</title>
      <para>Tsá tsaatéké ɨ́ɨ́nerí mepátsáríjcyóítyuróne; tsá tsaaté já mepátsáríjcyóítyuróne; tsá tsaate tsíjtye éllevu wállóóné waajácúhááimɨ́ meéévéítyuróne; tsá tsaatédítyú néhnijyu mewááóítyuróne. Ehdu nénéhɨ́ ɨhdétú ijcyáné mééma taúhbajúúné pámé wáábyuta meke tene ityéhmeki.</para>
   </article>
   <article number="13">
      <title>13. Túkevéjtsoju</title>
      <orderedlist>
         <listitem>
            <para>Tsáné iiñújɨri meíjcyame mépiivyété mepééiyóné kiávú méimilléhullévu. Aame méíjcyáiyá kiá meímíllétsihyi.</para>
         </listitem>
         <listitem>
            <para>Muurá paméváré mépiivyété tsííñé iiñújɨvu mepééiyóne. Aame méóómíiyá méiiñújivu meímíllécoóca. Aane tsá múha meke tsáhájtsóítyuróne. Muurá mépiivyété mepééne meímílléhajchíí téhulle meíjcyaki.</para>
         </listitem>
      </orderedlist>
   </article>
   <article number="14">
      <title>14. Túkevéjtsoju</title>
      <orderedlist>
         <listitem>
            <para>Muurá méiiñújɨri ɨ́cúbáhraméí pañe meíjcyáhajchíí mépiivyété mepééiyóné tsííñé iiñújɨvu. Á;áné iiñújɨ múnaa tsaímíyé meke waatsúcúpéjtsóiyá imí diityémá meíjcyaki. Tsá meke ditye cátúhtsópéjtsóítyuróne.</para>
         </listitem>
         <listitem>
            <para>Á;rónáa tsáijyu múúne méhdityúré íjcyane ímítyú medárɨ́ɨ́vémeíhijcyámé ihdyu tsá mepíívyetétú tsííñé iiñújɨvu mepééiyóne. Awááréjuco íñe muhdú íhyaamɨ́ pañétú tene néhdu meíjcyátúhajchíí muurá tsá mepééítyuróne.</para>
         </listitem>
      </orderedlist>
   </article>
   <article number="15">
      <title>15. Túkevéjtsoju</title>
      <orderedlist>
         <listitem>
            <para>Paméváré mɨ́amúnaa méijcyá tsáné iiñújɨ múnaa. Aane tsá múha meke nééítyuró tsáné iiñújɨ múnaa meíjcyatúne.</para>
         </listitem>
         <listitem>
            <para>Téhdure tsá múha meke peecútéré wállóóítyuró tsííñé iiñújɨvu. Téhdure idyé tsá múha meke nééjuri tsííñé iiñújɨ múnáajpíyéjuco meíjcyáítyuróne.</para>
         </listitem>
      </orderedlist>
   </article>
   <article number="16">
      <title>16. Túkevéjtsoju</title>
      <orderedlist>
         <listitem>
            <para>Paméváré mɨ́amúnaa wajpíímumáyé wallémú piivyété ityáábávájcatsíñé iééve úújetétsihvu iímílléhajchííjyu. Aame tsúúca tsája múnaa íjcyame piivyété ɨ́tsɨ́ɨ́maváne. Á;ánetu tsá múha diityéké tsáhájtsóítyuróne. Tsá muhdú tene néétu muutéhjɨ́ ditye íjcyane, muhdú Píívyéébeke ditye úraavyéne. Muurá pámeere piivyété tyáábávájcatsíñe. Aane diitye táábávájcatsímyé avyéjúúlléjcatsíiyá tsahdúre. Téhdure wáágóójcatsíyómé avyéjúúlléjcatsíiyá tsahdúre.</para>
         </listitem>
         <listitem>
            <para>Á;ánetu tsá muucá metáúhbáítyuró ditye ityáábávájcatsíki. Caatyé ityáábávájcatsíñé imillémé páñetu iiye iímílléhajchíí piivyete ityáábávájcatsíñe.</para>
         </listitem>
         <listitem>
            <para>Muurá ihdyu páñetu meíjcyájuco teene tsája múnaa meíjcyane. Aame pámeere méijcyá tsahdúré meiinujɨ́ túkevéjtsojɨ́é túkevéjtsójú pañe.</para>
         </listitem>
      </orderedlist>
   </article>
   <article number="17">
      <title>17. Túkevéjtsoju</title>
      <orderedlist>
         <listitem>
            <para>Muurá pámeere tsáápiitsa méijcyátsɨ́hjɨma méijcyáiyá meímílléhajchííjyu. Téhdure tsaaté múnaa iliñújɨma íjcyáiyá iímílléhajchííjyu. Aane tsá múha tsáhájtsóítyuróne.</para>
         </listitem>
         <listitem>
            <para>Aane tsá peecútéré múhdityú íijcyátsíí múha dójtúcúítyuróne.</para>
         </listitem>
      </orderedlist>
   </article>
   <article number="18">
      <title>18. Túkevéjtsoju</title>
      <para>Pámeere mɨ́amúnaa mépiivyété muhdú meɨ́jtsámeídyú meíjcyáiyóne, kéjɨjtórí Píívyéébeke meúráávyéiyóne. Téhdure mépiivyété tsájɨjtótú tsɨ́jɨjtóvú mepájɨ́yéiyóné muhdú meímillédu. Aame idyé mépiivyété ɨɨná meɨ́jtsámeíñeri, ɨɨná mecáhcújtsóneri meíhjyúváiyóné mééréétsihvu. Téhdure mépiivyété medóbéévétsihvu tsíjtyeke meúwáábóné keená eúráávyejɨ́jto.</para>
   </article>
   <article number="19">
      <title>19. Túkevéjtsoju</title>
      <para>Pámeere mépiivyété ɨ́ɨ́ná meɨ́jtsámeíñé meíjyújcaáyóiyóné tsijtye iwáájácuki. Aane muhdú meɨ́jtsámeíñé meíhjyúváné hallútú tsá múha meke tsárííléítyuróne. Muurá mépiivyété panéváré mewáájane. Téhdure mépiivyété muhdú tsíjtyé ɨ́jtsaméí íjcyane mewáájacúné waajácúhaamɨ́né meéévénej tééveri. Muurá idyé mépiivyété ɨ́ɨ́ná meɨ́jtsámeíñé mecáátunúne, meúwaabóne. Aane páneere mépiivyété ihdyícyáhullévú tsííñé iñújɨɨnévú metsújaúcúne. Ɨ́ñehjɨ páneere mépiivyété meméénune mecáátúnúneri, meíhjyúváneri, panévaríyé muhdú meímillédu. Á;áné hallútú tsá múha meke ɨɨná nééítyuróne.</para>
   </article>
   <article number="20">
      <title>20. Túkevéjtsoju</title>
      <orderedlist>
         <listitem>
            <para>Pámeere mépiivyété tsatsíhvú medóbeevéné mepítyácójcatsíki. Téhdure mépiivyété tsáha múnaa tsáné wákimyei meenuhá pañévú meúcaavéne.</para>
         </listitem>
         <listitem>
            <para>Á;rónáa ihdyu tsá múha meke ávyeta táúhbáítyuró tsáha múnáajpi meíjcyaki.</para>
         </listitem>
      </orderedlist>
   </article>
   <article number="21">
      <title>21. Túkevéjtsoju</title>
      <orderedlist>
         <listitem>
            <para>Pámeere mépiivyéterá méiiñújɨ́ túkevéjtsojɨ́e íjcyáha múnáá pañévú meúcáávéiyóne. Meere meúcaavéné mepíívyetétúhajchíí tsíjtyeke meméménúmeke méwáállóóiyá mécápayóóve.</para>
         </listitem>
         <listitem>
            <para>Muurá paméváré mépiivyéterá méiiñújɨ́ túkevéjtsojte níwáávéné wákimyéiháñé meméénúiyóne.</para>
         </listitem>
         <listitem>
            <para>Muurá pámeere mɨ́amúnaáré mémenúmé tsáné iiñújɨ́ túkevéjtsojte ijcyáhi. Teene meenúmé caatyéké ityújkevééllémeke téévéneúvúré imyéménúneri. Aane tsá tsaatéré píívyetétú teene imyééñune. Muurá pámeere mépiivyété memémenúne. Á;rónáa tsá múha meke táúhbáítyuró tsaate metújkevééllétúmeke meméménuki. Meere páñetu caatyé meɨ́jtsúcunúmeke mémeménúiyáhi. Téhdure idyé mémeménúiyá tsaatéké muhdú meímílléjɨ́jtori. Á;rónáa ihdyu ímíñeúvú tene íjcyáiyódú méméénúiyáhi.</para>
         </listitem>
      </orderedlist>
   </article>
   <article number="22">
      <title>22. Túkevéjtsoju</title>
      <para>Pámeere méhdi íjcyáiyóné ɨ́ɨ́ne tájpi meíjcyane. Á;nejcútú méiiñújɨ́ avyéjujte meke pɨ́áábóiyá ipíívyetédúneri. Téhdure tsíñéhjɨ́ iñújɨɨne múnaa dsɨ́ɨ́dsɨvámé meke pɨ́áábóiyá ɨ́ɨ́ne tájpi meíjcyáiyóné meíjcyátsótúmeke. Aame ɨ́ɨ́ná meke pɨ́htotúmé tsúúca imí mepánéévémedi tsá múha méhdi úúhɨ́vatéítyuróne. Ehdu méíjcyáiyá imí memúnáama meíjcyame meúráávye méɨhdé múnáaúvúu úráávyehíjcyánetu kéjɨtójɨ́ imí meɨ́jtsúcunújɨjtójɨ.</para>
   </article>
   <article number="23">
      <title>23. Túkevéjtsoju</title>
      <orderedlist>
         <listitem>
            <para>Pámeere mépiivyété méwákimyéima meíjcyáiyóne. Á;rónáa idyé tsá tééneri ávyétá ɨcúbáhraméí meméénúítyuróne. Aane teene wákimyéí túkévejtsómé tsaímíyé meke túkévéjtsóiyáhi. Á;ánetu tsáijyu múúne tsaate íwákimyéima íjcyátúhajchíí paméváré mepɨ́áábóiyá téhdure íwákimyéima ditye iíjcyaki.</para>
         </listitem>
         <listitem>
            <para>Pámeere mépiivyété tsahdúré meújcúiyóné méwákimyéi áhdó muhdú mewákímyeíñé tujkévevu.</para>
         </listitem>
         <listitem>
            <para>Pámeere wákimyéi múnaa ɨɨná íwákímyeíñe áhdó újcúiyá tééne tájpí ɨ́ɨ́sɨ́mema imí íjcyame iávyejúúllémeíki. Aane tsáijyu múúne tsaaté wákimyéi áhdó úújetétúhajchíí tsɨ́jɨjtóriyéjuco diityéké tene ahdómeíiyóné tsijtye diityéké pɨ́áábóneri.</para>
         </listitem>
         <listitem>
            <para>Pámeere wákimyéi múnaa piivyété idyóbéévéne ipityácójcatsíiyóné muhdú iwákimyéí tsíñéhjɨma íjcyane iímíbáávyétsoki.</para>
         </listitem>
      </orderedlist>
   </article>
   <article number="24">
      <title>24. Túkevéjtsoju</title>
      <para>Pámeere mépiivyété méwákimyéityúi tsárahja mewáyééévéiyóne. Aane tsá méwákimyéí mepátyéévétsóítyuróne. Eevéríyé méwákímyeíiyáhi. Muurá téénéllii ijcyáné téénetu mewáyééévehíjcyárahjɨ. Á;rójcoojɨ́jɨ áhdó méújcúiyá téjcoojɨ́jɨ́ mewákímyeítyúrónáaáca.</para>
   </article>
   <article number="25">
      <title>25. Túkevéjtsoju</title>
      <orderedlist>
         <listitem>
            <para>Pámeere mépiivyété tsaímíyé meíjcyáiyóné méétsɨ́ɨ́mema. Aame mehjáháñema meíjcyámedítyú tsá majcho, wájyamu, tsíñehjɨ ɨ́ɨ́ne tájpí meíjcyáiyóné pɨ́htóítyuróne. Mechémécooca métáábímyéiyáhi. Ijcyáné tsíñehjɨ téhdure imí meke pɨ́áábóíyonéhjɨ. Á;nejcúhjɨtu mépɨ́áábójcatsíiyá imí tsaméhjɨ́ meíjcyaki. Tsaate íwákimyéima íjcyátúmeke mépɨ́áábóiyá ditye téhdure íwákimyéima iíjcyaki. Téhdure kéémemu, pííbájyujte tsijtye ɨ́dátsó nééme iwákímyeíiyóné píívyetétúmeke mépɨ́áábóiyáhi.</para>
         </listitem>
         <listitem>
            <para>Téhdure idyé walléémú éévájtema tsɨɨniéwuúmuke tsaímíyé météhméiyá imí ditye iíjcyaki. Tsá apáámyéré imí ityáábávájcatsíñe tsɨ́ɨ́máváméj tsɨ́ɨ́meke metéhméítyuróne. Téhdure imí táábávájcatsítyúróméj tsɨ́ɨ́meke tsaímíyé météhméiyáhi.</para>
         </listitem>
      </orderedlist>
   </article>
   <article number="26">
      <title>26. Túkevéjtsoju</title>
      <orderedlist>
         <listitem>
            <para>Pámeere mépiivyété waajácúhaamɨ́é mɨ́ɨ́téiyóne. Tsá tsɨɨme waajácúhaamɨ́né ɨ́ɨ́tetúmé íjcyáítyuróne. Imíllémeiñé pámeere tsɨɨme waajácúhaamɨ́né ɨ́ɨ́téiyóne. Aane tsá áhdómeítyúne. Téhdure pámeere mépiivyété éhnííñevújuco íjcyáné uwáábovu meúcáávéiyóné méwákimyéima meíjcyaki. Tsá tsaaté wáábyutáré tene íjcyáítyuróne.</para>
         </listitem>
         <listitem>
            <para>Páneere uwáábó ijcyá méwáábyuta meke tene wájácúúvetsómé pamévakéré maávyejúúlleki. Aame tsá meéhdɨɨválléítyuró tsííñé iiñújɨ múnaa, tsíjyúhjɨri íhjyuvámee, Píívyéébé icyánéjcú pahdúváré úráávyerómee, íjcyámeke. Á;ánej tééveri 'Páné Iñújɨ́ɨ́ne Múnáá Pihcyááve' némeímyé túkevéjtsoju néhdu páhduube cómíñe múnáajpi imí iíjcyaki.</para>
         </listitem>
         <listitem>
            <para>Muurá pámeere mépiivyété méétsɨ́ɨ́meke keená imí meɨ́jtsúcunúné ditye áábohíjcyátsihvu meúácóiyóne.</para>
         </listitem>
      </orderedlist>
   </article>
   <article number="27">
      <title>27. Túkevéjtsoju</title>
      <orderedlist>
         <listitem>
            <para>Pámeere mépiivyété muhdúhjáa meɨhdé múnáaúvú icyahíjcyánetu imí meɨ́jtsúcunújɨtójɨ́ meúráávyéiyóné majtsíháñe, nuutáháñema tsíñehjɨ imí nénehjɨ. Á;néhjɨtu tsá múha meke píívyetétú ibóíjcyúiyóne. Téhdure tsíñehjɨ éhniíñevu mépiivyété mewáájácúiyóné méicyánéjcúene íjcyátúronéhjɨ keená meke pɨ́ááboiyonéhjɨ́ mewáájácuki.</para>
         </listitem>
         <listitem>
            <para>Pámeere mépiivyété meméénúiyóné tsane, mecáátúnúiyóné tsáné ɨ́jtsaméi. Á;néhjɨ́ hallúvú ímichi teene méénume dsɨɨdstváiyáhi. Tsá tene ímíllémeítyú tsane meméénune tsijtye iékéévéné hallúvú dsɨɨkɨ́stváiyóne.</para>
         </listitem>
      </orderedlist>
   </article>
   <article number="28">
      <title>28. Túkevéjtsoju</title>
      <para>Pámeere tsíñéhjɨ́ iñújɨ́ɨ́ñe múnáama mépiivyété meíjcyáiyóné túkevéjtsójú pañe imí meíjcyaki. Á;ánélliihyée muurá páhduube panévá iñújɨ́ɨ́ne múnáajpi idyóbéévéne meenú túkevéjtsoju. Aane tútávájtsóíyóné taúhbaju muurá tsá íjcyatúne. Ehdu ijcyáiyóné muhdú íhyaamɨ́ pañétú tene néhduú.</para>
   </article>
   <article number="29">
      <title>29. Túkevéjtsoju</title>
      <orderedlist>
         <listitem>
            <para>Pámeere máhallúrí teene memúnáama imí meíjcyánetu meke pɨ́aabóné meméénúiyóne. Á;ánetu méwaajácúiyá ɨ́mɨ́ááné tsúúca mewájácuuvéjucóómé imí mepáneevéne.</para>
         </listitem>
         <listitem>
            <para>Á;ánéllii tsúúca ijcyáné mééma panévatúré meke túkévéjtsóíyóné taúhbajúúné pámeere tsahdúré imí meíjcyaki. Aame tsá metútávátsójcatsíítyuróne. Pámeere pátsáricyójcatsítyúmé meíjcyáiyá tsahdúré imí meíjcyaki. Tsá múha píivyetétú iímillédú meke idyárɨ́ɨ́véiyóné tehdu múhójtsɨ́ pañé meíjcyámekéjɨ́ɨ́vari.</para>
         </listitem>
         <listitem>
            <para>Muuráhjáa iñe túkevéjtsojúúné néhdu tsaímíyé méíjcyáiyáhi. Aane tsá múha tsíhdyúréjtsóítyuró 'Páné Iñújɨ́ɨ́ne Múnáá Pihcyááve' némeiñé pañée íjcyame méénúné túkevéjtsojúúne.</para>
         </listitem>
      </orderedlist>
   </article>
   <article number="30">
      <title>30. Túkevéjtsoju</title>
      <para>Páneere iñe íhyaarnɨ́ pañe ijcyáné túkevéjtsoju méénúmeíñé tsá múha tsíñejcúvúré illéébóne iímillédú tsaatéké dárɨ́ɨ́véityuróne. Tsáijyu múúne tsaápi, tsaáte, méiiñújɨ́ túkevéjtsojte ijcyarómé tsá tehdu méénúítyuróne.</para>
   </article>
</udhr>