<?xml version="1.0" encoding="UTF-8"?>

<!--© The Office of the High Commisioner for Human Rights-->

<udhr iso639-3='ztu' xml:lang='ztu' key='ztu' n='Zapotec, Güilá' xmlns="http://www.unhchr.ch/udhr">
   <title>Declarasyoony x:te:e'n Deree'ch x:te:e' Ra'ta' Bu:unny</title>
   <preamble>
      <title>Introducsyoony</title>
      <para>Zi'cy na:a dignidaa deree'ch nah x:te:e' ra'ta' bu:unny gax:lyuh nih na:a que'ihty zi:e'd libertaa, justi'isy, cëhnn pa's na:a pahr ga'crih rreconoseer,</para>
      <para>Zi'cy na:a gahll quei'ty runybe:e' ra deree'ch x:te:e' bu:unny gaxlyuh guhc a bricah ra co's maal nih ruhny rtiloh bu:unny gaxlyuh, chiru' nih zi:e'd bu:unny rca:a'z te'ihby gaxlyuh lahty ra'ta' bu:unny chu'za'c, chiru' ga:a'p bu:unny deree'ch ynni:i:i' bu:unny nih rca:a'z bu:unny, ga:a'p bu:unny deree'ch x:te:e' rrelijyoony, ga:a'p bu:unny deree'ch ybaa:any bu:unny sihnng gahll nzhiiby cëhnn gallzi:i',</para>
      <para>Zi'cy na:a na:a pahr chu' le'i nih guuny protejeer ra deree'ch x:te:e' bu:unny tyeenn quei'ty cha's bu:unny ynna:a'az gyi:e'b ti:i'lly co'nnr wbyee'rnn nih na:a maal,</para>
      <para>Zi'cy na:a na:a pahr ga'c ra nasyoony amiiegw,</para>
      <para>Zi'cy na:a ra bu:unny x:te:e'n Naciones Unidas a mnni:i:i'rih laa'iny Gye:e'ts dehqueh runybe:e'rih ra'ta' bu:unny ra:a'p deree'ch, ra'ta' bu:unny sahc, te'blohihzy deree'ch ra:a'p ngui:u' mnna:a:a' nah; chiru' ra bu:unny x:te:e'n Naciones Unidas rca:a'zrih chu'za'cru' ra'ta' bu:unny,</para>
      <para>Zi'cy na:a ra mye'mmr x:te:e'n Naciones Unidas a be:i'nyrih comprometeer dehqueh guunyrih promobeer rrespei'ty pahr ra'ta' bu:unny; chiru' na:a pahr gya'ap ra deree'ch cëhnn ra libertaa x:te:e' ra'ta' bu:unny,</para>
      <para>Zi'cy na:a na:a pahr ga'cbe:e' bu:unny ra deree'ch re:e' cëhnn ra libertaa re:e' pahr chi:i'lle'eh ga'c cumpliier compromi'isy re:e',</para>
      <para>Nah chiru'</para>
      <para>Asamblea General</para>
      <para>Ruhny proclamaar Declarasyoony re:e' xte:e'n Deree'ch x:te:e' Ra'ta' Bu:unny yzhi'u:u' pahr ra'ta' bu:unny cëhnn ra'ta' nasyoony, pahr chine:ela:a:a'z bu:unny Declarasyoony re:e', chiru' guuny bu:unny promobeer rrespei'ty pahr ra deree'ch cëhnn ra libertaa pahr ra'ta' bu:unny gaxlyuh, chiru' guuny ra'ta' bu:unny cëhnn ra'ta' nasyoony gwardaar ra deree'ch re:e' cëhnn ra libertaa re:e' pahr ra'ta' bu:unny gax:lyuh.</para>
   </preamble>
   <article number="1">
      <title>Te'ihby (1)</title>
      <para>Ra'ta ra bu:unny ra:aaly liebr cëhnn te'bloh deree'ch cëhnn dignidaa. Ra:alyne:erih gahll ri:e:eny cëhnn saalyb, chiru' na:a pahr ga:annza'crih loh sa'rih.</para>
   </article>
   <article number="2">
      <title>Tyo'p (2)</title>
      <para>Ra'ta ra bu:unny na:a pahr ga:a'p ra'ta' deree'ch cëhnn libertaa x:te:e'n Declarasyoony re:e', quei'ty xi guunydi' tu ra's la:a'rih, a ngui:u' o mnna:a:a' la:a'rih, xi di:i'zh rgwe:e'rih, xi rrelijyoony ra:a'prih, xi opihnyoony ra:a'prih, xi nasyoony za:arih, a rrye:e'cw o prooby la:a'rih, o xi'ru'.</para>
      <para>Chiru' mahs ca:atihzhli za:arih, quei'ty xi guunydi' xi cl'as deh wbyee'rnn ra:a'p lahahzh:rih, ra'ta'rih ra:a'prih deree'ch re:e' cëhnn ra libertaa re:e'.</para>
   </article>
   <article number="3">
      <title>Cho:onn (3)</title>
      <para>Ra'ta' bu:unny ra:a'p deree'ch pahr ybaany bu:unny, libertaa, cëhnn seguridaa x:te:e' bu:unny.</para>
   </article>
   <article number="4">
      <title>Tahp (4)</title>
      <para>Nye:e'c te'ihby bu:unny quei'ty na:a pahr ga'c sclaab; nye:e'c te'ihby bu:unny quei'ty na:a pahr yto:o' steeby bu:unny, nye:e'cza' si:i:i' bu:unny sa'ni'.</para>
   </article>
   <article number="5">
      <title>Ga:a'y (5)</title>
      <para>Nye:e'c te'ihby bu:unny quei'ty na:a pahr ga'c torturaar o ga'c bu:unny castigaar demaasta'.</para>
   </article>
   <article number="6">
      <title>X:o'p (6)</title>
      <para>Ra wbyee'rnn na:a pahr gunybe:e' ra'ta' bu:unny te'bloh zi'cy bu:unny.</para>
   </article>
   <article number="7">
      <title>Ga:az (7)</title>
      <para>Ra le'i na:a pahr guuny trataar ra'ta' bu:unny te'blohihzy. Ra'ta' bu:unny na:a pahr ga'c protejeer zi'cy nih canni:i:i' Declarasyoony re:e'.</para>
   </article>
   <article number="8">
      <title>X:o:on (8)</title>
      <para>Ra'ta' jusgaad x:te:e' gax:lyuh na:a pahr ga:ann dehqueh ra deree'ch nih rde:e:i'dy constitusyoony x:te:e' lahahzh: ra bu:unny ra bu:unny na:a pahr ga'c cumplier-rih.</para>
   </article>
   <article number="9">
      <title>Ga:a:a' (9)</title>
      <para>Nye:e'c te'ihby bu:unny quei'ty na:a pahr gyihah liahz gyi:e'b digahtihzy o cwe:e'rëng bu:unny lahzh:ni' digahtihzy.</para>
   </article>
   <article number="10">
      <title>Tsë:ë'(10)</title>
      <para>Ra'ta' bu:unny ra:a'p deree'ch pahr ga'p te'ihby jwi'isy jua'st chih ra:a'p bu:unny te'ihby dema'aann co'nnr bu:unny.</para>
   </article>
   <article number="11">
      <title>Tsëbteeby (11)</title>
      <orderedlist>
         <listitem>
            <para>Ra'ta' bu:unny nih ra:a'p dema'aann ra:a'prih deree'ch pahr ga'crih trataar zi'cy inose'enn a'xta' canoo ga'crih culpa'bl zi'cy na:a le'i x:te:e'n te'ihby jwi'isy nih quei'ty na:a x:gaa'ts.</para>
         </listitem>
         <listitem>
            <para>Nye:e'cy te'ihby bu:unny quei'ty na:a pahr ga'c casti'u pahr lo'c nih be:i'nyih ba:all quei'ty na:ih co'nnr le'i chih be:i'nyih ni:i. Nye:e'cza' ga'cih casti'u ro:o'ru' deh nih ruhnytocaar la:ih pahr lo'c nih be:i'nyih tye'eemm chih be:i'nyih delye't.</para>
         </listitem>
      </orderedlist>
   </article>
   <article number="12">
      <title>Tsëbtyo'p (12)</title>
      <para>Nye:e'c te'ihby bu:unny quei'ty na:a pahr digahtihzy gyu'tiih wbyee'rnn liihahz bu:unny o yxe'illy wbyee'rnn x:cye:e'ts bu:unny o ysa:a'naxtiu'uh bu:unny. Na:a pahr guuny le'i protejeer bu:unny co'nnr ra nnde:e'.</para>
   </article>
   <article number="13">
      <title>Tsee'iny (13)</title>
      <orderedlist>
         <listitem>
            <para>Ra'ta' bu:unny ra:a'p deree'ch pahr chu'uh bu:unny lahtyihzy rca:a'z bu:unny lahahzh: bu:unny.</para>
         </listitem>
         <listitem>
            <para>Ra'ta' bu:unny ra:a'p deree'ch ydi:i:a' bu:unny nih na'cdihzy laht, cohntood lahahzh: bu:unny. Chiru' ra'ta' bu:unny ra:a'p deree'ch pahr gyii'cy lahahzh:ni'.</para>
         </listitem>
      </orderedlist>
   </article>
   <article number="14">
      <title>Tsëdah (14)</title>
      <orderedlist>
         <listitem>
            <para>Ra'ta' bu:unny ra:a'p deree'ch pahr ynda:a:a'rëng bu:unny gyu' steeby nasyoony chih cadina:allrëng bu:unny.</para>
         </listitem>
         <listitem>
            <para>Bu:unny quei'ty ra:a'pdi' deree'ch re:e' ba:all rzhu:u'nny bu:unny loh nih nzee:e'by bu:unny lahzh:ni' nih quei'ty na:a ra co's x:te:e' polí'ticah.</para>
         </listitem>
      </orderedlist>
   </article>
   <article number="15">
      <title>Tse:e:i'ny (15)</title>
      <orderedlist>
         <listitem>
            <para>Ra'ta' bu:unny ra:alyne:e te'ihby na'syonalidaa.</para>
         </listitem>
         <listitem>
            <para>Nye:e'cy te'ihby bu:unny quei'ty na:a pahr digahtihzy ybica:a na'syonalidaa x:te:e'n-ni' o ga'c negaar deree'ch pahr ychu:u na'syonalidaa x:te:e'n-ni'.</para>
         </listitem>
      </orderedlist>
   </article>
   <article number="16">
      <title>Tse:e:i'ny Ahbteeby (16)</title>
      <orderedlist>
         <listitem>
            <para>Zi'cy mnna:a:a' zi'cy ngui:u' ra:a'p deree'ch gu'xnnaa:a'rih chu' zhii'inyrih, quei'ty xi guuny tu ra's la:a'rih, xi na'syonalidaa la:a'rih, xi relijyoony ra:a'prih. Te'blohihzy deree'ch ra:a'p mnna:a:a' cëhnn ngui:u', chih ru'xnnaa:a'rih o chih rla:a'sa'rih.</para>
         </listitem>
         <listitem>
            <para>Nye:e'cy te'ihby bu:unny quei'ty na:a pahr yca:a' sa'ni' pehr jwe'rs.</para>
         </listitem>
         <listitem>
            <para>Importa'anndaa:a'n na:a fami'lly ni:iih na:a pahr ga'cih protejeer pahr guee'ihzh cëhnn wbyee'rnn.</para>
         </listitem>
      </orderedlist>
   </article>
   <article number="17">
      <title>Tse:e:i'ny Ahbtyo'p (17)</title>
      <orderedlist>
         <listitem>
            <para>Ra'ta' bu:unny ra:a'p deree'ch pahr ga:a'p bu:unny xi x:te:e'n-ni', te'ihbyihzy bu:unny o cëhnn steeby ra bu:unny.</para>
         </listitem>
         <listitem>
            <para>Nye:e'c te'ihby bu:unny quei'ty na:a pahr ybica:a xi x:te:e'n-ni' digahtihzy.</para>
         </listitem>
      </orderedlist>
   </article>
   <article number="18">
      <title>Tse:e:i'ny Ahbcho:onn (18)</title>
      <para>Ra'ta' bu:unny ra:a'p deree'ch pahr guuny x:ga:ab zi'cy nih rca:a'zrih, guuny zi'cy nih na:a saalyb x:te:e'n-ni', ga:a'p relijyoony x:te:e'n-ni', cëhnn deree'ch re:e' za:a'lle'eh ychu:u bu:unny reliyoony x:te:e' bu:unny o zi'cy nih ruhny bu:unny x:ga:ab. Ra'ta' bu:unny ra:a'p libertaa guuny zi'cy nih rnni:i:i' relijyoony x:te:e'nrih cëhnn zi'cy nih ruhnyrih x:ga:ab.</para>
   </article>
   <article number="19">
      <title>Tse:e:i'ny Ahbta'p (19)</title>
      <para>Ra'ta' bu:unny ra:a'p deree'ch pahr ga:a'p opinyoony x:te:e'n-ni', chiru' ynni:i:i'rih nih rca:a'zrih. Wbyee'rnn quei'ty na:adi' pahr ynni:i:i' xi opinyoony ga:a'p bu:unny. Chiru' ra'ta' bu:unny ra:a'p deree'ch pahr gu:a'll bu:unny nih na'cdihzy gye:e'ts, ycwa:a:a' bu:unny nih rca:a'z bu:unny.</para>
   </article>
   <article number="20">
      <title>Ga:ally (20)</title>
      <orderedlist>
         <listitem>
            <para>Ra'ta' bu:unny ra:a'p deree'ch pahr ydi:i'ah bu:unny cëhnn steeby ra bu:unny.</para>
         </listitem>
         <listitem>
            <para>Nye:e'cy te'ihby bu:unny quei'ty na:a pahr ga'c jwe'rs chu' loh te'ihby gru'p.</para>
         </listitem>
      </orderedlist>
   </article>
   <article number="21">
      <title>Ga:ally Ahbte'ihby (21)</title>
      <orderedlist>
         <listitem>
            <para>Ra'ta' bu:unny ra:a'p deree'ch pahr guuny bu:unny participaar loh wbyee'rnn x:te:e' lahahzh: bu:unny, bu:unnypag o cëhnn bu:unny nih yzuu bu:unny guuny representaar bu:unny.</para>
         </listitem>
         <listitem>
            <para>Ra'ta' bu:unny ra:a'p deree'ch pahr yde:ei'by bu:unny serbi'isy lahzh:ni'.</para>
         </listitem>
         <listitem>
            <para>Wbyee'rnn na:a pahr guuny lo'c nih rnni:i:i' guee'ihzh; na:a pahr ga'c ra bo't x:ga:a'ts chih guuny botaar ; ra'ta' bu:unny ra:a'p deree'ch pahr guuny bo't.</para>
         </listitem>
      </orderedlist>
   </article>
   <article number="22">
      <title>Ga:ally Ahbtyo'p (22)</title>
      <para>Ra'ta' bu:unny ra:a'p te'blohihzy deree'ch pahr ga'c zhii'iny guee'ihzh. Ra'ta' bu:unny ra:a'p deree'ch pahr ga:a'p seguridaa x:te:e' cultuuar x:te:e'n-ni' ybaanyza'c bu:unny.</para>
   </article>
   <article number="23">
      <title>Ga:ally Ahbcho:onn (23)</title>
      <orderedlist>
         <listitem>
            <para>Ra'ta' bu:unny ra:a'p deree'ch pahr guuny bu:unny ze:e:i'ny, pahr ynna:a'az bu:unny ze:e:i'ny nih rca:a'z bu:uny, pahr ga:a'p bu:unny te'ihby lahty que'ihty guunyza'c bu:unny ze:e:i'ny. Chiru' ga'c bu:unny protejeer chih quei'ty ra:a'p bu:unny ze:e:i'ny.</para>
         </listitem>
         <listitem>
            <para>Ra'ta' bu:unny ra:a'p deree'ch te'blohihzy paag pahr te'blohihzy ze:e:i'ny.</para>
         </listitem>
         <listitem>
            <para>Ra'ta' bu:unny ra:a'p deree'ch te'ihby paag jwua'st pahr ze:e:i'ny nih ruhny bu:unny.</para>
         </listitem>
         <listitem>
            <para>Ra'ta' bu:unny ra:a'p deree'ch pahr guuny formaar o yzh:a:a:a'g loh sindicaa't pahr ga'c protejeer intere's x:te:e' bu:unny.</para>
         </listitem>
      </orderedlist>
   </article>
   <article number="24">
      <title>Ga:ally Ahbta'p (24)</title>
      <para>Ra'ta' bu:unny ra:a'p deree'ch pahr ga:a'p desca'annz. Nye:e'c te'ihby bu:unny quei'ty guuny ze:e:i'ny demaasta'. Chiru' na:a pahr gaazh bu:unny bacasyoony.</para>
   </article>
   <article number="25">
      <title>Ga:ally Ahbga:a'y (25)</title>
      <orderedlist>
         <listitem>
            <para>Ra'ta' bu:unny ra:a'p deree'ch pahr quei'ty ybaanyzi:i'di'. Chiru' ga:a'p bu:unny deree'ch nih ga'uni', lahidy nah, yu'uh nah, do'ctoor nah, seguridaa nah, chih quei'ty ze:e:i'ny chih nu' gahll guihzh nah, chih quei'ty xi chi:i'lle'eh guuny bu:unny nah, chih ga'ty chii:el bu:unny nah, chih gyu:u'x bu:unny nah.</para>
         </listitem>
         <listitem>
            <para>Ra mnii'iny cëhnn ra x:nnaa:an-ni' na:a importa'ann pahr gax:lyuh. Ra'ta' mnii'iny, conntood nih ra:aaly chih aady gu'xnnaa:a' x:awzahnnrih, na:a pahr ga'crih protejeer.</para>
         </listitem>
      </orderedlist>
   </article>
   <article number="26">
      <title>Ga:ally Ahbx:o'p (26)</title>
      <orderedlist>
         <listitem>
            <para>Ra'ta' bu:unny ra:a'p deree'ch pahr chiia bu:unny scweel. Scweel na:a pahr ga'c digaa'ihzy, ma'sa' primaary. Scweel primaary ra'ta' mnii'iny na:a pahr chiia. Na:a pahr chi:ille'eh chiia bu:unny scweel té'cnicah cëhnn profesyona'll. Chiru' ra'ta' bu:unny nih na:a bween studya'aann chi:i'lle'eh gyu' scweel ro:o'oh.</para>
         </listitem>
         <listitem>
            <para>Educasyoony na:a pahr chi:i'lle'eh yxe'illy gue'ehcy bu:unny, chiru' yse:e:i'dyih rrespei'ty x:te:e'n deree'ch cëhnn libertaa x:te:e' ra'ta' bu:unny; yse:e:i'dyzaguih chu' pasye'ennzy cëhnn amistaa cëhnn sa' bu:unny. Chiru' educasyoony na:a pahr yse:e:i'dy dehqueh Naciones Unidas ga'pdo:o pa's.</para>
         </listitem>
         <listitem>
            <para>Wzahahn ra:a'p deree'ch guuny escojeer xi cla's deh educasyoony ga:a'p zhii'inyrih.</para>
         </listitem>
      </orderedlist>
   </article>
   <article number="27">
      <title>Ga:ally Ahbga:az (27)</title>
      <orderedlist>
         <listitem>
            <para>Ra'ta' bu:unny ra:a'p deree'ch pahr guuny participaar loh cultuuar x:te:e' guee'ihzh.</para>
         </listitem>
         <listitem>
            <para>Ra'ta' bu:unny ra:a'p deree'ch gunybe:e'rëng bu:unny ballnu' xi bcwa:a:a' bu:unny o ble:e'ca:a bu:unny zi'cy te'ihby liebr o te'ihby co's syentí'ficoh. Ra:a'pagza' bu:unny deree'ch mu:uuly nih to:o' ra co's re:e'.</para>
         </listitem>
      </orderedlist>
   </article>
   <article number="28">
      <title>Ga:ally Ahbx:o:on (28)</title>
      <para>Ra'ta' bu:unny ra:a'p deree'ch chu' gax:lyuh lahty nu' ra deree'ch cëhnn ra libertaa nih canni:i:i' Declarasyoony re:e'.</para>
   </article>
   <article number="29">
      <title>Ga:ally Ahbga:a:a' (29)</title>
      <orderedlist>
         <listitem>
            <para>Ra'ta' bu:unny na:a pahr yde:e:i'dy ze:i'ny la:a:i' lahzhni'.</para>
         </listitem>
         <listitem>
            <para>Ra le'i na:a pahr chu'ihzy pahr ga'pdo:o ra deree'ch cëhnn ra libertaa x:te:e' ra'ta' bu:unny, o quei'ty, quei'ty ra bu:unny chi:i'lle'eh guuny zi'cy nih canni:i:i' Declarasyoony re:e'.</para>
         </listitem>
         <listitem>
            <para>Ra'ta' bu:unny na:a pahr chu' zi'cy nih canni:i:i' Declarasyoony x:te:e' Naciones Unidas.</para>
         </listitem>
      </orderedlist>
   </article>
   <article number="30">
      <title>Ga:ally Ahbtsë:ë' (30)</title>
      <para>Nye:e'cy te'ihby nasyoony nye:e'cy te'ihby bu:unny quei'ty za:a'lle'eh ytse'illy ra deree'ch cëhnn ra libertaa nih canni:i:i' Declarasyoony re:e'. Declarasyoony re:e' quei'ty rni:i'izhdyëng deree'ch pahr guuny nasyoony o bu:unny ni:i.</para>
   </article>
</udhr>