<?xml version="1.0" encoding="UTF-8"?>

<!--© The Office of the High Commisioner for Human Rights-->

<udhr iso639-3='khk' xml:lang='mn-Cyrl' key='khk' n='Mongolian, Halh (Cyrillic)' xmlns="http://www.unhchr.ch/udhr">
  <title> ХҮНИЙ ЭРХИЙН ТҮГЭЭМЭЛ ТУНХАГЛАЛ</title>
   <preamble>
      <title>ОРШИЛ</title>
      <para>Хүн төрөлхтөний гэр бүлийн бүх гишүүнд угаас заяасан нэр төр болон тэдний тэгш, салшгүй эрхийг хүлээн зөвшөөрөх нь эрх чөлөө, шударга ёс, бүх нийтийн энх тайвны үндэс мөнийг иш үндэс болгон,</para>
      <para>хүний эрхийг үл тоомсорлох, басамжлах нь зон олны жигшлийг төрүүлсэн балмад үлйдэлд хүргэж байсан бөгөөд хүмүүс үг хэл, итгэл үнэмшилтэй байх, эрх ёөлөөтэй, айх аюулгүй, гачигдал зовлонгүй дэлхий ертөнцийг бий болгох нь хүн ардын эрхэм дээд эрмэлзлэл мөн хэмээн үзэж,</para>
      <para>хүмүүс эзэрхэг засаглал, дарлалын эсрэг өөрийн эрхгүй эцсийн арга болгон зэвсэглэн босоход хүргэхгүйн тулд хүний эрхийг хуулиар хамгаалах нь зайлшгүй чухал гэдгийг анхааран,</para>
      <para>улс түмний хооронд нөхөрсөг харилцаа хөгжүүлэхэд тус дөхөм үзүүлэх шаардлагатайг харгалзан,</para>
      <para>Нэгдсэн Үндэстний Байгууллагад нэгдсэн улс түмэн хүний үндсэн эрх, бие хүний нэр төр, үнэ хүндийг сахин хамгаалах, эрэгтэй, эмэгтэйчүүдийн тэгш эрхэд итгэл төгс байгаагаа Дүрэмдээ нотолж, улам өргөн эрх ёөлөөт нөхцөлд нийгмийн дэвшил, амьдралын нөхцлийг сайжруулахад дөхөм үзүүлэхээр шийдвэрлэснийг харгалзан,</para>
      <para>Гишүүн улсууд Нэгдсэн Үндэстний Байгууллагатай хамтран хүний эрх, үндсэн эрх чөлөөг нийтээр хүндлэн сахиулахад тус дөхөм үзүүлэх үүрэг авсныг үндэслэн,</para>
      <para>энэхүү үүргийг бүрэн биелүүлэхэд хүний эрх, эрх чөлөөний мөн чанарыг нэгэн мөр ойлгох явдал нэн их ач холбогдолтойг харгалзан,</para>
      <para>Ерөнхий Ассамблей,</para>
      <para>Хүний эрхийн энэхүү түгээмэл Тунхаглалыг дэлхийн бүх улс түмэн, бүх улс орон зорилтоо болгон дэвшүүлж, хүн бүр, нийгмийн нэгж байгууллага болгон энэхүү зорилтыг биелүүлэхийн тулд эл Тунхаглалын үзэл санааг түгээн дэлгэрүүлэх замаар эдгээр эрх, эрх чөлөөг хүндэтгэн мөрдөх явдалд дөхөм үзүүлэх, үндэсний болон олон улсын хэмжээний дэвшилтэт арга замаар хүний эрх, эрх чөлөөг Нэгдсэн Үндэстний Байгууллагын гишүүн улс орны ард түмэн, тэдгээр улсын эрх мэдэлд байгаа нутаг дэвсгэр дээр оршин суудаг ард олны аль алинаар нь зохих ёсоор зөвшөөрүүлэн хэрэгжүүлэхийг зарлан тунхаглаж байна</para>
   </preamble>
   <article number="1">
      <title>Нэгдүгээр зүйл</title>
      <para>Хүн бүр төрж мэндлэхэд эрх чөлөөтэй, адилхан нэр төртэй, ижил эрхтэй байдаг. Оюун ухаан, нандин чанар заяасан хүн гэгч өөр хоорондоо ахан дүүгийн үзэл санаагаар харьцах учиртай.</para>
   </article>
   <article number="2">
      <title>Хоёрдугаар зүйл</title>
      <para>Хүн бүр энэ Тунхаглалд заасан бүхий л эрх, эрх чөлөөг ямар ч ялгаваргүйгээр, яс үндэс, арьс өнгө, хүйс, хэл, шашин шүтлэг, улс төрийн болон бусад үзэл бодол, үндэсний буюу нийгмийн гарал, эд хөрөнгийн байдал, язгуур угсаа, бусад ялгааг эс харгалзан адилхан эдлэх ёстой. Мөн түүнчлэн тухайн хүний харъяалдаг улс орон буюу нутаг дэвсгэрийн улс төр, эрх зүйн буюу олон улсын статус ямар ч байлаа гэсэн, тэрхүү нутаг дэвсгэр нь тусгаар тогтносон, бусдын асрамжид байгаа, өөртөө захиргаагүй буюу бүрэн эрхт байдал нь өөр ямар ч байдлаар хязгаарлагдмал байсан, хүнийг ялгаварлаж үл болно.</para>
   </article>
   <article number="3">
      <title>Гуравдугаар зүйл</title>
      <para>Хүн бүр амьд явах, эрх чөлөөтэй байх, халдашгүй дархан байх эрхтэй.</para>
   </article>
   <article number="4">
      <title>Дөрөвдүгээр зүйл</title>
      <para>Хэнийг ч боолчлол буюу бусдын эрхшээлд байлгах ёсгүй, боолчлол болон боолын худалдааны бүх төрлийг хориглоно.</para>
   </article>
   <article number="5">
      <title>Тавдугаар зүйл</title>
      <para>Хэнд ч эрүү шүүлт тулгах буюу хэрцгий, хүний ёсноос гадуур эсхүл нэр төрийг нь доромжлон харьцах, шийтгэхийг хориглоно.</para>
   </article>
   <article number="6">
      <title>Зургадугаар зүйл</title>
      <para>Хүн бүр хаана ч байсан эрх зүйн этгээд байх эрхээ хүлээн зөвшөөрүүлэх эрхтэй.</para>
   </article>
   <article number="7">
      <title>Долдугаар зүйл</title>
      <para>Хүн бүр хуулийн өмнө адил тэгш бөгөөд ямар ч ялгаваргүйгээр хуулиар адилхан хамгаалуулах эрхтэй. Хүн бүр энэхүү Тунхаглалд харшлах аливаа үйлдэл, ялгаварлан гадуурхах явдал, тэгэж ялгаварлан гадуурхах аливаа тухиралтаас адилхан хамгаалуулах эрхтэй.</para>
   </article>
   <article number="8">
      <title>Наймдугаар зүйл</title>
      <para>Үндсэн хууль, бусад хуулиар олгосон эрх нь зөрчигдвөл хүн бүр эрх мэдэл бүхий үндэсний шүүхээр эрхээ бүрэн сэргээн тогтоолгох эрхтэй.</para>
   </article>
   <article number="9">
      <title>Есдүгээр зүйл</title>
      <para>Хэнийг ч дур мэдэн баривчлах, саатуулах буюу хөөн зайлуулах ёсгүй.</para>
   </article>
   <article number="10">
      <title>Аравдугаар зүйл</title>
      <para>Хүн бүр эрх, үүргээ тодорхойлуулах, эрүүгийн ял тулгавал тэр нь хир зэрэг үндэслэлтэй болохыг тогтоолгохын тулд тухайн хэргийг бүрн тэгш эрхийн үндсэн дээр, ил од байдлаар, шударга ёсны бүх шаардлагын дагуу бусдын нөлөөнд автагдаагүй, гагцхүү хуулинд захирагдах шүүхээр шийдвэрлүүлэх эрхтэй.</para>
   </article>
   <article number="11">
      <title>Арван нэгдүгээр зүйл</title>
      <orderedlist>
         <listitem>
            <para>Гэмт хэрэгт яллагдаж буй хүн бүр өөрт нь тулгасан хэргийг өмгөөлүүлэх буюу өөрөө өмгөөлөх бүрэн боломжтойгоор шүүх хурлаар ил хэлэлцэн таслаж, хуулийн дагуу гэм буруутай нь тогтоогдох хүртэл гэм буруугүй гэж тооцогдох эрхтэй.</para>
         </listitem>
         <listitem>
            <para>Тухайн үед үндэсний хууль тогтоомж буюу олон улсын эрх зүйн дагуу гэмт хэрэгт эс тооцож байсан аливаа үйлдэл хийсэн буюу хийгээгүйг үндэслэж хэнийг ч гэмт хэрэгт яллан шийтгэх ёсгүй. Түүнёлэн гэмт хэрэг гарсан тэр үед ногдуулж болох байснаас илүү хүнд ял тохоож болохгүй.</para>
         </listitem>
      </orderedlist>
   </article>
   <article number="12">
      <title>Арван хоёрдугаар зүйл</title>
      <para>Хэний ч хувийн болон гэр бүлийн амьдралд хөндлөнгөөс дур мэдэн оролцох, орон байрны халдашгүй байдал, захидал харилцааны нь нууц, эсвэл нэр төр, алдар хүндэд нь дураар халдах ёсгүй. Тэгж оролцох, тийнхүү халдах гэвэл хэн ч бай хуулиар хамгаалуулах эрхтэй.</para>
   </article>
   <article number="13">
      <title>Арван гуравдугаар зүйл</title>
      <orderedlist>
         <listitem>
            <para>Хэн ч бай улс орны дотор чөлөөтэй зорчих, оршин суух газраа чөлөөтэй сонгон авах эрхтэй.</para>
         </listitem>
         <listitem>
            <para>Хэн ч бай аль ч улс орныг, түүний дотор эх орноо орхин явах, эх орондоо эргэж очих эрхтэй.</para>
         </listitem>
      </orderedlist>
   </article>
   <article number="14">
      <title>Арван дөрөвдүгээр зүйл</title>
      <orderedlist>
         <listitem>
            <para>Хэн боловё мөрдөлт мөшгөлтөөс зугтаж өөр улс оронд орогнох боломжийг эрэлхийлэх, тийнхүү орогнох эрхтэй.</para>
         </listitem>
         <listitem>
            <para>Улс төрийн бус гэмт хэрэг үйлдсэн, эсвэл Нэгдсэн Үндэстний Байгууллагын зорилго, зарчимд харш хэрэг үйлдсэний улмаас зайлшгүй мөрдөгдөж буй тохиолдолд дээрх эрхийг эдэлж үл болно.</para>
         </listitem>
      </orderedlist>
   </article>
   <article number="15">
      <title>Арван тавдугаар зүйл</title>
      <orderedlist>
         <listitem>
            <para>Хүн бүр иргэний харъяалалтай байх эрхтэй.</para>
         </listitem>
         <listitem>
            <para>Аль ч хүний иргэний харъяаллыг буюу харъяаллаа өөрчлөх эрхийг дур мэдэн хасах ёсгүй.</para>
         </listitem>
      </orderedlist>
   </article>
   <article number="16">
      <title>Арван зургадугаар зүйл</title>
      <orderedlist>
         <listitem>
            <para>Насанд хүрсэн эрэгтэй, эмэгтэй хүмүүс арьс өнгө, яс үндэс, шашин шүтлэгтэй холбогдсон аливаа хязгаарлалтгүйгээр гэрлэх, өрх тусгаарлах эрхтэй. Тэд гэрлэхдээ, гэрлэснийхээ дараа болон гэрлэлтээ цуцлуулах үед тэгш эрх эдэлнэ.</para>
         </listitem>
         <listitem>
            <para>Эрэгтэй, эмэгтэй хоёр хүн чөлөөтэй, харилцан бүрэн зөвшөөрсөн нөхцөлд гэрлэж болно.</para>
         </listitem>
         <listitem>
            <para>Гэр бүл бол нийгмийн жам ёсны үндсэн нэгж мөн бөгөөд нийгэм, төрөөр хамгаалуулах эрхтэй.</para>
         </listitem>
      </orderedlist>
   </article>
   <article number="17">
      <title>Арван долдугаар зүйл</title>
      <orderedlist>
         <listitem>
            <para>Хүн бүр эд хөрөнгийг хувьдаа буюу бусадтай хамтарч өмчлөх эрхтэй.</para>
         </listitem>
         <listitem>
            <para>Хэний ч эд хөрөнгийг дураар хураан авч болохгүй.</para>
         </listitem>
      </orderedlist>
   </article>
   <article number="18">
      <title>Арван наймдугаар зүйл</title>
      <para>Хүн бүр чөлөөтэй бодож сэтгэх, шүтэж бишрэх, сүсэглэх эрхтэй, энэ нь шашин шүтлэг буюу үзэл бодлоо өөрчлөх эрх, ганцаараа буюу бусадтай хамтран нийтийн болон хувийн журмаар шашин шүтлэг, үзэл бодлоо заан түгээх, төргөл хийх, сургаал гүйцэтгэх, шашны хийгээд зан үйлийн ёслол үйлдэх эрхийг хамарна.</para>
   </article>
   <article number="19">
      <title>Арван есдүгээр зүйл</title>
      <para>Хүн бүр өөрийн зэл бодолтой байж, түүнийгээ чөлөөтэй илэрхийлэх эрхтэй, үүнд үзэл бодлоо ямар ч хориг цээргүй баримтлах, аливаа үзэл санаа, мэдээллийг улсын хилийн заагаар үл хязгаарлан боломжтой арга замаар эрж сурвалжлах, олж ашиглах, түгээн дэлгэрүүлэх эрх багтана.</para>
   </article>
   <article number="20">
      <title>Хорьдугаар зүйл</title>
      <orderedlist>
         <listitem>
            <para>Хүн бүр тайван замаар сайн дураар хуран цуглах, эвлэлдэн нэгдэх эрхтэй.</para>
         </listitem>
         <listitem>
            <para>Хэнийг ч аливаа эвлэл холбоонд албадан оруулах ёсгүй.</para>
         </listitem>
      </orderedlist>
   </article>
   <article number="21">
      <title>Хорин нэгдүгээр зүйл</title>
      <orderedlist>
         <listitem>
            <para>Хүн бүр улс орноо удирдахад шууд буюу чөлөөтэй сонгосон төлөөлөгчдөөрөө уламжлан оролцох эрхтэй.</para>
         </listitem>
         <listitem>
            <para>Хүн бүр улс орондоо төрийн алба хаших тэгш эрхтэй.</para>
         </listitem>
         <listitem>
            <para>Ард түмний хүсэл зориг бол засаг заслын үндэс мөн: энэ хүсэл зориг нь бүх нийтэд сонгуулийн тэгш эрх эдлүүлэх үндсэн дээр саналыг нууцаар хураах, эсвэл саналаа чөлөөтэй гаргах явдлыг хангахуйц өөр бусад хэлбэрийг ашиглах замаар тогтмол, хуурамч бус сонгууль явуулахад илрэлээ олно.</para>
         </listitem>
      </orderedlist>
   </article>
   <article number="22">
      <title>Хорин хоёрдугаар зүйл</title>
      <para>Хүн бүр нийгмийн гишүүний хувьд нийгмээс хангамж авах эрхтэй бөгөөд нэр төрөө хамгаалах , биеэ боловсруулж хөгжүүлэхэд зайлшгүй шаардлагатай эдийн засаг, нийгэм, соёлын талын эрх дархаа тухайн улс орны хүчин чармайлт хийгээд олон улсын хамтын ажиллагааны нөөц бололцоонд нийцүүлэн эдлэх эрхтэй.</para>
   </article>
   <article number="23">
      <title>Хорин гуравдугаар зүйл</title>
      <orderedlist>
         <listitem>
            <para>Хүн бүр хөдөлмөрлөх, ажлаа чөлөөтэй сонгох, хөдөлмөрийн шударга, таатай нөхцлөөр хангуулах, ажилгүйдлээс сэргийлэн хамгаалуулах эрхтэй.</para>
         </listitem>
         <listitem>
            <para>Хүн бүр ямар ч ялгаваргүйгээр адил хэмжээний хөдөлмөрт адил хэмжээний шан хөлс авах эрхтэй.</para>
         </listitem>
         <listitem>
            <para>Ажил хөдөлмөр эрхэлж байгаа хэн боловч хувийн болон ам бүлийнхээ ахуй амьжиргааг хүний зэрэгтэй авч явахад хүрэлцэхүйц бөгөөд зайлшгүй тохиолдолд нийгмийн хангамжийн эх үүсгэврээр нэмэн арвижуулсан, хийсэндээ таарсан, хүртээмжтэй шан хөлс авах эрхтэй.</para>
         </listitem>
         <listitem>
            <para>Хүн бүр эрх ашгаа хамгаалуулах зорилгоор үйлдвэрчний эвлэл байгуулах буюу нэгдэх эрхтэй.</para>
         </listitem>
      </orderedlist>
   </article>
   <article number="24">
      <title>Хорин дөрөвдүгээр зүйл</title>
      <para>Хүн бүр ажлын цагийг зохистойгоор хязгаарлахыг шаардах, цалинтай тогтмол амралт эдлэх эрхийг оролцуулан амрах, зав чөлөөтэй байх эрхтэй.</para>
   </article>
   <article number="25">
      <title>Хорин тавдугаар зүйл</title>
      <orderedlist>
         <listitem>
            <para>Хүн бүр хоол хүнс, хувцас хунар, орон байр, эмчилгээ сувилгаа, нийгэм ахуйн зайлшгүй шаардлагатай үйлёилгээг оролцуулаад өөрийн болон ам бүлийнхнийхээ эрүүл мэнд, аж амьдралыг тэтгэхэд хүрэлцэхүйц амьжиргаатай байх эрхтэй, ажилгүйдэх, өвчлөх, тахир дутуу болох, бэлэвсрэх, өтлөх, эсвэл өөрөөс үл хамаарах бусад шалтгаанаар амь зуулгагүй болох нөхцөлд тэтгэмж авах эрхтэй.</para>
         </listitem>
         <listitem>
            <para>Эх, нялхас онцгой асрамж, туслалцаа авах эрхтэй. Баталгаатай гэр бүлээс гарсан болон бутач хүүхэд ялгаагүй нийгмээр адилхан хамгаалуулна.</para>
         </listitem>
      </orderedlist>
   </article>
   <article number="26">
      <title>Хорин зургадугаар зүйл</title>
      <orderedlist>
         <listitem>
            <para>Хүн бүр сурч боловсрох эрхтэй. Наад зах нь анхан шатны болон ерөнхий боловсролыг үнэ төлбөргүй олгодог байвал зохино. Хүн бүр заавал анхан шатны боловсролтой байх шаардлагатай. Техникийн болон тусгай мэргэжлийн боловсрол нийтэд хүртээмжтэй байх ёстой, авъяас чадварыг нь үндэслэн хүн бүрт дээд боловсрол эзэмших боломжийг адилхан олгох ёстой.</para>
         </listitem>
         <listitem>
            <para>Боловсрол нь бие хүнийг өв тэгш хөгжүүлэх, хүнйи эрх, үндсэн эрх ёөлөөг улам бүр хүндэтгэдэг болгоход чиглэх ёстой. Боловсрол нь аливаа улс түмэн, янз бүрийн арьстан хийгээд шашны бүлгүүд бие биенээ ойлгох, хүлцэн тэвёих, эвсэн найрамдах, мөн түүнёлэн Нэгдсэн Үндэстний Байгууллагаас энх тайвныг сахин хамгаалах талаар явуулж буй үйл ажиллагаанд дөхөм үзүүлэх ёстой.</para>
         </listitem>
         <listitem>
            <para>Бага насны хүүхдийн боловсролын чиглэлийг сонгоход эцэг эх давуу эрх эдэлнэ.</para>
         </listitem>
      </orderedlist>
   </article>
   <article number="27">
      <title>Хорин долдугаар зүйл</title>
      <orderedlist>
         <listitem>
            <para>Хүн бүр нийгмийнхээ соёлын амьдралд чөлөөтэй оролцох, урлагийг бахдах, шинжлэх ухааны дэвшилд оролцож үр шимийг нь хүртэх эрхтэй.</para>
         </listitem>
         <listitem>
            <para>Хүн бүр өөрийн туурвисан шинжлэх ухаан, утга зохиол, уран сайхны бүтээлийн материаллаг болон ёс суртахууны үр шимийг хүртэж, ашиг сонирхлоо хамгаалуулах эрхтэй.</para>
         </listitem>
      </orderedlist>
   </article>
   <article number="28">
      <title>Хорин наймдугаар зүйл</title>
      <para>Хүн бүр энэ Тунхаглалд заасан эрх, эрх чөлөөг бүрэн эдэлж болохуйц тийм нийгмийн байгууламж болон олон улсын дэг журамд аж төрөх ёстой.</para>
   </article>
   <article number="29">
      <title>Хорин есдүгээр зүйл</title>
      <orderedlist>
         <listitem>
            <para>Хүн бүр нийгмийнхээ өмнө тодорхой үүрэг хүлээх бөгөөд гагцхүү нийгэм л бие хүний чөлөөтэй, өв тэгш хөгжлийг хангана.</para>
         </listitem>
         <listitem>
            <para>Хүн бүр эрх, эрх чөлөөгөө эдлэхдээ бусдын эрх, эрх чөлөөг зүйн дагуу зөвшөөрөн хүндлэх, ёс суртахууны шударга шаардлагыг биелүүлэх, ардёилсан нийгэмд байдаг хэв журам, бүх нийтийн сайн сайхан байдлыг хангах үүднээс хуульчлан тогтоосон зохих хязгаарлалтад л захирагдана.</para>
         </listitem>
         <listitem>
            <para>Эдгээр эрх, эрх чөлөөг Нэгдсэн Үндэстний Байгууллагын зорилго, зарчимд харшлуулан эдлэх ёсгүй.</para>
         </listitem>
      </orderedlist>
   </article>
   <article number="30">
      <title>Гучдугаар зүйл</title>
      <para>Энэхүү Тунхаглалын ямар ч зүйл ангийг аль нэг улс орон, бүлэг буюу бие хүний зүгээс энд тунхагласан эрх, эрх чөлөөг үгүйсгэхэд чиглэсэн аливаа ажиллагаа явуулах, тийм үйлдэл хийх эрх, бололцоо олгож байгаа мэтээр мушгин ойлгож болохгүй.</para>
   </article>
</udhr>