<?xml version="1.0" encoding="UTF-8"?>

<!--© The Office of the High Commisioner for Human Rights-->

<udhr iso639-3='lin' xml:lang='ln' key='lin_tones' n='Lingala (tones)' xmlns="http://www.unhchr.ch/udhr">
  <title>LISAKOLI YA MOLƆ́NGƆ́ YA MAKOKÍ YA MOTO</title>
  <preamble>
    <title>MALOBA YA YAMBO</title>
    <para>Na botáláká ’te kondima limɛmya ya bato nyɔ́nsɔ ya molɔ́ngɔ́ mpé makokí ma bangó óyo ezalí ndéngé mɔ̌kɔ́ mpé bakokí kopímela moto tɛ́ ezalí ntína ya bonsɔ́mí, bosémbo mpé kímyá káti ya molɔ́ngɔ́. Na botáláká ’te komɔ́na mpámba mpé kobóya kotósa esengeli ya moto ebátelama na bokonzi ya bosémbo mpɔ̂ ’te, na sima yangó, moto ákóma na botɔmbɔki esóngó na minyɔ́kɔli tɛ́,</para>
    <para>Na botáláká ’te esengélí koléndisa boyókani na káti ya bikólo,</para>
    <para>Na botáláká ’te na káti ya Mokandá ya Mibéko ya Lisangá ya Bikólo ya Molɔ́ngɔ́, bato ya molɔ́ngɔ́ bayébísí lisúsu loléngé bandimí malɔki ya ntína ya moto, limɛmya mpé lokúmú ya moto, bokokani ya makokí ya bǎsí mpé babáli mpé na botáláká ’te bangó bayébísí ’te bazwí mokáno ya kobɔngisa ezalélí ya moto mpé kosála ’te moto azwa bomɔi malámu mpenzá na káti ya bonsɔ́mí ya monɛ́nɛ mpenzá,</para>
    <para>Na botáláká ’te kozala bato nyɔ́nsɔ na makanisi ndéngé mɔ̌kɔ́ mpɔ̂ na makokí mpé bonsɔ́mí yangó, ezalí na ntína monɛ́nɛ mpɔ̂ ’te óyo bakáni elónga,</para>
    <para>Likita monɛ́nɛ ezalí koyébisa Lisakoli ya molɔ́ngɔ́ óyo ya makoki ya moto lokóla elɔ́kɔ óyo bato mpé bikólo nyɔ́nsɔ balingí bazwa, mpɔ̂ ’te bato mpé mangómbá nyɔ́nsɔ, na bobátelaka ntángo nyɔ́nsɔ Lisakoli yangó na motéma, basála makási na botéyi mpé bokólísí bwányá, mpɔ̂ ’te makokí mpé bonsɔ́mí yangó etósama mpé basála ’te bandima mpé basálélí yangó na bosɔ̂lɔ́ mpenzá na molɔ́ngɔ́ mobimba, ezala na káti ya bato ya Bikólo ya Lisangá bangó mɔ̌kɔ́ tǒ na káti ya ekólo mpé molɔ́ngɔ́ mobimba.</para>
  </preamble>
  <article number="1">
    <title>ETÉNI YAMBO (1)</title>
    <para>Bato nyɔ́nsɔ na mbótama bazalí nsɔ́mí mpé bakókání na limɛmya mpé makokí. Bazalí na mayɛ́lɛ mpé basengélí kovánda na bondeko o káti na bangó.</para>
  </article>
  <article number="2">
    <title>ETÉNI YA 2</title>
    <para>Moto nyɔ́nsɔ azalí na makokí mpé bonsɔ́mí nyɔ́nsɔ óyo elimbólámí na káti ya Lisakoli óyo, bokɛsɛni atá mokɛ́ tɛ́, na mambí matálí lomposo ya nzóto, bomwǎsí tǒ bobáli, lokóta, lingómba ya nzámbe, makanisi ya politiki tǒ ya ndéngé mosúsu, ekólo tǒ lingómba ya bato, bokulaka, mbótama tǒ makambo mosúsu.</para>
    <para>Epái mosúsu, na botálaka elɔ́kɔ ya moto, epikísámí kosála bokɛsɛni na mambí matálí mibéko ya politiki, mibéko ya bosámbisi tǒ ya boyókani na mikili mosúsu, ezala ekólo tǒ mabelé ya nsɔ́mí tǒ óyo eyángélémání na baúta, tǒ óyo ezwí bonsɔ́mí ya síkísíkí tɛ́.</para>
  </article>
  <article number="3">
    <title>ETÉNI YA 3</title>
    <para>Moto nyɔ́nsɔ azalí na likokí ya kozala na bomɔi, na kozala nsɔ́mí mpé kozala motéma nsɛi na bomoto na yě.</para>
  </article>
  <article number="4">
    <title>ETÉNI YA 4</title>
    <para>Moto atá mokɛ́ tɛ́ asengélí kozala moúmbu; boúmbu mpé botɛ́ki baúmbu epikísámí na ndéngé nyɔ́nsɔ.</para>
  </article>
  <article number="5">
    <title>ETÉNI YA 5</title>
    <para>Moto atá mokɛ́ tɛ́ asengélí konyɔ́kama mpé kosalelama makambo ya bonyama mpé óyo ezanga bomoto na lokúmú.</para>
  </article>
  <article number="6">
    <title>ETÉNI YA 6</title>
    <para>Moto nyɔ́nsɔ azalí na likokí ’te bayéba makokí na yě bipái nyɔ́nsɔ.</para>
  </article>
  <article number="7">
    <title>ETÉNI YA 7</title>
    <para>Bato nyɔ́nsɔ bakokání libosó ya mobéko mpé bazalí na likokí ya kobátelama na mobéko sé ndéngé mɔ̌kɔ́. Bánsɔ bazalí na likokí ya kobátelama sé ndéngé mɔ̌kɔ́ esóngó na bikelá nyɔ́nsɔ ya bokɛsɛnisi elongobani tɛ́ na Lisakoli óyo mpé esóngó na bikelá nyɔ́nsɔ óyo ekobota bokɛsɛnisi yangó.</para>
  </article>
  <article number="8">
    <title>ETÉNI YA 8</title>
    <para>Moto nyɔ́nsɔ azalí na likokí ya koluka lisálisi ya nsɔ́lɔ́ mpenzá na libosó ya mangómbá ya bosámbisi ya ekólo óyo ezalí na bwányá esóngó na bikelá óyo ekotángola malɔki ya ntína endimámí na mibéko mpɔ̂ na yě.</para>
  </article>
  <article number="9">
    <title>ETÉNI YA 9</title>
    <para>Moto mɔ̌kɔ́ tɛ́ akokí kokangama tǒ kobengisama ntína tɛ́.</para>
  </article>
  <article number="10">
    <title>ETÉNI YA 10</title>
    <para>Moto nyɔ́nsɔ azalí na likokí ’te likambo na yě lokóla ya bato nyɔ́nsɔ, esámbisama na bosémbo mpé na mǐso ya bato nyɔ́nsɔ na esámbiselo ya nsɔ́mi mpé ya epái mɔ̌kɔ́ tɛ́, óyo ekozwa mikáno ɛngɛ́bɛ́nɛ́ na makokí mpé masɛ́nginyá yě tǒ ɛngɛ́bɛ́nɛ́ na bosɔ̂lɔ́ ya likambo yě afúndámí.</para>
  </article>
  <article number="11">
    <title>ETÉNI YA 11</title>
    <orderedlist>
      <listitem>
	<para>Moto nyɔ́nsɔ óyo afúndámí na likambo azalí naíno mabɔ́kɔ mpɛ́mbɛ́ téé ntángo bakotatola ɛngɛ́bɛ́nɛ́ na mobéko, mabé yě asálí, na libánza óyo ekosalama na mǐso ya bato nyɔ́nsɔ, epái wápi mánsɔ esengélí kosalama mpɔ̂ te mofúndami azwa na yě.</para>
      </listitem>
      <listitem>
	<para>Moto atá mɔ̌kɔ́ tɛ́ asengélí kozwa etúmbu mpɔ̂ na makambo tǒ botíki óyo, ntángo esálámákí, ezalákí naíno mbéba tɛ́, ɛngɛ́bɛ́nɛ́ na mibéko ya ekólo tǒ ya molɔ́ngɔ́. Soo loléngé yangó, bakokí tɛ́ kopɛ́sa moto etúmbu koleka óyo ezalaka kopɛ́sama na ntángo likambo esalámákí.</para>
      </listitem>
    </orderedlist>
  </article>
  <article number="12">
    <title>ETÉNI YA 12</title>
    <para>Moto atâ mɔ̌kɔ́ tɛ̂ akokí kokɔ́ta mpámba na makambo etálí ezaleli, libótá, ndáko mpé mikandá ya nganda tǒ mpé kobébisa lokúmú na yě. Moto nyɔ́nsɔ azalí na likokí ya kobátelama na mobéko esóngó na bikɔ́ta‐kɔ́ta yangó.</para>
  </article>
  <article number="13">
    <title>ETÉNI YA 13</title>
    <orderedlist>
      <listitem>
	<para>Moto nyɔ́nsɔ azalí na makokí ya kotámbola ndéngé alingí mpé kopɔna esíká ya kovánda káti ya ekólo.</para>
      </listitem>
      <listitem>
	<para>Moto nyɔ́nsɔ azalí na makokí ya kotíka ekólo nyɔ́nsɔ atá ya yě mɔ̌kɔ́ mpɔ̂ na kokɛnda na ekólo mosúsu; yě akokí mpé kozónga na ekólo na yě.</para>
      </listitem>
    </orderedlist>
  </article>
  <article number="14">
    <title>ETÉNI YA 14</title>
    <orderedlist>
      <listitem>
	<para>Na libosó ya monyɔ́kɔli, moto nyɔ́nsɔ azalí na likokí ya koluka mpé kozwa esíká ya kobómba nzóto na bikólo mosúsu.</para>
      </listitem>
      <listitem>
	<para>Likokí yangó likopɛ́sama tɛ́ na moto afúndámí na likambo ya makási tǒ na bikelá óyo elongobani tɛ́ na mibéko ya Lisangá ya Bikólo ya Molɔ́ngɔ́.</para>
      </listitem>
    </orderedlist>
  </article>
  <article number="15">
    <title>ETÉNI YA 15</title>
    <orderedlist>
      <listitem>
	<para>Moto nyɔ́nsɔ azalí na likokí ya koyébana mosí‐ekólo.</para>
      </listitem>
      <listitem>
	<para>Bakokí tɛ́ kopímela moto likokí ya kozala mosí‐ekólo tǒ ya kokóma moto ya ekólo mosúsu.</para>
      </listitem>
    </orderedlist>
  </article>
  <article number="16">
    <title>ETÉNI YA 16</title>
    <orderedlist>
      <listitem>
	<para>Sɔ́kí mobú ya kobálana ekokí, mobali mpé mwâsí bakokí kokwêlana mpé kotónga libóta mpé masímbisi ezala tɛ́ na makambo etálí lomposo, ekólo tǒ lingómba ya nzámbe. Bangó bazalí na makokí sé ndéngé mɔ̌kɔ́ na makambo etálí makwéla, ezala ntángo ya makwéla tǒ ntángo ya bokabwani.</para>
      </listitem>
      <listitem>
	<para>Libála ekokí kosalama sé sɔ́kí mwâsí na mobali bangó méi bandimi na motéma mɔ̌kɔ́.</para>
      </listitem>
      <listitem>
	<para>Libála ezalí longómba ya ntína mpɔ̂ na bato mpé ezalí na likokí ya kobátelama na bato mpé Lɛ́ta.</para>
      </listitem>
    </orderedlist>
  </article>
  <article number="17">
    <title>ETÉNI YA 17</title>
    <orderedlist>
      <listitem>
	<para>Moto nyɔ́nsɔ azala yě mɔ̌kɔ́ tǒ na káti ya lisangá, azalí na likokí ya mokóló‐ekólo.</para>
      </listitem>
      <listitem>
	<para>Bakokí atá mokɛ́ tɛ́ kopímela tǒ kobɔ́tɔla moto elɔ́kɔ na yě sɔ́kí ntína ezalí tɛ́.</para>
      </listitem>
    </orderedlist>
  </article>
  <article number="18">
    <title>ETÉNI YA 18</title>
    <para>Moto nyɔ́nsɔ azalí na likokí, ya kozala na makanisi na yě, mayɛ́lɛ na yě ya motéma mpé lingómba na yě ya nzámbe; likokí yangó ekopɛ́sa yě ndingisa ya kopɔna lingómba ya nzámbe tǒ kobóngola makanisi na yě, yě mɔ̌kɔ́ tǒ elongo na baníngá, ezala na mǐso ya bato ya mɛi; na botéyi, na bikelá, na bokúmisi nzámbe mpé milúlú.</para>
  </article>
  <article number="19">
    <title>ETÉNI YA 19</title>
    <para>Moto nyɔ́nsɔ azalí na likokí ya bokanisi mpé bolobi; yangó ekopɛ́sa yě ndingisa ya kozala na bomɔi na motéma tɛ́ likoló ya makanisi na yě ndingisa ya koluka, kozwa mpé kopanza mayébisi na makanisi esíká na esíká, na ndéngé alingí koyébisa yangó.</para>
  </article>
  <article number="20">
    <title>ETÉNI YA 20</title>
    <orderedlist>
      <listitem>
	<para>Moto nyɔ́nsɔ azalí na likokí ya kozala na likita mpé lingómbá óyo ezalí na kímyá.</para>
      </listitem>
      <listitem>
	<para>Ekokí tɛ́ kosengama na makási tɛ́ moto akɔ́ta na lingómbá.</para>
      </listitem>
    </orderedlist>
  </article>
  <article number="21">
    <title>ETÉNI YA 21</title>
    <orderedlist>
      <listitem>
	<para>Moto nyɔ́nsɔ azalí na likokí ya kotíya mabɔ́kɔ na bokambi misálá ya ekólo na yě ezala yě mɔ̌kɔ́ tǒ na batóma yě mɔ̌kɔ́ apɔní.</para>
      </listitem>
      <listitem>
	<para>Moto nyɔ́nsɔ azalí na likokí, lokóla baníngá nyɔ́nsɔ ya kosála misálá ya Lɛ́ta.</para>
      </listitem>
      <listitem>
	<para>Bolingi yangó esengélí komɔ́nana na mapɔni ya sémbo óyo esengélí kosalama mbala na mbala, na lipɔ́neli ya bato nyɔ́nsɔ mpé na bopɔni ya Lingómbá tǒ na ndéngé mosúsu ekokani na yangó mpé ekosála ’te bato bapɔna na bonsɔ́mí nyɔ́nsɔ.</para>
      </listitem>
    </orderedlist>
  </article>
  <article number="22">
    <title>ETÉNI YA 22</title>
    <para>Moto nyɔ́nsɔ, lokóla azalí mɔ̌kɔ́ ya lingómbá, azalí na likokí ya kozwa lisálisi ya esálelo‐lisungi, oyo ezalí na ndingisa ya kopɛ́sa moto makokí ya yě ya mosólo, ya bomɔi mpé ezaleli, mpɔ̂ na lokúmú mpé bokóli malámu ya bomoto na yě, na lisálisi ya bokási ya ekólo mpé ya boyókani ya mikili na mikili, ɛngɛ́bɛ́nɛ́ na mwangó mpé bokulaka ya ekólo na ekólo.</para>
  </article>
  <article number="23">
    <title>ETÉNI YA 23</title>
    <orderedlist>
      <listitem>
	<para>Moto nyɔ́nsɔ azalí na likokí ya kozwa mosálá, ya kopɔna mosálá yě alingí, na ndéngé ya sémbo elongobani na mosálá, mpé basengélí kobátela ya esóngó na bosɔmɛ́lɛ.</para>
      </listitem>
      <listitem>
	<para>Bato nyɔ́nsɔ bazalí na likokí, bokɛsɛni atá tɛ́, ya kozwa lifúta ekokani mpɔ̂ na mosálá ekokani.</para>
      </listitem>
      <listitem>
	<para>Moto nyɔ́nsɔ akosála, azalí na likokí ya kozwa lifúta ya sémbo mpé elongobani, oyo ekosála tɛ́ yě na libóta na yě bazwa bomɔi elongobani na lokúmú ya moto, mpé ekokí kobɔngisama lisúsu na ndéngé nyɔ́nsɔ ya bobáteli bomɔi.</para>
      </listitem>
      <listitem>
	<para>Moto nyɔ́nsɔ azalí na likokí ya kokela basɛndiká elongo na baníngá mpé kokɔ́ta na basɛndiká mpɔ̂ na kokɛ́ngɛla maloki na yě.</para>
      </listitem>
    </orderedlist>
  </article>
  <article number="24">
    <title>ETÉNI YA 24</title>
    <para>Moto nyɔ́nsɔ azalí na likokí ya bopémisi mpé bopémisi nzóto, míngi ya bozwi eleko ya sémbo ya boúmélí na mosálá mpé na bozwi lifúta na bakonzi ya mbala na mbala.</para>
  </article>
  <article number="25">
    <title>ETÉNI YA 25</title>
    <orderedlist>
      <listitem>
	<para>Moto nyɔ́nsɔ azalí na likokí ya kobíkela na ndéngé elongobani mpɔ̂ ’te azwa bokɔ́lɔ́ngɔ́nú, bozala malámu ya yě mpé ya libóta na yě epúsí na makambo etálí kolíya, koláta, kovánda, kosálisa nzóto mpé kosungama na ndéngé esengélí ; yě azalí na likokí ya kosálisama na ntángo ya bosɔmɛ́lɛ, bokɔnɔ, bosɛ́lɛ́, bozéngé, bobangé tǒ na ntángo mosúsu yě akozánga mosólo ya kobíkela na sima ya makambo esálámí na bolinga na yě tɛ́.</para>
      </listitem>
      <listitem>
	<para>Bomamá mpé bomwǎna ezalí na likokí ya kosungama na ndéngé elongobani. Mwǎna nyɔ́nsɔ abótama káti ya makwéla tǒ na libándá asengélí kobátelama tǒ ndéngé mɔ̌kɔ́.</para>
      </listitem>
    </orderedlist>
  </article>
  <article number="26">
    <title>ETÉNI YA 26</title>
    <orderedlist>
      <listitem>
	<para>Moto nyɔ́nsɔ azalí na likokí ya bokólísi bwányá mpé mayɛ́lɛ. Matéya esengélí kopɛ́sama mpámba, mosólo tɛ́, atá na bakelási ya mabandela. Matéya ya mabandela esengéní kopɛ́sama na moto nyɔ́nsɔ. Matéya ya tekniki mpé ya mosálá esengélí kopɛ́sama bipái nyɔ́nsɔ; eposá ya kozwa matéya ya kelási ya minɛ́nɛ esengélí kopɛ́sama na bato nyɔ́nsɔ, sé ndéngé mɔ̌kɔ́, ɛngɛ́bɛ́nɛ́ na mayɛ́lɛ na bangó.</para>
      </listitem>
      <listitem>
	<para>Bokólísi bwányá mpé mayɛ́lɛ esengélí kosála tɛ́ moto akóla na ndéngé nyɔ́nsɔ mpé atósa malámu mpenzá makokí mpé bonsɔ́mí ya ntína na moto. Yangó esengélí komɛma boyókani, bobóto, bolingo káti ya bikólo mpé mangómbá ya bato oyo lomposo mpé boyambi ekɛsɛni; yangó mpé esengélí kobɔngisa misálá ya Lisangá ya Bikólo ya Molɔ́ngɔ́ mpɔ̂ na bobáteli kímyá.</para>
      </listitem>
      <listitem>
	<para>Babóti bazalí na likokí ya yambo, ya bopɔni ndéngé ya matéya esengélí kopɛ́sama na bǎna na bangó.</para>
      </listitem>
    </orderedlist>
  </article>
  <article number="27">
    <title>ETÉNI YA 27</title>
    <orderedlist>
      <listitem>
	<para>Moto nyɔ́nsɔ azalí na likokí ya kotíya mabɔ́kɔ ndéngé alingí na misálá ya bokólísi bwányá ya lingómbá, kopɛ́sɛla na nkoti, mpé kotíya mabɔ́kɔ na botómboli nzébi mpé bolámu ya yangó.</para>
      </listitem>
      <listitem>
	<para>Moto nyɔ́nsɔ azalí na likokí ’te matómba ya misálá ya yě ya nzébi, ya bokómi mpé ya nkoti ebátelama.</para>
      </listitem>
    </orderedlist>
  </article>
  <article number="28">
    <title>ETÉNI YA 28</title>
    <para>Moto nyɔ́nsɔ azalí na likokí ’te káti ya bato mpé bikólo, nyɔ́nsɔ ebóngá mpɔ̂ te makokí mpé bonsɔ́mí oyo ekomámí káti ya Lisakoli oyo elónga.</para>
  </article>
  <article number="29">
    <title>ETÉNI YA 29</title>
    <orderedlist>
      <listitem>
	<para>Moto azalí na mikúmba epái ya lingómbá oyo ekopɛ́sa yě eposá ya bokólísi bomoto na yě na ndéngé elongobani.</para>
      </listitem>
      <listitem>
	<para>Moto nyɔ́nsɔ, na botálaka makokí mpé bonsɔ́mí na yě, asengélí kosála sé mikúmba oyo eyébání na mobéko sé mpɔ̂ ’te bayéba mpé bakúmisa maloki mpé bonsɔ́mí ya baníngá, mpé mpɔ̂ na kotósa mibéko ya sémbo ya ezalela kímyá ya bato mpé bozali malámu káti ya lingómbá ya boyángeli lisangá.</para>
      </listitem>
      <listitem>
	<para>Makokí mpé bonsɔ́mí yangó makokí, atâ mokɛ́ tɛ̂, kozala esóngó na masɛ́ngi ya Lisangá ya Bikólo ya Molɔ́ngɔ́.</para>
      </listitem>
    </orderedlist>
  </article>
  <article number="30">
    <title>ETÉNI YA 30</title>
    <para>Mobéko atá mɔ̌kɔ́ tɛ́ ya Lisangá óyo ekokí kozala mpɔ̂ na Lɛ́ta, na lisangá ya bato, tǒ na moto, likokí ya kosála likambo óyo ekonyata makokí mpé bonsɔ́mí áwa.</para>
  </article>
</udhr>


