<?xml version="1.0" encoding="UTF-8"?>

<!--© The Office of the High Commisioner for Human Rights-->

<udhr iso639-3='ace' xml:lang='ace' key='ace' n='Aceh' xmlns="http://www.unhchr.ch/udhr">
   <note>
      <para>Assalammualaikum meunan ulon kheun wate bie saleum meurumpok gata wa alaikum salam balaih gata kheun geutanyoe taseunyom rumeh lagoina lon puphon lajue meukeusud ulon keunoe ulon tron meurumpok gata lon peutrok haba suai paleng phon Peunyataan Umum Hak‐Hak Asasi Manusia. Tiep ureung lahee dengon hak‐hak drou kareuna geutanyo bangsa manusia hak‐hak muteulak nyang saban keu barangso jih, lon ngon gata droe sama mulia Peusyarikatan Bangsa‐Bangsa (PBB) kana “komitmen” meunan keuh dikheun lee awak lua dijunjong diseu‐on dilindong dipeutheun peunyuloh ureung haroik merdeka. Pane “komitmen” bak awai phon, puteh licen lon neulop sion‐on Piagam Peusyarikatan Bangsa‐Bangsa di sinan dikheun keuyakinan geutanyoe bandum keu nyan hai adun Hak Asasi Manusia. Cempala kuneng jipoue ue baroh cicem ceudaih jroh ceungklak lagoina uroue ka beungoh janji ka putoih mat bak kukoih Hak Asasi Manusia.</para>
   </note>
   <title>PEUNYATAAN UMUM TEUNTANG HAK ASASI MANUSIA</title>
   <preamble>
      <title>Mukadimah</title>
      <para>Ta bileung‐bileung ranub lam puan han tok deulapan di dalam raga ta timang‐timang Peunyataan Umum nyan na tujoh bilangan paleng utama;</para>
      <para>Teuseubot bak phon “martabat alamiah” hak nyang pantaih makheulok manusia hak‐hak nyang saban dan muteulak sah teumpat teumeuduk “kemerdekaan, keadilan, perdamaian dunia”;</para>
      <para>Suai kedua nyang ditimang‐timang dipandang hana yum oreung abeihna leu that buet awak nyan lagee binatang beungeh meuradang hatee manusia;</para>
      <para>Rasa teumakot tiep uroue sabee udep ngon matee hana leu bida hoe hoe nyang tajak hana bebah lee sang donya nyoe ka akhee tamong neuraka meubacut na yum di nyawong ureung peupeu meulinteung dilaboih saja nyang keuh seubab nyan hai teungku piyeung seurata ureung haroik merdeka;</para>
      <para>Suai neumboi lhee cuba timang lom atoe ngon hukom hak asasi manusia nyang keuh cara peuteunang kaom liwat Peusyarikatan Bangsa‐Bangsa keupeut diseubut peukong hubongan ngon dan rakan di leu neugara nyang keulimong, kheun Piagam nyan peuyakin bandum keu hak asasi manusia nyang keulimong, haroih tapeutrang hak‐hak geutanyoe bek teuk meucawoe meuraba‐raba;</para>
      <para>Suai martabat hareukat umat nyoe hak seunaroe bandum manusia inong ngon agam duek bak saree jeut mangat tapikee keumajuan beusama udep leubeh get keu seurata ulee supaya bek meupakee seusama syedara;</para>
      <para>Suai keunam bandum seupakat dong bak rapat deungon PBB bandum bangsa suara ka bulat junjong that‐that hak asasi nyang keutujoh, bak muphom beuthat leubeh meukarat bebah merdeka nyang paleng peunteng bah peuteupat cara peuseulamat janji nyang kana jinoe meulangkah ke</para>
      <para>Peunyataan Umum Majeulih Umum</para>
      <para>Peusyarikatan Bangsa‐Bangsa</para>
      <para>suai nyang ka kayem ta kheun‐kheun hak asasi bandum umat manusia Peunyataan Umum nyan keu ukoran umum keu tiep‐tiep bangsa seugala neugara nyoe tamuphom Peunyataan nyan dum jeut tasuson sion‐on bandum reuncana nyang diseubut‐seubut nibak phon‐phon tabie keu kaom ajaran ngon didekan nyata deungon nyan geutanyoe maken tamuphom hak‐hak kaom keu bebah merdeka lom nibak nyan peureulee leubeh tapeumaju leubeh tapeumeuseuhue dari nyang ka ka leubeh dimuphom le kaom, leubeh diakue takheun ibarat lampue dalam geulita.</para>
   </preamble>
   <article number="1">
      <title>Pasai 1</title>
      <para>Bandum manusia lahee bebah merdeka deungon hak ngon martabat nyang sama. Ngon akai taseumikee, ngon atee tameurasa bandum geutanyoe lagee syedara.</para>
   </article>
   <article number="2">
      <title>Pasai 2</title>
      <para>Tiep ureung na hak saban bandum bebah lam grak, bebah lam bicara meunan keuh dikheun lam Peunyataan Umum Peureulee that‐that tapham wahee syedara Peunyataan PBB nyan hana keucualie rupa ngon hie, puteh ngon itam inong ngon agam, brok ngon tarie dipandang sahie uroe ngon malam.</para>
      <para>Basa, agama, sukee ngon bangsa hana dipeubida, meunan cit sikap politek pangkat, hak milek, gasien ngon kaya dipandang seurupa, wahai pocut adek keududukan politek, hukom nangroe ureung sidroe‐droe (merdeka, jajahan, atawa seuteungoh jajahan) hame ditilek dan disidek, hanjeut dihiroe duek bak sajan, dong pieh bak saban.</para>
   </article>
   <article number="3">
      <title>Pasai 3</title>
      <para>Ureung droe‐droe bak jameun jinoe hanjeut boh atoe keu ureung lingka kareuna na hak udeep droe di dalam donya hame tapeukarue wahee syeedara.</para>
   </article>
   <article number="4">
      <title>Pasai 4</title>
      <para>Hana sidroe ureung bak jameun jinoe jeut boh atoe keu ureung lingka (tapeubudak, taprah, tajajah, tapeurugoe) buet nyan dilarang jinoe ngon teuma.</para>
   </article>
   <article number="5">
      <title>Pasai 5</title>
      <para>Tan sidroe ureung patot tasiksa jeut tadeura peuturot palak atawa tahukom ban‐ban na hawa atawa tahina ban‐ban na galak.</para>
   </article>
   <article number="6">
      <title>Pasai 6</title>
      <para>Tiep‐tiep ureung cit na hak droe na hak meungakue di likeu hukom tapeulaku ureung nyan sebagoe pribadi dro hanjeut beurangsoe tapubuet kon‐kon.</para>
   </article>
   <article number="7">
      <title>Pasai 7</title>
      <para>Tiep ureung saban bak mata hukom salah ngon beuna ta kalon teuma tiep ureung na hak lindongan hukom tan na bida deungon laen manusia. Patot hai rakan tanyoe tapuphom hanjeut hai ampon tapeubida‐bida jelaih nyan meuneuntang Peunyataan Umum Teuntang Hak‐Hak Asasi Manusia.</para>
   </article>
   <article number="8">
      <title>Pasai 8</title>
      <para>Tiep ureung na hak teurimong nyan le ureung carong dikheun “pemulihan efektif” dari nyang diseubut “pengadilan nasional yang kompeten” yakni keu seugala tindakan nyang meulangga “hak‐hak fundamental” nyang dijok ke gob nyan le undang‐undang dasa atawa hukom.</para>
   </article>
   <article number="9">
      <title>Pasai 9</title>
      <para>Hana sidroe ureung hai cutwa inseun jeut ban seuwenang‐wenang didrop ngon ditheun atawa diboh dipeuaseng di uteun di rimba atawa dengan laen cara nyang tak semeuna‐meuna.</para>
   </article>
   <article number="10">
      <title>Pasai 10</title>
      <para>Bandum ureung, hai teungku raja ateuh peuradilan na saban hak peuradilan nyang adee ngon teubuka lee peungadilan bebah hana meumihak.</para>
   </article>
   <article number="11">
      <title>Pasai 11</title>
      <orderedlist>
         <listitem>
            <para>Barangasoe didakwa lee hukom hanjeut hai kaom tapeugah salah preh dilee peungadilan teubuka peugot putosan deungon jaminan jeulah peungadilan bebah.</para>
         </listitem>
         <listitem>
            <para>Hana sidroe ureung jeut tapeusalah yoh goh jeulah meulangga hukom Seubab salah ngon beuna goh lom sah yoh goh diputoih lee tuanku hakim.</para>
         </listitem>
      </orderedlist>
   </article>
   <article number="12">
      <title>Pasai 12</title>
      <para>Hukom nasional dan internasional pieh dipeugah hanjeut kheun salah watee buet nyan teujadi hanjeut peubeurat hukoman si salah dari nyang haroih teujadi hai teungku sidi.</para>
   </article>
   <article number="13">
      <title>Pasai 13</title>
      <orderedlist>
         <listitem>
            <para>Tiep‐tiep ureung na hak dijak hoe‐hoe nyang galak bandum ureung na hak, hai cut adoe taduek lam bataih‐bataih saboh nanggroe.</para>
         </listitem>
         <listitem>
            <para>Tiep‐tiep ureung nak hak droe pinah dari saboih nanggroe u laen nanggroe teumasok nanggroe jieh keudroe dan wo teuma u nanggro droe.</para>
         </listitem>
      </orderedlist>
   </article>
   <article number="14">
      <title>Pasai 14</title>
      <orderedlist>
         <listitem>
            <para>Bandum ureung deungon niet droe na hak weh u rantoe mita suaka nyang keuh cara wahei samlakoe tapeuplueng droe dari hukom rimba.</para>
         </listitem>
         <listitem>
            <para>Bek tapeusaban wahei nyak awan ngon peunjahat kon politek nyang dipeuplueng droe atawa buet ngon tindakan nyang meulawan dasa ngon tujuan PBB bunoe.</para>
         </listitem>
      </orderedlist>
   </article>
   <article number="15">
      <title>Pasai 15</title>
      <orderedlist>
         <listitem>
            <para>Tiep ureung na hak maseng‐maseng droe meugantoe nanggroe pat nyang suka meunan kheun PBB wahee pang nanggroe teuntang gantoe meugantoe warga neugara.</para>
         </listitem>
         <listitem>
            <para>Hana barangsoe ban mangat asoe droe peubateu hak warga neugara ureung sidroe‐droe atawa ban‐ban galak peutulak hak ureung nyang meuganto warga neugara lagee pinah seung.</para>
         </listitem>
      </orderedlist>
   </article>
   <article number="16">
      <title>Pasai 16</title>
      <orderedlist>
         <listitem>
            <para>Meunyoe ban bandum galak bok rambot hana lee lagot kuneng boh langsat meunyoe inong ngon agam umue jih ka cot beudoh hai rakan meukawen leugat agam atawa inong kana hak jih hak meunikah ngon meukeuluarga. Hak meukawen ngon meuchree pih hana pandang bangsa, warga neugara ngon agama.</para>
         </listitem>
         <listitem>
            <para>Oreung nyang meukawen, hai puteh licen ta kheun mungken ngon pilihan droe lintoe ngon dara baroe peujatoh pilihan han jeut jitham lee barangsoe.</para>
         </listitem>
         <listitem>
            <para>Ayah, ma ngon aneuk‐aneuk, nyoe na meunan takheun, hai aneuk teungku di barat saboh keusatuan alamiah masyarakat nyang mendasa, bandum na lindongan dari negara ngon masyarakat.</para>
         </listitem>
      </orderedlist>
   </article>
   <article number="17">
      <title>Pasai 17</title>
      <orderedlist>
         <listitem>
            <para>Na hak ateuh atra bagi tiep‐tiep ureung sidroe‐droe atawa beusama han jeut dipeukarue le sidroe‐droe ureung.</para>
         </listitem>
         <listitem>
            <para>Bandum geutanyoe bebah tapeumeugah peuteubit peundapat hansoe jeut ceugah informasi ngon asoe pikeran bebah ta mita bebah teurimong ngon tapeutrok tan bataih wilayah.</para>
         </listitem>
      </orderedlist>
   </article>
   <article number="18">
      <title>Pasai 18</title>
      <para>Tiep ureung na hak, wahei nyak intan ateuh kebeubasan pikeran, agama ngon atee nuranie teumasok meuganto agama atawa kepeucayaan meunan keuh dipeupham lee Peunyataan Umum PBB supaya meusampo, wahee samlako ajaran nyan haroih tapeuaja, tapeubuet, tapeutaat, sidroe‐droe atawa beusama, di likeu umum atawa sidroe‐droe ngon beurangsoe.</para>
   </article>
   <article number="19">
      <title>Pasai 19</title>
      <para>Bandum geutanyoe bebah tapeumeugah bebah tasanggah, bebah tapeunyoe hana sidroe ureung jit diceugah peu‐peu nyang tapeugah ban saban uroe mita, teurimong ngon peutrok informasi dan asoe pikeran, pieh hanjeut soe tham pieh bebah tangeui tiep media hana batasan di dalam nanggroe atawa lua rantoe.</para>
   </article>
   <article number="20">
      <title>Pasai 20</title>
      <orderedlist>
         <listitem>
            <para>Tanyoe pieh na hak meusapat‐sapat ta peuduek rapat ta peugah haba hanjeut soe ceugah han jeut soe umpat hanjeut soe na tham ngon cara paksa.</para>
         </listitem>
         <listitem>
            <para>Na hak bak tanyoe beudong kumpolan meukawan‐kawan ikot peumilu han jeut soe paksa ikot kumpolan geutanyoe bebah that‐that bak tameuikue.</para>
         </listitem>
      </orderedlist>
   </article>
   <article number="21">
      <title>Pasai 21</title>
      <orderedlist>
         <listitem>
            <para>Ikot peumilu langsung ngon bebah pileh wakilah nyang tapeucaya bek salah pileh awak wakilah bacut meusalah pileh nyang buya.</para>
         </listitem>
         <listitem>
            <para>Meunang ngon taloe kon masalah jujoe ngon ade paleng utama na hak taturot lam pameurintah meunyoe nyoe ceudah pimpen neugara.</para>
         </listitem>
         <listitem>
            <para>Nyang hanjeut tatulak keuheundak rakyat lam bandum teumpat lam kuasa neugara keuheundak rakyat haruih peuteugah peundapat liwat peumilu nyang jujoe, adee, bebah, rahasia peumilu meuseuti murnie ngon teutap umum, seudeurajat, bebah ngon rahsia jeut cih ngon cara laen nyang sama mantap tapi nyang peunteng bebah ngon rahsia.</para>
         </listitem>
      </orderedlist>
   </article>
   <article number="22">
      <title>Pasai 22</title>
      <para>Tiep ureung, seubagoe warga masyarakat na hak ateuh jaminan sosiai nyang utama oreung nyang paleng meukarat bek tok dimita hareukat deungon meugadee nyang bandum peureulee demi martabat droe sidroe pribadi nyang timoh bebah merdeka rot useuha‐useuha lam nanggroe ngon lua rantoe nyang diuroih ngon sumber daya tiep neugara.</para>
   </article>
   <article number="23">
      <title>Pasai 23</title>
      <orderedlist>
         <listitem>
            <para>Tiep ureung na hak ateuh buet useuha bebah dipileh peu nyang jieh suka jieh pieh na hak ateuh syarat‐syarat buet nyang adee seureuta hak lindongan dari peunganggoran.</para>
         </listitem>
         <listitem>
            <para>Tiep‐tiep ureung, hai agam meutuah, hanjeut na diskriminasi dalam hai upah keu buet yang saban, beurat ngon ringan inong ngon agam hanjeut na bida.</para>
         </listitem>
         <listitem>
            <para>Tiep ureung keureuja na hak keu upah nyang adee dan meu‐untong, nyang ka jeulah nyang na jamenan udeep, nyang na martabat na lindongan sosiai, keu dro ngon keurabat.</para>
         </listitem>
         <listitem>
            <para>Tiep ureung na hak peudong kumpolan dan tamong syarikat‐syarikat seukeureuja nyang na nyan keuh cara peulindong droe dari kaom majikan nyang seuwenang‐wenang.</para>
         </listitem>
      </orderedlist>
   </article>
   <article number="24">
      <title>Pasai 24</title>
      <para>Ureung keureuja kon budak dolat nyang patoh bulat bak tuanku raja tanyo pieh na hak tameusyarikat keu tameumupakat ke seujahteura.</para>
   </article>
   <article number="25">
      <title>Pasai 25</title>
      <orderedlist>
         <listitem>
            <para>Tiep ureung na hak ke tarap udeep jroh na jaminan keusehatan ke droe ngon aneuk binoe teumasok hak keu ie ngon bue, pakaian ngon rumoh keusejahteraan ngon jaminan sosiai haruih dihiroe jaminan pieh beuna ke awak menganggoe yang saket ngon cacat, trep ngon baroe nyang janda‐janda ngon lanjot usia seureuta kaom nyang kureung beulanja.</para>
         </listitem>
         <listitem>
            <para>Ma ngon aneuk bek meutangilang bak na beureujang rawatan ngon bantuan bandum aneuk, teumasok nyang lahee hareum jaminan sosiai neugara haroih na keu awak nyan.</para>
         </listitem>
      </orderedlist>
   </article>
   <article number="26">
      <title>Pasai 26</title>
      <orderedlist>
         <listitem>
            <para>Hak tiep aneuk tamong sikula, wahee ya ayah nyang hana biaya, paleng ubit sikula rendah peundidikan reundah meuseuti peuwajib supaya tiep aneuk sikula teureutib. Peundidikan teukeunik ngon jurusan haroih jeulah haruih teupeuhah luah keu ureung lingka meunan cit lom peundidekan tenggi haroih cit keu ureung lingka sama seukali.</para>
         </listitem>
         <listitem>
            <para>Peundidekan meuseuti peukeumang pribadi dan peukong peunghargaan hak asasi “Kebebesan fundamental” bek hana taturi bandum nyan saban peunteng lagee bue ngon ie.</para>
         </listitem>
         <listitem>
            <para>Aneuk miet lagee ie biet ngon bue puteh suci murni lagee kertah goh teutuleh oreungtua, inong ngon agam, wajeb tapham awak nyan haroih dibimbeng watee pileh peundidekan.</para>
         </listitem>
      </orderedlist>
   </article>
   <article number="27">
      <title>Pasai 27</title>
      <orderedlist>
         <listitem>
            <para>Nyoe na sikula oreung jeut ceudah carong dipeugah seugala rupa seubab nyan peureule na keubebasan peukeumang ileume ngon keubudayaan.</para>
         </listitem>
         <listitem>
            <para>Nyang hana mudah ta cipta karya karya ileumee, seuni, sastra ngon budaya uleh seubab nyan peureule lindongan karya ilmiah, seuni, sasteura ngon budaya.</para>
         </listitem>
      </orderedlist>
   </article>
   <article number="28">
      <title>Pasai 28</title>
      <para>Tiep‐tiep ureung na hak ateuh saboih tatanan, sosia ngon internasiona, meunan bak tapham lam tatanan nyan, hak‐hak dan keubebasan lam Peunyataan nyo, peureulee teulaksana peunoh bak sajan.</para>
   </article>
   <article number="29">
      <title>Pasai 29</title>
      <orderedlist>
         <listitem>
            <para>Tiep‐tiep ureung, hai bungong kareung na keuwajiban keu masyarakat luah masyarakat teumpat tiep‐tiep ureung peukeumang keupribadian ngon hana batah.</para>
         </listitem>
         <listitem>
            <para>Tiep‐tiep ureung na hak ngon keubebasan lam tapeujalan, meunan peureulee takheun tiep ureung haruih tundok keu batasan‐batasan yakni undang‐undang ngon peuraturan tujuan undang‐undang, taakue, tapeuhormat hak ngon keubebasan ureung laen, dan keu tapeujalan syarat‐syarat nyang adee lam akhlak, keutertiban, dan keseujehteraan umum lam masyarakat demokratis.</para>
         </listitem>
         <listitem>
            <para>Hak ngon kebebasan nyan, hai nyak bintang sama seukali hanjeut meuteuntang ngon tujuan dan prinsep‐prinsep Peusyarikatan Bangsa‐Bangsa.</para>
         </listitem>
      </orderedlist>
   </article>
   <article number="30">
      <title>Pasai 30</title>
      <para>Han jeut na saboih dalam Peunyataan nyoe ta peusalah tafsee, hai bungong padee yakni meupeujok hak keu saboh neugara, keulompok atawa ureung si droe‐droe. Yakni hak teulibat lam tiep keugiatan nyang meukeusud meupeurusak hak‐hak ngon keubebasan nyang na dalam Peunyataan nyoe salah tafsee nyan hanjeut na beu ubee ujung padee.</para>
   </article>
</udhr>