<?xml version="1.0" encoding="UTF-8"?>

<!--© The Office of the High Commisioner for Human Rights-->

<udhr iso639-3='hye' xml:lang='hy' key='hye' n='Armenian' xmlns="http://www.unhchr.ch/udhr">
  <title>ՄԱՐԴՈՒ ԻՐԱՎՈՒՆՔՆԵՐԻ ՀԱՄԸՆԴՀԱՆՈՒՐ ՀՌՉԱԿԱԳԻՐ</title>
  <note>
    <para>ՄԻԱՎՈՐՎԱԾ ԱԶԳԵՐԻ ԿԱԶՄԱԿԵՐՊՈՒԹՅՈՒՆ</para>
    <para>Հասարակական տեղեկատվության բաժին</para>
    <para>Մարդու իրավունքները</para>
    <para>հրապարակված Միավորված ազգերի կազմակերպության Մարդու իրավունքների համընդհանուր հռչակագրում</para>
    <para>1948 թվականի դեկտեմբերի 10-ին Միավորված ազգերի կազմակերպության Ընդհանուր Ժողովն ընդունեց ու ազդարարեց Մարդու իրավունքների համընդհանուր հռչակագիրը, որի ամբողջական տեքստն ամփոփված է գրքույկի հաջորդ էջերում։ Պատմական նշանակություն ունեցող այս որոշումն ընդունելուց հետո Ժողովը բոլոր անդամ պետություններին կոչ արեց հրապարակել Հռչակագրի տեքստը և անել ամեն ինչ փաստաթղթի «տարածման, հրապարակման ու մեկնաբանման համար, գլխավորապես դպրոցներում և այլ ուսումնական հաստատություններում, առանց երկրների կամ տարածքների քաղաքական կարգավիճակի տարբերակման։</para>
    <para>Խավիեր Պերես դե Կուելյար</para>
    <para>ԳԼԽԱՎՈՐ ՔԱՐՏՈՒՂԱՐ</para>
    <para>Բոլոր մարդիկ ծնվում են հավասար ու անօտարելի իրավունքներով և հիմնական ազատություններով։</para>
    <para>Միավորված ազգերը պարտավորություն է ստանձնել պահպանել, խրախուսել ու պաշտպանել յուրաքանչյուր անհատի մարդու իրավունքները։ Այս պարտավորությունը բխում է Միավորված ազգերի կանոնադրությունից, որը վերահաստատում է աշխարհի ժողովուրդների հավատը մարդու հիմնական իրավունքների, անձի արժանապատվության ու արժեքի նկատմամբ։</para>
    <para>Մարդու իրավունքների համընդհանուր հռչակագրում Միավորված ազգերի կազմակերպությունը պարզ ու հասկանալի ձևով ներկայացրել է այն իրավունքները, որոնք հավասարապես պատկանում են յուրաքանչյուր մարդու։</para>
    <para>Այս իրավունքները պատկանում են ձեզ։</para>
    <para>Սրանք ձեր իրավունքներն են։</para>
    <para>Ծանոթացեք դրանց։ Աջակցեք այդ իրավունքներին, պաշտպանեք դրանք հանուն ձեզ և ձեր եղբայրակիցների։</para>
  </note>
  <preamble>
    <title>ՆԵՐԱԾԱԿԱՆ</title>
    <para>Քանզի մարդկային ընտանիքի բոլոր անդամներին ներհատուկ արժանապատվությունը և հավասար ու անօտարելի իրավունքները աշխարհի ազատության, արդարության ու խաղաղության հիմքն են․</para>
    <para>Քանզի մարդու իրավունքների նկատմամբ քամահրանքն ու արհամարհանքը հանգեցրել են մարդկության խիղճը խռոված բարբարոսական գործողությունների, և քանի որ այնպիսի աշխարհի ստեղծումը, ուր մարդիկ կվայելեն խոսքի ու համոզմունքների ազատություն և զերծ կլինեն վախից ու կարիքից հռչակվել է որպես մարդկանց բարձրագույն ձգտում․</para>
    <para>Քանզի անհրաժեշտ է, որպեսզի մարդը, որպես մի վերջին միջոցի, չդիմի ապստամբության ընդդեմ բռնության ու ճնշման, օրենքի իշխանությամբ պաշտպանել մարդու իրավունքները․</para>
    <para>Քանզի անհրաժեշտ է նպաստել ազգերի միջև բարեկամական հարաբերությունների զարգացմանը․</para>
    <para>Քանզի Միավորված ազգերի ժողովուրդները կանոնադրության մեջ վերահավաստել են իրենց հավատը մարդու հիմնական իրավունքների, անձի արժանապատվության ու արժեքի, տղամարդու ու կնոջ հավասար իրավունքների նկատմամբ և որոշել են ավելի մեծ ազատության պայմաններում նպաստել սոցիալական առաջընթացին ու կյանքի պայմանների բարելավմանը․</para>
    <para>Քանզի անդամ պետությունները պարտավորվել են Միավորված ազգերի հետ համագործակցությամբ հասնել մարդու իրավունքների ու հիմնական ազատությունների նկատմամբ համընդհանուր հարգանքի ու դրանց պահպանման․</para>
    <para>Քանզի այս իրավունքների ու ազատությունների համընդհանուր ըմբռնումը կարևորագույն նշանակություն ունի այս պարտավորության լիարժեք իրագործման համար․</para>
    <para>ԳԼԽԱՎՈՐ ԱՍԱՄԲԼԵԱՆ</para>
    <para>ազդարարում է այս</para>
    <para>ՄԱՐԴՈՒ ԻՐԱՎՈՒՆՔՆԵՐԻ ՀԱՄԸՆԴՀԱՆՈՒՐ ՀՌՉԱԿԱԳԻՐԸ</para>
    <para>որպես առաջադրանք բոլոր ժողովուրդներին ու ազգերին, որպեսզի յուրաքանչյուր անհատ և հասարակության յուրաքանչյուր մարմին, մտքում մշտապես ունենալով այս Հռչակագիրը, ձգտի ուսուցման ու կրթության միջոցով նպաստել այս իրավունքների ու ազատությունների նկատմամբ հարգալից վերաբերմունքին և ազգային ու միջազգային առաջադիմական միջոցառումներով ապահովել դրանց համընդհանուր արդյունավետ ճանաչումն ու պահպանումը թե անդամ պետությունների ժողովուրդների և թե դրանց իրավասու տարածքների ժողովուրդների կողմից։</para>
  </preamble>

  <article number="1">
    <title>Հոդված 1</title>
    <para>Բոլոր մարդիկ ծնվում են ազատ ու հավասար իրենց արժանապատվությամբ ու իրավունքներով։ Նրանք ունեն բանականություն ու խիղճ և միմյանց պետք է եղբայրաբար վերաբերվեն։</para>
  </article>

  <article number="2">
    <title>Հոդված 2</title>
    <para>Ամեն ոք ունի այս Հռչակագրում բերված բոլոր իրավունքներն ու ազատությունները առանց որևէ խտրության՝ հիմնված ցեղային, մաշկի գույնի, սեռի, լեզվի, կրոնի, քաղաքական կամ այլ համոզմունքների, ազգային կամ սոցիալական ծագման, ունեցվածքի, դասային պատկանելության կամ որևէ այլ կարգավիճակի վրա։</para>
    <para>Ավելին, ոչ մի խտրականություն չպետք է լինի հիմնված երկրի կամ տարածքի, քաղաքական, իրավական, կամ միջազգային կարգավիճակի վրա, լինի դա անկախ, խնամարկյալ, ոչինքնակառավարվող կամ ինքնիշխանության որևէ այլ սահմանափակումով պետական կազմավորում, որին պատկանում է մարդը։</para>
  </article>

  <article number="3">
    <title>Հոդված 3</title>
    <para>Յուրաքանչյուր ոք ունի ապրելու, ազատության ու անձի անձեռնմխելիության իրավունք։</para>
  </article>

  <article number="4">
    <title>Հոդված 4</title>
    <para>Ոչ ոք չպետք է լինի ստրկության կամ անազատ վիճակում․ պետք է արգելվեն ստրկատիրության ու ստրուկների առուծախի բոլոր ձևերը։</para>
  </article>

  <article number="5">
    <title>Հոդված 5</title>
    <para>Ոչ ոք չպետք է ենթարկվի կտտանքների, դաժան, անմարդկային կամ ստորացուցիչ վերաբերմունքի կամ պատժի։</para>
  </article>

  <article number="6">
    <title>Հոդված 6</title>
    <para>Ամեն ոք, ուր էլ որ լինի, իրավունք ունի ճանաչվել որպես իրավասուբյեկտ։</para>
  </article>

  <article number="7">
    <title>Հոդված 7</title>
    <para>Բոլորը հավասար են օրենքի առջև և, առանց որևէ խտրականության, ունեն օրենքով հավասար պաշտպանվելու իրավունք։ Բոլորը ունեն հավասար պաշտպանության իրավունք՝ ընդդեմ ցանկացած խտրականության, որով խախտվում է այս Հռչակագիրը, և ընդդեմ նման խտրականության մղող ցանկացած սադրանքի։</para>
  </article>

  <article number="8">
    <title>Հոդված 8</title>
    <para>Ամեն ոք ունի ազգային լիազոր դատարանների միջոցով իր իրավունքների արդյունավետ վերականգնման իրավունք, եթե խախտվում են սահմանադրությամբ կամ օրենքով սահմանված նրա հիմնական իրավունքները։</para>
  </article>

  <article number="9">
    <title>Հոդված 9</title>
    <para>Ոչ ոք չի կարող ենթարկվել կամայական կալանքի, բանտարկության կամ արտաքսման։</para>
  </article>

  <article number="10">
    <title>Հոդված 10</title>
    <para>Ամեն ոք իր իրավունքների ու պարտականությունների սահմանման համար և իր դեմ ցանկացած քրեական մեղադրանքի դեպքում, լիակատար հավասարության հիման վրա, իրավունք ունի, որ իր գործը արդարացի ու հրապարակայնորեն լսվի անկախ ու անկողմնապահ դատարանի կողմից։</para>
  </article>

  <article number="11">
    <title>Հոդված 11</title>
      <orderedlist>
         <listitem>
            <para>Հանցագործության համար մեղադրվող յուրաքանչյուր մարդ իրավունք ունի անմեղ համարվել քանի դեռ նրա մեղքը չի ապացուցված օրենքով նախատեսված հրապարակային դատաքննությամբ, որի ժամանակ ապահովվեն նրա պաշտպանության համար բոլոր անհրաժեշտ երաշխիքները։</para>
	 </listitem>
	 <listitem>
	   <para>Ոչ ոք չի կարող դատապարտվել որպես հանցագործ որևիցէ արարքի կամ բացթողման համար, որը կատարվել է այնպիսի ժամանակ, երբ այն ազգային կամ միջազգային օրենքով հանցագործություն չի համարվել։ Չի կարող սահմանվել նաև ավելի ծանր պատիժ, քան այն, որը կիրառվում էր հանցագործության կատարման ժամանակ։</para>
	 </listitem>
      </orderedlist>
  </article>

  <article number="12">
    <title>Հոդված 12</title>
    <para>Ոչ ոք չի կարող ենթարկվել կամայական միջամտության իր անձնական ու ընտանեկան կյանքի նկատմամբ, իր տան, թղթակցության և կամ իր պատվի ու համբավի դեմ կամայական ոտնձգության։ Ամեն ոք ունի օրենքով պաշտպանվելու իրավունք ընդդեմ նման միջամտության կամ ոտնձգության։</para>
  </article>

  <article number="13">
    <title>Հոդված 13</title>
    <orderedlist>
      <listitem>
	<para>Ամեն ոք ունի տեղաշարժվելու և բնակության վայր ընտրելւու ազատության իրավունք յուրաքանչյուր պետության սահմաններում։</para>
      </listitem>
      <listitem>
	<para>Ամեն ոք ունի ցանկացած երկրից, այդ թվում իր երկրից հեռանալու և իր երկիր վերադառնալու իրավունք։</para>
      </listitem>
    </orderedlist>
  </article>

  <article number="14">
    <title>Հոդված 14</title>
    <orderedlist>
      <listitem>
	<para>Ամեն ոք իրավունք ունի այլ երկրներում հետապնդումից ապաստան որոնել և ապաստանից օգտվել։</para>
      </listitem>
      <listitem>
	<para>Այս իրավունքը չի կարող գործադրվել այնպիսի ոչ-քաղաքական հանցագործությունների կամ արարքների համար հարուցված հետապնդությունների դեպքում, որոնք հակասում են Միավորված ազգերի նպատակներին ու սկզբունքներին։</para>
      </listitem>
    </orderedlist>
  </article>

  <article number="15">
    <title>Հոդված 15</title>
    <orderedlist>
      <listitem>
	<para>Ամեն ոք ունի քաղաքացիության իրավունք։</para>
      </listitem>
      <listitem>
	<para>Ոչ ոք չի կարող կամայականորեն զրկվել իր քաղաքացիությունից կամ քաղաքացիությունը փոխելու իրավունքից։</para>
      </listitem>
    </orderedlist>
  </article>

  <article number="16">
    <title>Հոդված 16</title>
    <orderedlist>
      <listitem>
	<para>Չափահաս տղամարդիկ ու կանայք, առանց որևէ ցեղային, ազգային կամ կրոնական սահմանափակման, իրավունք ունեն ամուսնանալ և ընտանիք հիմնել։ Նրանք հավասար իրավունքներ ունեն ամուսնանալիս, ամուսնության ընթացքում և ամուսնալուծության ժամանակ։</para>
      </listitem>
      <listitem>
	<para>Ամուսնությունը կարող է կայանալ միայն ամուսնացող կողմերի լիարժեք ու ազատ համաձայնության դեպքում։</para>
      </listitem>
      <listitem>
	<para>Ընտանիքը հասարակության բնական ու հիմնական բջիջն է և պաշտպանվելու իրավունք ունի հասարակության ու պետության կողմից։</para>
      </listitem>
    </orderedlist>
  </article>

  <article number="17">
    <title>Հոդված 17</title>
    <orderedlist>
      <listitem>
	<para>Ամեն ոք ունի սեփականություն ունենալու իրավունք՝ ինչպես մենակ, այնպես էլ ուրիշների հետ միասին։</para>
      </listitem>
      <listitem>
	<para>Ոչ ոք չի կարող կամայականորեն զրկվել իր սեփականությունից։</para>
      </listitem>
    </orderedlist>
  </article>

  <article number="18">
    <title>Հոդված 18</title>
    <para>Յուրաքանչյուր ոք ունի մտքի, խղճի ու դավանանքի ազատության իրավունք․ այս իրավունքը ներառնում է իր դավանանքը կամ համոզմունքները փոխելու ազատություն և իր դավանանքին կամհամոզմունքներին հետևելու ազատություն, մենակ կամ ուրիշների հետ համատեղ, հրապարակայնորեն կամ գաղտնի՝ քարոզի, ժամերգության, կրոնական ու ծիսական արարողությունների ձևով։</para>
  </article>

  <article number="19">
    <title>Հոդված 19</title>
    <para>Ամեն ոք ունի համոզմունքներ ունենալու և արտահայտվելու իրավունք․ այս իրավունքը ներառնում է համոզմունքներին անարգել հավատարիմ մնալու և տեղեկություններ ու գաղափարներ որոնելու, ստանալու ու տարածելու ազատություն, լրատվության ցանկացած  միջոցներով, անկախ պետական սահմաններից։</para>
  </article>

  <article number="20">
    <title>Հոդված 20</title>
    <orderedlist>
      <listitem>
	<para>Յուրաքանչյուր ոք ունի խաղաղ հավաքների ու միություններ կազմելու իրավունք։</para>
      </listitem>
      <listitem>
	<para>Ոչ ոք չի կարող հարկադրաբար անդամակցվել որևէ միության։</para>
      </listitem>
    </orderedlist>
  </article>

  <article number="21">
    <title>Հոդված 21</title>
    <orderedlist>
      <listitem>
	<para>Յուրաքանչյուր ոք իրավունք ունի մասնակցել իր երկրի կառավարմանը՝ անմիջաբար կամ ազատ ընտրված ներկայացուցիչների միջոցով։</para>
      </listitem>
      <listitem>
	<para>Յուրաքանչյուր ոք իր երկրում ունի պետական ծառայություն կատարելու հավասար իրավունք։</para>
      </listitem>
      <listitem>
	<para>Ժողովրդի կամքը պետք է լինի կառավարության իրավազորության հիմքը․ այս կամքի արտահայտությունը պետք է լինեն պարբերական ու անեղծ ընտրությունները, որոնք պետք է իրագործվեն համընդհանուր ու հավասար ընտրական իրավունքի հիման վրա, գաղտնի քվեարկության կամ համարժեք ազատ ընտրական ընթացակարգերի միջոցով։</para>
      </listitem>
    </orderedlist>
  </article>

  <article number="22">
    <title>Հոդված 22</title>
    <para>Յուրաքանչյուր ոք, որպես հասարակության անդամ, սոցիալական ապահովության իրավունք ունի, օգտվում է իր արժանապատվության և իր անձի ազատ զարգացման համար անհրաժեշտ տնտեսական, սոցիալական ու մշակութային իրավունքներից ազգային ջանքերի ու միջազգային համագործակցության միջոցով, յուրաքանչյուր պետության կառուցվածքին ու ռեսուրսներին համապատասխան։</para>
  </article>

  <article number="23">
    <title>Հոդված 23</title>
    <orderedlist>
      <listitem>
	<para>Յուրաքանչյուր ոք ունի աշխատանքի, աշխատանքի ազատ ընտրության, արդարացի ու նպաստավոր աշատանքային պայմանների և գործազրկությունից պաշտպանվելու իրավունք։</para>
      </listitem>
      <listitem>
	<para>Յուրաքանչյուր ոք, առանց որևիցէ խտրականության, ունի հավասար աշխատանքի դիմաց հավասար վարձատրության իրավունք։</para>
      </listitem>
      <listitem>
	<para>Յուրաքանչյուր ոք ունի արդարացի ու համապատասխան վարձատրության իրավունք, որով ապահովվի մարդկային արժանապատվությանը վայել իր ու իր ընտանիքը գոյությունը, իսկ անհրաժեշտության դեպքում լրացվի սոցիալական ապավության այլ միջոցներով։</para>
      </listitem>
      <listitem>
	<para>Յուրաքանչյուր ոք ունի իր շահերը պաշտպանելու համարար հեստակցական միություններ ստեղծելու և դրանց անդամակցելու իրավունք։</para>
      </listitem>
    </orderedlist>
  </article>

  <article number="24">
    <title>Հոդված 24</title>
    <para>Յուրաքանչյուր ոք ունի հանգստի ու ժամանցի, այդ թվում՝ աշխատանքային ժամերի չափավոր սահմանափակման և պարբերական վճարովի արձակուրդների իրավունք։</para>
  </article>

  <article number="25">
    <title>Հոդված 25</title>
    <orderedlist>
      <listitem>
	<para>Յուրաքանչյուր ոք ունի կենսամակարդակի իրավունք, որը իր և իր ընտանիքի համար ապահովի առողջություն ու բարեկեցություն, այդ թվում՝ սնունդ, հագուստ, բնակարան ու բժշկական սպասարկում, անհրաժեշտ սոցիալական ծառայություններ և ապահովագրության իրավունք գործազրկության, հիվանդության, հաշմանդամության, այրիության, ծերության և այն դեպքերում, երբ գոյության միջոցների ձեռքբերումը չի պայմանավորված իրենից կախված հանգամանքներով։</para>
      </listitem>
      <listitem>
	<para>Մայրերն ու մանուկներն ունեն հատուկ հոգածության ու օժանդակության իրավունք։ Բոլոր երեխաները՝ ծնված ամուսնությունից կամ արտաամուսնական կապերից, օգտվում են նույն սոցիալական պաշտպանությունից։</para>
      </listitem>
    </orderedlist>
  </article>

  <article number="26">
    <title>Հոդված 26</title>
    <orderedlist>
      <listitem>
	<para>Յուրաքանչյուր ոք ունի կրթության իրավունք։ Կրթությունը, առնվազան տարրական ու հանրակրթական փուլերում, պետք է լինի անվճար։ Տարրական կրթությունը պետք է լինի պարտադիր։ Տեխնիկական ու մասնագիտական կրթությունը լինելու է ընդհանուրի համար մատչելի, իսկ բարձրագույն կրթությունը՝ բոլորի համար հավասարապես մատչելի, հիմնված ընդունակությունների վրա։</para>
      </listitem>
      <listitem>
	<para>Կրթությունը պետք է նպատակաուղղված լինի անձի լիարժեք զարգացմանը և մարդու իրավունքների ու հիմնական ազատությունների նկատմամբ հարգանքի ամրապնդմանը։ Այն պետք է նպաստի բոլոր ազգերի, ցեղային կամ կրոնական խմբերի միջև փոխըմբռնմանը, հանդուրժողականությանն ու բարեկամությանը և էլ ավելի նպաստի Միավորված ազգերի խաղաղապահպան գործունեությանը։</para>
      </listitem>
      <listitem>
	<para>Ծնողներն ունեն իրենց երեխաներին տրվող կրթության տեսակի ընտրության առաջնային իրավունք։</para>
      </listitem>
    </orderedlist>
  </article>

  <article number="27">
    <title>Հոդված 27</title>
    <orderedlist>
      <listitem>
	<para>Յուրաքանչյուր ոք ունի իր համայնքի մշակութային կյանքին ազատորեն մասնակցելու, արվեստը դրվատելու, գիտական առաջընթացին մասնակցելու և դրա բարիքներից օգտվելու իրավունք։</para>
      </listitem>
      <listitem>
	<para>Յուրաքանչյուր ոք պաշտպանության իրավունք ունի իր բարոյական ու նյութական շահերի համար, որոնք արդյունք են իր իսկ հեղինակած գիտական, գրական կամ գեղարվեստական ցանկացած աշխատանքի։</para>
      </listitem>
    </orderedlist>
  </article>

  <article number="28">
    <title>Հոդված 28</title>
    <para>Յուրաքանչյուր ոք ունի սոցիալական ու միջազգային կարգուկանոնի իրավունք, որի դեպքում լիովին իրագործելի են այս Հռչակագրում շարադրված իրավունքներն ու ազատությունները։</para>
  </article>

  <article number="29">
    <title>Հոդված 29</title>
    <orderedlist>
      <listitem>
	<para>Յուրաքանչյուր ոք պարտականություններ ունի համանյքի նկատմամբ, ուր և միայն հնարավոր է իր անձի ազատ ու լիարժեք զարգացումը։</para>
      </listitem>
      <listitem>
	<para>Իր իրավունքներն ու ազատություններն իրականացնելիս, յուրաքանչուր ոք պետք է ենթակա լինի միմիայն այնպիսի սահմանափակումների, որոնք օրենքով սահմանված են ուրիշների իրավունքների ու ազատությունների համար պատշաճ ճանաչում ու հարգանք ապահովելու և բարոյականության, հասարակական կարգուկանոնի ու ընդհանուր բարեկեցության արդարացի պահանջները ժողովրդավարական հասարակարգում բավարարելու համար։</para>
      </listitem>
      <listitem>
	<para>Այս իրավունքների ու ազատությունների իրականացումը ոչ մի դեպքում չպետք է հակասի Միացյալ ազգերի նպատակներին ու սկզբունքներին։</para>
      </listitem>
    </orderedlist>
  </article>

  <article number="30">
    <title>Հոդված 30</title>
    <para>Այս Հռչակագրում ոչ մի բան չի կարող մեկնաբանվել որպես որևէ իրավունքի տրամադրում որևիցէ պետության, մարդկանց խմբի կամ առանձին անձանց զբաղվելու մի որևէ գործունեությամբ կամ արարքով, որոնք ուղղված լինեն Հռչկագրում շարադրվածա զատությունների ու իրավունքների ոչնչացմանը։</para>
  </article>
</udhr>
