<?xml version="1.0" encoding="UTF-8"?>

<!--© The Office of the High Commisioner for Human Rights-->

<udhr iso639-3='kde' xml:lang='kde' key='kde' n='Makonde' xmlns="http://www.unhchr.ch/udhr">
  <title>LILOVE LYA VILAMBO LYA WASA WA VAN</title>
  <preamble>
    <title>Pachinjililo</title>
    <para>Lisiku lya 10 Disemba 1948, Lukumbi Lukulu lwa Umoja wa Vilambo lunihaula na kuhumya lilove lya vilambo lya wasa wa vanu. Lilove alino lihumile baada ya chilambo chohechohe kupanyana ding’ondo ding’ulu dimbili. Lukumbi anelwo lulembedile kila chilambo chihumye lilove alino livahwikile vanu vake kwa kulangudya, kusomesa, kusomela, kuhaula n’disule na n’disehemu dinji kuvele na ilimu.</para>
    <para>Ili kuhinikiha kuchidono wasa wa vanu unawuniwa, na Tansania inaunila wasa anewo, lilove alino lihumile M’chimakonde ili valembela usoma vavike wasa wene mun’tima mwavo vene na vanu vanji. Koka chive chihinde cha kukonyelela kuwuniwa kwa wasa wene m’manu na lyene lipanda.</para>
    <para>Vanu vohevohe vavelekwa valendene na wasa wavo unalandana. Umoja wa Vilambo uhumije lilove alino m’malove lapeyapeya na lakakamadidye ili kila munu amale wasa wake. Wasa unang’owo wako. Uumale wasa wako, yangata uvahaulila vanji vanu na uwunile wasa wene muchi wako na wa vanji vanu.</para>
  </preamble>
  <article number="1">
    <title>LAHU YA 1</title>
    <para>Vanu vohevohe vaidile n’chilambo valendene. Vanijaliwa ulimala vene. Pavele vanu pave na ulongo.</para>
  </article>
  <article number="2">
    <title>LAHU YA 2</title>
    <para>Kila munu ilembelewa ave na wasa uhaulidiwije n’nilove alino bila uvalangila asili, langi, chivelekwa, litawa au chinu chinji chohechohe. Panave na kutondolanya vanu ing’anya ya siasa, ding’umbi dya shelia, vilambo vivaholoka, bila uvalangila kama vilambo anevyo vinatawaliwa au nanga.</para>
    <para/>
  </article>
  <article number="3">
    <title>LAHU YA 3</title>
    <para>Kila munu alembelewa kwikala pachilambo alitukutwile na wunu wake.</para>
  </article>
  <article number="4">
    <title>LAHU YA 4</title>
    <para>Munu akava n’twana, wala vakan’sumisa, na lilove alino linalimbidya usumisana vanu.</para>
  </article>
  <article number="5">
    <title>LAHU YA 5</title>
    <para>Munu analage, anapate mateso, ukatili, au ubanika.</para>
  </article>
  <article number="6">
    <title>LAHU YA 6</title>
    <para>Wunuwake munu uvele m’munu na umaikane pashelia.</para>
  </article>
  <article number="7">
    <title>LAHU YA 7</title>
    <para>Pahelia vanu vohevohe vanalingilana na vakatondoleka. Shelia ivawunila vanu vanahapanyike.</para>
  </article>
  <article number="8">
    <title>LAHU YA 8</title>
    <para>Vitukutuku vyohevyohe vin’nimbidya munu ulitukutula kama chilembelewa n’katiba au n’shelia, vilonjelewe n’ding’umbi dya shelia.</para>
  </article>
  <article number="9">
    <title>LAHU YA 9</title>
    <para>Munu vanantaye n’jela, kun’chimila wala kum’minganga chihi chiwukuwuku .</para>
  </article>
  <article number="10">
    <title>LAHU YA 10</title>
    <para>Kila munu apilikaniwe muchi vanu vanji palikuwa, vanan’hyape. Akava na ing’anya ihile nawinang’e atongwele na lukumbi lwohelwohe lumpilikanile.</para>
  </article>
  <article number="11">
    <title>LAHU YA 11</title>
    <orderedlist>
      <listitem>
	<para>Munu akava na ing’anya vakamwamba kukola ihonjela vakanamba kumpelekedya kuvatongolela ing’anya yene. Lukumbi lupilikanila ing’anya luve lwa d’jahala chilambo chohechohe uchipilikana.</para>
      </listitem>
      <listitem>
	<para>Munu vakamwamba kukola ihonjela ikavaidile kuva ing’anya pachilambo au pashelia. Munu vakan’tika lijamanda lipitile ihonjela yene.</para>
      </listitem>
    </orderedlist>
  </article>
  <article number="12">
    <title>LAHU YA 12</title>
    <para>Pavayikele vanu mmakaya mwavo munu anan’banihe munu mwave. Makaya na vilambo vivawunile vamakaya vohevohe, vinahapanye vanu.</para>
  </article>
  <article number="13">
    <title>LAHU YA 13</title>
    <orderedlist>
      <listitem>
	<para>Munu avele na wasa wa kwonga chalembela mwene na kuyikala kwalembela mwene n’chilambo.</para>
      </listitem>
      <listitem>
	<para>Munu avele na wasa wa kuwuka pachilambo na kuwuya kavila n’chilambo mwake</para>
      </listitem>
    </orderedlist>
  </article>
  <article number="14">
    <title>LAHU YA 14</title>
    <orderedlist>
      <listitem>
	<para>Munu avele na wasa wa kutukutila m’milambo vinji na kuwuniwa na vilambo vinji vana’nmwalale.</para>
      </listitem>
      <listitem>
	<para>Wasa unang’o ukapawa ndulu munu vakamwamba kukola ihonjela pashelia, hasa ding’anya dikavele dya siasa au chinji chinu chikavaila au chikalandana na matulubu la Umoja wa Vilambo.</para>
      </listitem>
    </orderedlist>
  </article>
  <article number="15">
    <title>LAHU YA 15</title>
    <orderedlist>
      <listitem>
	<para>Akava kwave munu ave na wasa wa kuva n’chilambo kama vachilambo vanji.</para>
      </listitem>
      <listitem>
	<para>Munu akalambela mwene uhama vanan’nimbidye uhama n’chilambo na ubadili uchilambo wake.</para>
      </listitem>
    </orderedlist>
  </article>
  <article number="16">
    <title>LAHU YA 16</title>
    <orderedlist>
      <listitem>
	<para>Valume na vamahe vakudile vayikalane bila kulola dini wala litawa. Vayikalane uvalingilana pa-ulombi wavo na hata vakahapukana.</para>
      </listitem>
      <listitem>
	<para>Ulombi upawe kama n’nume na n’mahe vakatamwana vene.</para>
      </listitem>
      <listitem>
	<para>Ing’ande ivele na n’nume, n’mahe na vanyachi lyiva likolo lya litawa. Likolo anelyo lilembelewa liwuniwe pachilambo pohepohe.</para>
      </listitem>
    </orderedlist>
  </article>
  <article number="17">
    <title>LAHU YA 17</title>
    <orderedlist>
      <listitem>
	<para>Munu avele na wasa wakuva na dimali dyake mwene au dya kukundanila na vanji.</para>
      </listitem>
      <listitem>
	<para>Munu vakampokonyola chihi dimali dyake.</para>
      </listitem>
    </orderedlist>
  </article>
  <article number="18">
    <title>LAHU YA 18</title>
    <para>Munu avele na wasa wa ding’ano, dini, na akalembela mwene aleke chihi dini, na avele na wasa wa kusokolela kuyoha kwa mahoka lake.</para>
  </article>
  <article number="19">
    <title>LAHU YA 19</title>
    <para>Munu avele na wasa wa kutongola palikuwa. Avele na wasa wa kuwunila ding’ano dyake bila kun’mahani. Avele na wasa wa kuhumya na kupwechela ding’ano, na hata usumba mapalu la vilambo, akalambela.</para>
  </article>
  <article number="20">
    <title>LAHU YA 20</title>
    <orderedlist>
      <listitem>
	<para>Munu avele na wasa wa kukojana na vanu vanji weka au mmakuwa.</para>
      </listitem>
      <listitem>
	<para>Munu vanan’kolokohe ulundana na likuwa lya vanu.</para>
      </listitem>
    </orderedlist>
  </article>
  <article number="21">
    <title>LAHU YA 21</title>
    <orderedlist>
      <listitem>
	<para>Munu avele na wasa wa kukumila mwene au upitila kwaki munu atondolewidye na a’likuwa kunakumila kulipanda.</para>
      </listitem>
      <listitem>
	<para>Vanu vakahapanyika pa kuyavana dihuduma dilembelewa n’makaya.</para>
      </listitem>
      <listitem>
	<para>Lipanda lilondodye chilelembelewa na likuwa lya vanu. Vanu vene vakumilane kun’tondola munu wa kuyikala kulipanda.</para>
      </listitem>
    </orderedlist>
  </article>
  <article number="22">
    <title>LAHU YA 22</title>
    <para>Munu avele na wasa wa kuwuniwa na a’chilambo mwave, na vanu vohevohe vatumbame kukumilana na vilambo vinji kulunda vitukutuku vyohevyohe vilembelewa na umi wa kila munu.</para>
  </article>
  <article number="23">
    <title>LAHU YA 23</title>
    <orderedlist>
      <listitem>
	<para>Munu avele na wasa wa kutondola na kukola madengo na pa kukolela mdengo lene. Pavele na madengo munu vanamwine wasa wa kukola madengo.</para>
      </listitem>
      <listitem>
	<para>Bila utondolewa, munu van’tomolele chinu chilandene na madengo lakodile.</para>
      </listitem>
      <listitem>
	<para>Munu akakola madengo van’tomolele chinu chihumya vilyo vyake mwene, vajawe au n’twave na vanyachi vake.</para>
      </listitem>
      <listitem>
	<para>Munu vakan’nimbidya kulundana na vavake kukola madengo chin’nkumi na kuwunila matulubu lavo.</para>
      </listitem>
    </orderedlist>
  </article>
  <article number="24">
    <title>LAHU YA 24</title>
    <para>Munu ave na wasa wa mbone wa kupumulila na chipindi chimaikana cha madengo. Wasa wapumulila van’tomolele (van’nipe).</para>
  </article>
  <article number="25">
    <title>LAHU YA 25</title>
    <orderedlist>
      <listitem>
	<para>Munu na kaya yake ave na wasa wa umi wa mbone. Nkaya vave na wasa wa kupata vilyo, vya kuwala, ing’ande, wasa wa kupata n’tela vakawuwula, na kuwuniwa na chilambo. Munu ave na wasa wa kulama pokoha madengo, pawuwula, akalamala, akava n’jani, akakongopala napakoha dyimongo dya kukolela madengo.</para>
      </listitem>
      <listitem>
	<para>Chilambo chilundane uwunila vamahe na vanyachi. Vanyachi vohevohe vawuniwe, vanahapulanywe vavelekwidye mu’lombi na vavelekwidye pan’nyitu.</para>
      </listitem>
    </orderedlist>
  </article>
  <article number="26">
    <title>LAHU YA 26</title>
    <orderedlist>
      <listitem>
	<para>Munu avele na wasa wa kudeheni ilimu ya palikolo. Ilimu ya ufundi na ya pachihundyi ipawe, vasume vahulula.</para>
      </listitem>
      <listitem>
	<para>Ilimu ilembelewa ilodye kudenga umi wake munu pakekuva munu, ilimu iyenjeje kumaikana munu kuva munu, iyenjeje wasa wake munu. Ilimu ilembelewa iyenjeje vanu kupilililana, ulongo, chinemba, na vanu vanahapukane ing’anya ya dini au litawa. Vanu valondodye luhengo lwa kuyopa chihongahonga kama chiulaididye Umoja wa Vilambo.</para>
      </listitem>
      <listitem>
	<para>Kila munu avele na n’nyachi avele na wasa wa kutondola ilimu ya kumwing’a mwanyachi wake.</para>
      </listitem>
    </orderedlist>
  </article>
  <article number="27">
    <title>LAHU YA 27</title>
    <orderedlist>
      <listitem>
	<para>Munu anahulula kulundana mu’tamaduni payikala akalambela, kwona ukatapala vitukutuku vyohevyohe vya mu’tamaduni na kulundana na avake kudenga sayansi na matulubu lake.</para>
      </listitem>
      <listitem>
	<para>Wunu wake munu na vilusuda vyake vyavilembela viwuniwe, vilusuda vihuma m’ sayannsi, mitano na vinji vyavitendile mwene au vyatandilike.</para>
      </listitem>
    </orderedlist>
  </article>
  <article number="28">
    <title>LAHU YA 28</title>
    <para>Munu atungumane n’kaya, mulongo, n’nitawa n’chilambo na n’milambo mwohemwohe, utungumana kulandana na lilove alino.</para>
  </article>
  <article number="29">
    <title>LAHU YA 29</title>
    <orderedlist>
      <listitem>
	<para>Munu ave na wajibu n’kaya na mulongo mwake n’hnyuma wasa na wunu wake.</para>
      </listitem>
      <listitem>
	<para>Vyatenda na kupoka munu vive n’mapalu la shelia. M’mapalu anemwo kaya na ulongo vimwing’e isima na wunu wake.</para>
      </listitem>
      <listitem>
	<para>Wasa unang’o ulandane na matulubu la Umoja wa Vilambo.</para>
      </listitem>
    </orderedlist>
  </article>
  <article number="30">
    <title>LAHU YA 30</title>
    <para>Chinapawe chohechohe n’nilove alino chionekana na chilambo chohecho, vanu au munu wohewo upokonyola wasa uhauliwidye.</para>
  </article>
</udhr>
