<?xml version="1.0" encoding="UTF-8"?>

<!--© The Office of the High Commisioner for Human Rights-->

<udhr iso639-3='aka' xml:lang='ak' key='aka_fante' n='Akan (Fante)' xmlns="http://www.unhchr.ch/udhr">
   <title>ADASA NDZINOA HO DAWURBƆ</title>
   <preamble>
      <title>NYIENYIM</title>
      <para>Ɔnam dɛ adasa hɔn enyimnyam yɛ pɛr na ndzinoa a obi nngye mmfi hɔn nsamu a wɔwɔ no ngyetomu nye wiadze yi mu fahodzi, pɛrpɛrdzi, ntsɛntsenenee na asomdwee ne fapem;</para>
      <para>Ɔnam dɛ tsia a yetsiatsia nyimpa ne ndzinoa do no dze ewurkadze nwenwen a obiara tsia aba, na afei so wɔabɔ wiadze a ɔreba a no mu nyimpa benya fahodzi wɔ kasa, gyedzi, suro na ohia ho dawur dɛ nyimpapem nyina hɔn ahwehwɛdze tsitsir,</para>
      <para>Ɔnam dɛ ohia pɛpɛɛpɛ dɛ yɛmmpɛ dɛ yɛyɛ adasa ndzinoa ho mbra,</para>
      <para>Ɔnam dɛ ohia dɛ wotu aman na aman ntamu anyɛnkoyɛ nkitahodzi mpon,</para>
      <para>Ɔnam dɛ Amanaman Nkabɔmu Kuw mu nyimpa nyina edua Farbaa Nwoma no do agye hɔn gyedzi a ɔwɔ adasa awose ndzinoa, nyimpa n'enyimnyam na nyimpa no bo a ɔsom, na mbanyin na mbaa hɔn ndzinoa a ɔyɛ pɛr ato mu na wɔabɔ hɔn enyim biriw dɛ wobotu asetsena mu kankɔ na atseyie mpon,</para>
      <para>Ɔnam dɛ aman a wɔdɔm Amanaman Nkabɔmu Kuw no abɔ ɔdabaa dɛ wɔnye Kuw no bɛyɛ ahwehwɛ amansuon nyina enyiedzi ama adasa ndzinoa na awose fahodzi ntsi.</para>
      <para>KUW NO BAGUA KƐSE NO</para>
      <para>Paa mu kã dɛ:</para>
      <para>Afei,</para>
      <para>NHYIAMU KƐSE NO YI ADASA NDZINOA HO DAWURBƆ no kyerɛ dɛ: ɔno nye nhwhɛdodze tsitsir a ɔwɔ hɔ ma nyimpa na aman nyina, ama ankorankor biara na nyimpa kuw biara, sɛ wɔdze dɛm dawurbɔ yi si hɔn enyim a, wɔaabɔ mbɔdzen edua nkyerɛ na adzesua do ama nkorɔfo eedzi ndzinoa na fahoazi ahorow no nyi; na wɔaatɔa do afa hɔnara hɔn man na amanaman nhyehyɛɛ do wɔama wɔaagye dawurbɔ yi ato mu na woeedzi do wɔ Aman a wɔdɔm Nkabɔmu Kuw no mu biara mu nye asaase biara a wɔhyɛ hɔn ase no so do.</para>
   </preamble>
   <article number="1">
      <title>Asɛmpɔw 1</title>
      <para>Wɔwo adasa nyina to fahodzi mu, na hɔn nyina yɛ pɛr wɔ enyimnyam na ndzinoa mu. Wɔmaa hɔn nyina adwen na tsibowa, na ɔwɔ dɛ hɔn nkitahodzi mu ndzeyɛɛ da no edzi dɛ wɔyɛ enuanom.</para>
   </article>
   <article number="2">
      <title>Asɛmpɔw 2</title>
      <para>Obiara wɔ ndizona na fahodzi a wɔada no edzi wɔ Dawurbɔ yi mu no ho kwan a nyiyimu biara nnyi mu a ɔfa no obi n'awosu anaa no honamenyi ngyegyee mbrɛ ɔtse, dɛ ɔyɛ banyin anaa ɔyɛ basia, ne kasaa a ɔkã, ne nyamesom mbrɛ ɔtse, amanyɛ ho adwen a ɔwɔ, ne man anaa asetsena mu gyinabew a ofi mu, egyapadze a ɔwɔ, n'awofo hɔn gyinabew anaa gyinabew fofor biara so a ɔwɔ ho.</para>
      <para>Bio, onnyi dɛ wogyina ɔman a obi fi mu no n'amanyɛ kwan, ne mbra anaa n'amanandze gyinabew do-dɛ ɔman no dzi ne mansin, dɛ ɔhyɛ ɔman bi no nhwɛdo ase, anaadɛ onnyi fahodzi, yɛ nyiyimu tsia nyimpa no.</para>
   </article>
   <article number="3">
      <title>Asɛmpɔw 3</title>
      <para>Nyimpadua no nkwa, ne fahodzi, na no tɔtrɔtɔ yɛ obiara ne ndzinoa.</para>
   </article>
   <article number="4">
      <title>Asɛmpɔw 4</title>
      <para>Onnyi dɛ wɔdze obiara to nkowaasom mu anaadɛ wɔma ɔsom ɔsomhun; ɔwɔ dɛ wogu nkowaasom na ndɔnkɔgua korakora.</para>
   </article>
   <article number="5">
      <title>Asɛmpɔw 5</title>
      <para>Onnyi dɛ wɔyɛ obiara ayakayakadze, etsiɔdzendze anaa enyinyandze anaa wɔtsea no anaa wɔma no asotwe biara a ɔsɛɛ dasanyi n'enyimnyam.</para>
   </article>
   <article number="6">
      <title>Asɛmpɔw 6</title>
      <para>Ɔyɛ obiara ne ndzinoa dɛ, mbra mu, wobu no dɛ nyimpa wɔ beebiara.</para>
   </article>
   <article number="7">
      <title>Asɛmpɔw 7</title>
      <para>Nyimpa nyina yɛ pɛr wɔ mbra no enyim, na hɔn nyina fata mbra no ne ntwitwagye a nyiyimu nnyi mu. Obiara wɔ ho kwan dɛ mbra no bɔ no ho ban tsia nyiyimu a obu Dawurbɔ yi mu nsɛmpɔw no mu biara do no, nye nunu biara a wonunu nyimpa ma ɔyɛ ma ɔyɛ nyiyimu no.</para>
   </article>
   <article number="8">
      <title>Asɛmpɔw 8</title>
      <para>Obiara a wɔayɛ bɔn etsia ne ndzinoa a mbra na amambu ho mbra ma no ho kwan no, wɔ ho kwan dɛ odua asɛndzi baguafo do gye nsiesie anaa mpata a ɔfata.</para>
   </article>
   <article number="9">
      <title>Asɛmpɔw 9</title>
      <para>Onnyi dɛ abɔtsirmu ara wɔkyer obi, wɔdze no sie, anaa wotwa no esu.</para>
   </article>
   <article number="10">
      <title>Asɛmpɔw 10</title>
      <para>Obiara wɔ ho kwan dɛ bagua asɛndzifo a wɔnntɔn hɔn asowa nndzi tsena hwehwɛ n'asɛm mu pefee wɔ ne ndzinoa, n'asadze anaa ewudzisɛm ho sombo bi a wɔdze abɔ no ho.</para>
   </article>
   <article number="11">
      <title>Asɛmpɔw 11</title>
      <orderedlist>
         <listitem>
            <para>Obiara a wɔabɔ no sombo bi a ɔdze ntsea nam no wɔ ndzinoa dɛ wobu no dɛ odzi bem kesi dɛ, woedzi n'asɛm ama no kwan biara a ohia dɛ ɔdze tstsew no ho, na woebu no fɔ dɛ mbrɛ mbra kyerɛ.</para>
         </listitem>
         <listitem>
            <para>Onnyi dɛ wobu obiara fɔ na wɔtsea no wɔ ndzeyɛɛ bi a ɔnnye ntsea nam ase. Na eso onnyi dɛ wɔma obi ntsea a ɔbor no mfomdo a ɔayɛ no ho ntsea do.</para>
         </listitem>
      </orderedlist>
   </article>
   <article number="12">
      <title>Asɛmpɔw 12</title>
      <para>Onnyi dɛ abɔtsirmu ara wɔdze ɔho hyehyɛ obi no kɔkoamunsɛm, n'ebusuasɛm anaa n'efisɛm mu; anaadɛ wogu n'enyimnyam na ne dzin ho fi. Ɔyɛ obiara ne ndzinoa dɛ mbra bɔ no ho ban tsia ndzeyɛɛ a ɔtsetse dɛm yi.</para>
   </article>
   <article number="13">
      <title>Asɛmpɔw 13</title>
      <orderedlist>
         <listitem>
            <para>Ɔyɛ obiara ne ndzinoa dɛ okyinkyin na ɔtsena ɔman bi n'asaase do bea biara a ɔpɛ.</para>
         </listitem>
         <listitem>
            <para>Ɔyɛ obiara ne ndzinoa dɛ ofi ɔman biara mu (noara ne man kã ho) na ɔsan ba ne man mu bio.</para>
         </listitem>
      </orderedlist>
   </article>
   <article number="14">
      <title>Asɛmpɔw 14</title>
      <orderedlist>
         <listitem>
            <para>Obiara wɔ ndzinoa dɛ ɔhwehwɛ na onya guansuma wɔ ɔman bi do fi atseetsee ho.</para>
         </listitem>
         <listitem>
            <para>Onnyi dɛ dɛm ndzinoa yi wobisa wɔ bɔn bi a ɔmmfa manyɛ ho anaa otsia Amanaman Nkabɔmu Kuw no ne nhyehyɛɛ a onyia no ayɛ ma woridzi n'asɛm wɔ ho biara ho.</para>
         </listitem>
      </orderedlist>
   </article>
   <article number="15">
      <title>Asɛmpɔw 15</title>
      <orderedlist>
         <listitem>
            <para>Obiara wɔ ndzinoa dɛ ɔyɛ ɔman bi ba.</para>
         </listitem>
         <listitem>
            <para>Onnyi dɛ abɔtsirmu ara wɔma obi hwer n'amambayɛ, anaadɛ wɔmma no kwan mma ɔnnsesa n'amambayɛ.</para>
         </listitem>
      </orderedlist>
   </article>
   <article number="16">
      <title>Asɛmpɔw 16</title>
      <orderedlist>
         <listitem>
            <para>Ɔyɛ mbanyin na mbaa a hɔn enyi efifir hɔn ndzinoa dɛ wɔwar na wɔwo mba, na awosu, amambayɛ anaa nyamesom nnsiw iyi ho kwan. Mbanyin na mbaa nyina hɔn ndzinoa a wɔwɔ no awar ho no yɛ pɛr wɔ awar ber no mu nye awar no ngui no mu so.</para>
         </listitem>
         <listitem>
            <para>Adze ara a ɔwɔ dɛ awar no gyina do nye asakuw ebien a wɔrowar no hɔn pɛ a nhyɛ nnyi mu.</para>
         </listitem>
         <listitem>
            <para>Okun, ɔyer na mba bɔ mu kor dɛ abɔasee kuw a nyimpa kuw biara ne farbaa fi mu wɔ adasa mu, na ɔyɛ hɔn ndzinoa dɛ nyimpakuw no na ɔman no bɔ hɔn ho ban.</para>
         </listitem>
      </orderedlist>
   </article>
   <article number="17">
      <title>Asɛmpɔw 17</title>
      <orderedlist>
         <listitem>
            <para>Obiara wɔ ndzinoa dɛ onya egyapadze a ɔyɛ no nko nedze, anaadɛ ɔnye nkorɔfo bi bɔ mu nya dɛm egyapadze no.</para>
         </listitem>
         <listitem>
            <para>Onnyi dɛ abɔtsirmu ara wɔgye obi n'egyapadze fi ne nsamu.</para>
         </listitem>
      </orderedlist>
   </article>
   <article number="18">
      <title>Asɛmpɔw 18</title>
      <para>Obiara wɔ ndzinoa dɛ ɔyɛ n'adwen, ɔsoa noara ne tsibowa, ɔfa nyamesom biara a ɔpɛ. Dɛm ndzinoa yi ne fã bi nye kwan a obiara wɔ dɛ ɔsesa ne nyamesom anaa ne gyedzi na kwan so a ɔfa do dze ma ne gyedzi no da edzi wɔ bagua mu anaa nsumaa mu, dɛ ɔno nko anaadɛ nyimpa binom kã ho wɔ iyi mu.</para>
   </article>
   <article number="19">
      <title>Asɛmpɔw 19</title>
      <para>Obiara wɔ ho kwan dɛ ɔkyerɛ n'adwen wɔ biribi ho. Dza ɔkã dɛm ndzinoa yi ho nye dɛ obiara botum ayɛ n'adwen wɔ biribi ho a ntotoananmu biara nnyi mu. Dza ɔkã ho bio so nye dɛ otum anaa otsie asɛm nye nsusui biara a ɔnam kwan biara do na efi mbea nyina, na ɔma nyimpa binom so tse.</para>
   </article>
   <article number="20">
      <title>Asɛmpɔw 20</title>
      <orderedlist>
         <listitem>
            <para>Obiara wɔ kwan dɛ ɔkɔ nhyiamu a ɔyɛ asomdwee ase, na ɔdɔm fɛkuw biara.</para>
         </listitem>
         <listitem>
            <para>Onnyi dɛ wɔhyɛ obiara ma ɔdɔm fɛkuw bi.</para>
         </listitem>
      </orderedlist>
   </article>
   <article number="21">
      <title>Asɛmpɔw 21</title>
      <orderedlist>
         <listitem>
            <para>Ɔyɛ obiara ne ndzinoa dɛ osuo mu ma wobu ne man dɛ ɔnoara dzi bano wɔ mu, anaadɛ obosuo mu ma woeeyi ananmusifo.</para>
         </listitem>
         <listitem>
            <para>Ɔyɛ obiara ne ndzinoa dɛ onya kyɛfa wɔ ɔman adɔdɔdze biara a ɔwɔ ne man mu no mu.</para>
         </listitem>
         <listitem>
            <para>Ɔwɔ dɛ aban no tum gyina ɔmamfo hɔn pɛ do. Dɛm pɛ yi wɔnam ambatow a no mu da hɔ a wɔtow no ne ber ano do da no edzi, akorɔfo a wɔasõ ambatow no wɔ dɛ wɔma wɔtow amba wɔ nsumaa mu a nhyɛ biara nnyi mu.</para>
         </listitem>
      </orderedlist>
   </article>
   <article number="22">
      <title>Asɛmpɔw 22</title>
      <para>Ankorankor biara, dɛ ɔyɛ ɔmamba bo, wɔ ndzinoa dɛ ɔman no bɔ n'eyiedzi ho ban. Ɔwɔ dɛ wɔfa ɔman no no mbɔdzen do, anaa bataboa bi a dɛm ɔman no nye ɔman fofor bi yɛ do ma ɔmamba biara n'eyiedzi ba mu dɛ mbrɛ ɔman kor no ne sikasɛm, n'asetsena na n'amambra no tum a ɔma n'enyimnyam dzi mu no tse.</para>
   </article>
   <article number="23">
      <title>Asɛmpɔw 23</title>
      <orderedlist>
         <listitem>
            <para>Obiara wɔ ndzinoa dɛ ɔyɛ edwuma. ɔyɛ ne ndzinoa dɛ ɔfa edwuma a ɔpɛ dɛ ɔyɛ, na ɔyɛ ne ndzinoa dɛ wɔma no edwumayɛ mu nhyehyɛɛ pa, na wɔbɔ noho ban fi fietsena ho.</para>
         </listitem>
         <listitem>
            <para>Ɔyɛ obiara ne ndzinoa dɛ wɔma no akatua a ɔfata n'edwuma a ɔyɛ a, nyimpa nyiyimu biarannyi mu.</para>
         </listitem>
         <listitem>
            <para>Obiara a ɔyɛ edwuma no wɔ ndzinoa dɛ onya akatua a ɔsɛ na ɔtsen a ɔbɛma ɔnye n'ebusuafo enya asetsena a ɔfata nyimpa n'enyimnyam, na sɛ ohia mpo a, ɔwɔ dɛ wɔdze asetsena mu nhyehyɛɛ ho ekyigyina bi foa akatua no do.</para>
         </listitem>
         <listitem>
            <para>Ɔyɛ obiara ne ndzinoa dɛ ɔtsew anaa ɔdɔm edwumayɛfo kuw bi dua do dze bɔ n'eyiedzi ho ban.</para>
         </listitem>
      </orderedlist>
   </article>
   <article number="24">
      <title>Asɛmpɔw 24</title>
      <para>Obiara wɔ ahomgye na bɔndɔdziber ho kyɛfa; mber a wɔahyehyɛ a ɔmma edwumayɛ mmbor do, na akwanma ber a wotua odwumayɛnyi no kaw so kã iyi ho.</para>
   </article>
   <article number="25">
      <title>Asɛmpɔw 25</title>
      <orderedlist>
         <listitem>
            <para>Obiara wɔ ndzinoa dɛ ɔnye n'ebusuafo nya asetsena yi mu eyiedzi a ɔbɛma woeenya ahoɔdzen nye asetsena pa, edziban, akataho, tsenabew, eduyɛ na asetsena mu nhyehyɛɛ pa.</para>
         </listitem>
         <listitem>
            <para>Ɔyɛ obiara ne ndzinoa so dɛ, zɛ ɔhwer n'edwuma, ɔyar, onya dzɛmdzi bi, no hokafo wu, mpanyinyɛ ma ɔyɛ mberɛw, anaadɛ biribi ama ma onntum nnhwɛ noho a, onya asetsena mu ekyigyina. Ɔwɔ dɛ mbasiafo a wotur mba na mbofra nyina wɔma hɔn mboa soronko. Mbofra nyina, dɛ wɔwoo hɔn wɔ awar ase, anaadɛ wɔwoo hɔn wɔ sɔnmu, wɔ dɛ wɔma hɔn asetsena mu bambɔ pɛr.</para>
         </listitem>
      </orderedlist>
   </article>
   <article number="26">
      <title>Asɛmpɔw 26</title>
      <orderedlist>
         <listitem>
            <para>Ɔyɛ obiara ne ndzinoa dɛ ohu nwoma. Mbofraber mu nwomasua na ahyɛse nwomasua a ɔtse dɛm no nnyi dɛ wɔgye ho sika. Ɔyɛ nhyɛ dɛ abofra biara nya mbofraber mu nwomasua. Ɔwɔ dɛ wɔma mfirdwuma, na nsaanodwuma ho adzesua nye dwumadzi horow ho nwomasua yɛ beberee. Suapɔn mu nwomasua so wɔ dɛ ɔyɛ beberee na obiara a no mbɔdzembɔ fata no wɔma no ho kwan.</para>
         </listitem>
         <listitem>
            <para>Ɔwɔ dɛ nwomasua nyina no botae yɛ dɛ ɔhwehwɛ nyimpa dasanyi no mu nyina no mpontu nye enyidzi kɛse a ɔbɛba nyimpa mu wɔ adasa hɔn ndzinoa ahorow a wɔwɔ no ho. Ɔwɔ dɛ otu ntsease, gyaamu-ma-ɔnka na anyɛnkoyɛ mpon wɔ aman, nyimpakuw na nyamesom ho ekuw nyina mu; na ɔbɔboa atow Amanaman Nkabɔmu Kuw no dwumadzi akɔ kan dze ama asomdwee eetsim.</para>
         </listitem>
         <listitem>
            <para>Awofo wɔ ndzinoa dɛ wɔbɛkyerɛ nwomasua kor a ɔwɔ dɛ hɔn mba nya.</para>
         </listitem>
      </orderedlist>
   </article>
   <article number="27">
      <title>Asɛmpɔw 27</title>
      <orderedlist>
         <listitem>
            <para>Obiara wɔ ndzinoa dɛ ɔdze noho fora ne man m'amambra mu na onya enyigye fi ɔman no n'amandze nsaanodwuma mu na onya kyɛfa wɔ abɔdze nyansapɛ na mfaso a ɔdze ba no mu so.</para>
         </listitem>
         <listitem>
            <para>Obiara wɔ ndzinoa a ofi abɔdzenyansapɛ, nwomasua anaa amandze, nsaanodwuma adzeyɛ bi a noara dze bɔbɔɔ adze no mu ba no ne bambɔ no mu.</para>
         </listitem>
      </orderedlist>
   </article>
   <article number="28">
      <title>Asɛmpɔw 28</title>
      <para>Obiara wɔ ho kwan dɛ onya kyɛfa wɔ asetsena anaa amanaman nhyehyɛɛ a okitsa ndzinoa na fahodzi horow a wɔada no edzi wɔ dɛm Dawurbɔ wɔ Mpaamukã yi mu no mu.</para>
   </article>
   <article number="29">
      <title>Asɛmpɔw 29</title>
      <orderedlist>
         <listitem>
            <para>Obiara wɔ asodzi wɔ nyimpa kuw a ɔtse hɔn mu no mu; hɔ nko ara nye bea a no mpontu a odzi mu botum aba a akwansiwdze bi nnyi ho.</para>
         </listitem>
         <listitem>
            <para>Ber a obi dze ne ndzinoa na ne fahodzi ridzi dwuma no, ɔwɔ dɛ ɔyɛ dza mbra hwehwɛ wɔ no hɔ ama binom so eenya hɔn kyɛfa nye hɔn fahodzi. Ɔwɔ dɛ onya no bɔ bra tsenenee na ɔyɛ guadoadzeyɛ dɛ mbrɛ ɔdodow amambu mu eyiedzi adzeyɛ ho ntsetsee tse.</para>
         </listitem>
         <listitem>
            <para>Onnyi dɛ wɔfa kwan biara a otsia Amanaman Nkabɔmu Kuw no ne nhyehyɛɛ do dze hwehwɛ ndzinoa na fahodzi ahorow yi.</para>
         </listitem>
      </orderedlist>
   </article>
   <article number="30">
      <title>Asɛmpɔw 30</title>
      <para>Onnyi dɛ nyimpa biara ma nkyerɛase wɔ Dawurbɔ yi mu nsɛm yi ho a ɔbɛma ɔman, nyimpakuw anaa ankorankor bi tum ma ɔaayɛ biribi a ɔbɛsɛɛ ndzinoa na fahodzi ahorow a wɔada no edzi wɔ nwoma yi mu no.</para>
   </article>
</udhr>