<?xml version="1.0" encoding="UTF-8"?>

<!--© The Office of the High Commisioner for Human Rights-->

<udhr iso639-3='lug' xml:lang='lg' key='lug' n='Ganda' xmlns="http://www.unhchr.ch/udhr">
  <title>EKIWANDIIKO EKY'ABANTU BONNA EKIFA KU DDEMBE LY'OBUNTO</title>
  <preamble>
    <title>EBYANJURA</title>
    <para>Ekitiibwa ky'omuntu eky'obutonde; okwenkanankana, wamu n'obuyinza obutayinza kugyibwawo ebyabantu bonna, gwe musingi gw'eddembe; obwenkanya n'emirembe mu nsi.</para>
    <para>Obanga abantu sibakikozesa kujeema 'ngeky' okulwanyisa ekisembayo, okwetaasa obufuzi obukambwe okutulugunya, kyetaagisa eddembe ly'obuntu okuba nga lifugibwa amateeka.</para>
    <para>Ekibiina ky'amawanga amagatte, mu kiwandiiko kyakyo kikakasa nga bwekikkiririza mu ddembe ly'obuntu era ne mu kittibwa n'omuwendo gw'omuntu era kimaliridde okukubiriza abantu okugenda mu maaso n'okulwanyisa omutindo gw'embeera y'obulamu bwabwe mu ddembe erisingawo.</para>
    <para>Amawanga g'amemba geeyamye okukolaganira awamu n'ekibiina ky'Amawanga Amagattere mu kukubiriza abantu abali okussamu ekitiibwa n'okukuuma eddembe ly'obuntu n'emisingi gyalyo.</para>
    <para>Okutegeera obulungi obuyinza (rughts) n'eddembe ly'obuntu kikulu nnyo mu kutuukiriza obweyamo obwo mubujjuvu.</para>
    <para>Olwekyo, Olukiiko ttabamiruka (General Assembly) olw'amawanga Amagatte, iulangirira Ekirangiriro EKIFUGA EDDEMBE LY'ABANTU BONNA WONNA MU NSI.</para>
    <para>Abantu bonna abali wonna olw'okubeera ne'kiruubirirwa ekimu eky'amawanga gonna, basaanye bulijjo okujjukiranga EKIRANGIRIRO kino, wamu n'okulafuubana okuyigiriza, okugunjula n'okukubiriza abantu okussaamu ekitiibwa eddembe ly'obuntu, okutangaaza amateeka gaalyo n'okugakuuma, mu bantu abali mu bitundu ebiri mu buyinza bwabwe.</para>
  </preamble>
  <article number="1">
    <title>Ekitundu 1.</title>
    <para>Abantu bazaalibwa nga balina eddembe n'obuyinza ebyenkanankana, batondebwa nga balina amagezi era nga basobola okwawula ekirungi n'ekibi bwebatyo, buli omu agwana okuyisa munne nga muganda we.</para>
  </article>
  <article number="2">
    <title>Ekitundu 2.</title>
    <para>Buli muntu agwana afune eddembe eryo gerwako mu KIWANDIIKO kino awatali kusolola kwona okw'engeri yonna okuyinza okusinziira ku:- ggwanga, langi y'olususu okuba omusajja oba mukazi, olulimi, eddini endowooza ye ku by'obufuzi oba ekintu ekirala ensi oba abantu mwasibuka, ebintu byalina obuzaale bwe oba ensonga endala yonna.</para>
    <para/>
  </article>
  <article number="3">
    <title>Ekitundu 3.</title>
    <para>Buli muntu ateekwa okubeerawo nga mulamu nga yegazaanya awatali kutaataganyizibwa mu ngeri yonna.</para>
  </article>
  <article number="4">
    <title>Ekitundu 4.</title>
    <para>Tewali muntu assanidde kufugibwa buddu, obuddu n'obusuubuzi bw'abaddu tebukirizibwa mu nsi.</para>
  </article>
  <article number="5">
    <title>Ekitundu 5.</title>
    <para>Tewali muntu asanidde, kutulugunnyizibwa okubonerezebwa oba okuyisibwa mu ngeri eteri ya buntu emutyoboola.</para>
  </article>
  <article number="6">
    <title>Ekitundu 6.</title>
    <para>Buli muntu amateeka gateekwa okumubala era n'okumuyisa ng'omuntu buli wantu wonna.</para>
  </article>
  <article number="7">
    <title>Ekitundu 7.</title>
    <para>Abantu bonna benkanankana mu maaso g'amateeka era bateekwa okukuumibwa amateeka awatali kusosola. Abantu bonna bateekwa kukumibwa kyenkanyi eri obusosoze obufutyanka EKIWANDIIKO kino oba obubawaliirizza okusosola mu ngeri eyo.</para>
  </article>
  <article number="8">
    <title>Ekitundu 8.</title>
    <para>Buli muntu ateekwa okukkirizibwa okutwala ensonga ze mu mbuga entuufu ez'eggwanga zikolebweko singa nga eddembe lyerimuweebwa mu Constitution ne mu mateeka liba lijolongeddwa.</para>
  </article>
  <article number="9">
    <title>Ekitundu 9.</title>
    <para>Tewali muntu anakwatibwanga oba okusibibwanga oba okusibibwa oba okuwangangusibwa mu ngeri etegoberera mateeka.</para>
  </article>
  <article number="10">
    <title>Ekitundu 10.</title>
    <para>Buli muntu awatali kusosola, ateekwa okuwozesebwa mu lwatu ate mu bwenkanya mu kooti eyeemala era eterina kyekubira, bwabanga annonya okukakasa onuyinza obumuweebwa mu mateeka singa waliwo omusango ogumenya amateeka ogumuvunaanibwa.</para>
  </article>
  <article number="11">
    <title>Ekitundu 11.</title>
    <orderedlist>
      <listitem>
	<para>Buli muntu yenna avunaanibwa omusango oguliko ekibonerezo ateekwa okubalibwa nga taliiko musango okutuusa nga kikakasibbwanti ddala yaguzza okusinziira mu mateeka era ateekwa okuwozesebwa mu kooti mu lwatu nga aweereddwa na buli mukisa gwonna okwetaasa.</para>
      </listitem>
      <listitem>
	<para>Tewali muntu n'omu anabalibwanga nga azzizza omusango ogumubonerezesa, kino nga kisinzira kukikolwa kye yakola oba kyatakola, mu kiseera ekyemabega, kyokka nga mu kiseera ekyo ekikolwa kyeyakola oba kyeyalemwa okukola kyali tekittekwa kumubonerezesa, okusinziira mu mateeka g'eggwanga eryo oba ag'amawanga amalala Bwanabanga ateekwa okubonerezebwa mu kiseera weyazziza omusango ogwo.</para>
      </listitem>
    </orderedlist>
  </article>
  <article number="12">
    <title>Ekitundu 12.</title>
    <para>Eddembe ly'omuntu yenna eyo gyabera amaka ge era n'ebbaluwa ze tebitaataganyizzibwe nga oba okwazibwa mu ngeri etegoberera mateeka, so n'erinnya lye teriweebuulwenga oba okulebulwa. Buli muntu ateekwa okukuumibwa amateeka aleme kutaataaganyizibwa oba okulumbibwa mu ngeri eyo.</para>
  </article>
  <article number="13">
    <title>Ekitundu 13.</title>
    <orderedlist>
      <listitem>
	<para>Buli muntu alina eddembe okugenda oba okusula wonna wayagala, munda w'ensalo ez'eggwanga lye.</para>
      </listitem>
      <listitem>
	<para>Buli muntu wa ddembe okufuluma okuva mu ggwanga lyona, kino nga kitwaliramu n'eggwanga lye, wamu n'okudda mu ggwanga lye.</para>
      </listitem>
    </orderedlist>
  </article>
  <article number="14">
    <title>Ekitundu 14.</title>
    <orderedlist>
      <listitem>
	<para>Omuntu ayigganyizibwa waddembe okunoonya obubudamo mu ggwanga eddala era n'okusanyukira mu bubudamo obwo.</para>
      </listitem>
      <listitem>
	<para>[missing]</para>
      </listitem>
    </orderedlist>
  </article>
  <article number="15">
    <title>Ekitundu 15.</title>
    <orderedlist>
      <listitem>
	<para>Buli muntu ateekwa okufuna eggwanga ettongole gyabalirwa ng'omutuuze.</para>
      </listitem>
      <listitem>
	<para>Tewali muntu yenna anagyibwangako obutuuza bw'eggwanga lye wadde okugaanibwa okukyusa obutuuze bwe okubugya mu ggwanga erimu okubuuza mu ddala.</para>
      </listitem>
    </orderedlist>
  </article>
  <article number="16">
    <title>Ekitundu 16.</title>
    <orderedlist>
      <listitem>
	<para>Omusajja oba omukazi omukulu atuuse okwesalirawo, taakomerwenga mu ngeri yenna obutawasa oba okufumbirirwa n'okuzaala abaana, olw'olulyo mwasibuka, olw'eggwanga lye oba lwe'eddini ye. Omusajja n'Omukazi balina onuyinza n'eddembe ebyenkanankana nga tebannafumbiriganwa, oba nga bafumbiriganiddwa oba oluvannyuma lw'obufumbo bwabwe okusattululwa.</para>
      </listitem>
      <listitem>
	<para>Amaka gwe musingi gw'eggwanga ogw'obuwangwa olwekyo abantu ne gavumenti basaanye okugakuuma obutiribiri.</para>
      </listitem>
      <listitem>
	<para>[missing]</para>
      </listitem>
    </orderedlist>
  </article>
  <article number="17">
    <title>Eitundu 17.</title>
    <orderedlist>
      <listitem>
	<para>Buli muntu waddembe okwefunira ebintu bye kululwe oba nga yeetabye ne n'abantu abalala.</para>
      </listitem>
      <listitem>
	<para>Tewali muntu yenna anaggyibwangako ebintu bye mu ngeri etagoberera matteka.</para>
      </listitem>
    </orderedlist>
  </article>
  <article number="18">
    <title>Ekitundu 18.</title>
    <para>Buli muntu alina eddembe ery'okwerowooleza okwawula ekirungi n'ekibi n'okulondawo eddini gyanasoma. Eddembe lino lizingiramu obuyinza okukyusa eddini oba enzikiriza ye, n'obuyinza obubwe ku lulwe oba wamu n'abantu abalala, mu lwatu oba mu kyama, okwolesa eddini oba enzikiriza ye, ngayigiriza oba ngateeka mu nkola eddini ye byemulagira, nga asinza oba ngakuuma byemugamba.</para>
  </article>
  <article number="19">
    <title>Ekitundu 19.</title>
    <para>Buli muntu wa ddembe okubeera n'endowooza ye era n'okwogera oba okuwandiika nga bwalowooza. Eddembe lino lizingiramu n'ebeetu ery'okugugubira ku ndowooza ye awatali kitaattaagaayizibwa, okusaka okufuna wamu n'okusaasaanya amawulire n'ebirowoozo okuyita mu mikutu gyonnna watali kukomerwa.</para>
  </article>
  <article number="20">
    <title>Ekitundu 20.</title>
    <orderedlist>
      <listitem>
	<para>Buli muntu ayinza okwetaba mu nkugaana ez'eddembe wamu n'abantu abalala.</para>
      </listitem>
      <listitem>
	<para>Tewali n'omu anakakibwanga okwetaba mu nkunganaa awamu n'abantu abalala.</para>
      </listitem>
    </orderedlist>
  </article>
  <article number="21">
    <title>Ekitundu 21.</title>
    <orderedlist>
      <listitem>
	<para>Buli muntu waddembe okwetaba mu nfuga y'eggwenga lye.</para>
      </listitem>
      <listitem>
	<para>Buli muntu alina obuyinza obwenkanankana n'obw'omulala obumusobozesa okutuukirira ebitongole bya gavumenti y'ensi ye ebiweereza abantu bonna awatali kukugirwa.</para>
      </listitem>
      <listitem>
	<para>[missing]</para>
      </listitem>
    </orderedlist>
  </article>
  <article number="22">
    <title>Ekitundu 22.</title>
    <para>Buli muntu wa ggwanga alina obuyinza okutuula ne bantu banne ngatebenkedde mu ddembe. Kino kimusobozese okutuuka ku biruubirirwa eby'ekitiibwa by'obuntun'okulongongoosa empisa ze, okuyita mu kukola kw'eggwanga lye oba okukolagana n'awamanga nga amalala, okusinziira ku nteekateeka n'enkozesa 'obugagga bwe'eggwanga mu by'enfuna, ey'embeera z'abantu n'eby'obuwangwa ebitayinza kwewalika mu kukulakulana kuno.</para>
  </article>
  <article number="23">
    <title>Ekitundu 23.</title>
    <orderedlist>
      <listitem>
	<para>Buli muntu alina eddembe n'obuyinza okukola. Ateekwa okwerondera ekika ky'omulimu ekimuggyamu era ekirina embeera emusobozesa okukola obulungi, wamu n'okukirizibwa oba okuyambibwa singa omulimu ogwo gumuweddeko.</para>
      </listitem>
      <listitem>
	<para>Buli mukozi ateekwa okussasulwa empeera entuufu emuggyamu, emusobozesa ye yennyini n'abantu ab'amaka ge okweyimirizawo nga abantu balamu. Bwekiba kyetagisa empeera y'omukozi eyinza okwongerezebwako ensako endala ezimusobozesa okwetaasa ebyo ebimugwako ng'omuntu nga tabyetegekedde.</para>
      </listitem>
      <listitem>
	<para>[missing]</para>
      </listitem>
      <listitem>
	<para>[missing]</para>
      </listitem>
    </orderedlist>
  </article>
  <article number="24">
    <title>Ekitundu 24.</title>
    <para>Buli muntu ateekwa okuwummula n'okuweera. Asaana akole essawa zakigero buli lunaku era abeere n'ekiseera eky'okwewummuzaamu buli mwaka, kyokka nga empeera ye ey'ekiseera ekyo emuweebwa.</para>
  </article>
  <article number="25">
    <title>Ekitundu 25.</title>
    <orderedlist>
      <listitem>
	<para>Buli muntu ateekwa okubeera n'omutindo gw'obulamu ogumusobozesa okubeerawo nga mulamu bulungi mu mubiri , ye yennyini n'abantu abamakage, ng'afuna emmere, ebyambalo, ennyumba n'okujjanjabwa singa alwadde era nga asobola okweyambisa ebyo gavumenti y'eggwanga lye by'ekolera abantu baayo okusitula embeera y'obulamu bwabe. (Social Services). Buli muntu, asaana okuyambibwa aleme kweralikirira bwaba nga omulimu gumuweddeko, oba afuuse kateyaamba oba afuuse Ssemwandu oba Nnamwandu oba ngatuusibbwa mu mbeera etemusobozesa kufuna nsiimbi kyokka nga kino siyakyeretedde yekka.</para>
      </listitem>
      <listitem>
	<para>Abakyala abazadde wamu n'abaana bateekwa okulabirirwa n'okuyambibwa mu ngeri ey'enjawulo. Abaana bonna oba bazadde baabwe bafumbo mu mateeka oba si bafumbo bagwana okulabirirwa kyenkanyi nga abantu.</para>
      </listitem>
    </orderedlist>
  </article>
  <article number="26">
    <title>Ekitundu 26.</title>
    <orderedlist>
      <listitem>
	<para>Buli muntu ateekwa okuyigirizibwa. Okuyigizibwa kunabanga kwa bwerere mu myaka egisooka ne mu masomero agasookerwamu. Okuyigirizibwa okusookerwako kunabanga kwa buwaze. Amasomero agayigiriza eby'emikonono n'emirimu egy'ekikugu ganaateekebwangawo, era buli muntu alina ebisannizo n'obusobozi anaweebwanga omukisa okusomera mu magunjukiro agawaggulu.</para>
      </listitem>
      <listitem>
	<para>Ebyenjigiliza binaluubiriranga okugunjula abantu muby'amagezi n'empisa nga biteeka essira ku kusaamu ekitiibwa eddembe ly'obuntu n'emisingi gyalyo. Binakubirizanga okuteegeeragana okw'abantu ab'ensi n'eddini ez'enjawulo; era binakolaganiranga wamu n'ekibiina ky'Amawanga Amagatte mu kuleetawo emirembe mu baantu.</para>
      </listitem>
      <listitem>
	<para>[missing]</para>
      </listitem>
    </orderedlist>
  </article>
  <article number="27">
    <title>Ekitundu 27.</title>
    <orderedlist>
      <listitem>
	<para>Buli muntu waddembe okwetaba mu by'obuwangwa ebyensiye era n'okusanyukira ebikolebwa abalina amagezi oba ebitone ebyobuwangwa, n'okugabana ku miganyulo egivudde mukukulakulana kwa sayansi.</para>
      </listitem>
      <listitem>
	<para>Buli muntu agwanidde okutaasibwa okuva mu kabi akayinza okutuuka ku mpisa ze oba kwebyo ebimusanyusa mu nsi, kino nga kisinziira ku magezi aga sayansi ebitabo ebibi oba ebifaananyi eby'ekigwenyufu ebiba bikoledwa abaantu.</para>
      </listitem>
    </orderedlist>
  </article>
  <article number="28">
    <title>Ekitundu 28.</title>
    <para>Embeera y'abantu ab'eggwanga lye oba ab'omumawanga amalala ng'esobozesa omuntu okufuna eddembe ly'obuntu nga bwe liwandiikiddwa mu KIRAGIRO kino.</para>
  </article>
  <article number="29">
    <title>Ekitundu 29.</title>
    <orderedlist>
      <listitem>
	<para>Buli muntu alina obuvunanyizibwa eri abantu b'ensi ye, kubanga bano bokka abamusobozesa okukikukulanya mumpisa ne mungeri endala zonna.</para>
      </listitem>
      <listitem>
	<para>Omuntu nga akaayanira eddembe lye ery'obuntu ekinamukolangako kyokka ge mateeka ago agateekebwawo okunyweza, okutongoza wamu n'okusaamu ekitiibwa eddembe ly'abalala n'okukuuma empisa ennungi mu bwenkanya oba okukuuma eddembe lya bonna oba amateeka ago ogakuuma obulungi bwa abantu bonna ab'eggwanga eriddukanyizibwa ku demokolasi.</para>
      </listitem>
      <listitem>
	<para>[missing]</para>
      </listitem>
    </orderedlist>
  </article>
  <article number="30">
    <title>Ekitundu 30.</title>
    <para>Tewali nsonga yonna mu KIRANGIRIRO kino enetapoutibwanga mu ngeri etegeeza nti ewa ebbeetu abantu b'eggwanga oba ekibinja ky' abantu okwenyigira oba okwetaba mu kikolwa kyonna ekigenderera okuzikiriza eddembe ly'obuntu eriwandiikiddwa mu KIRANGIRIRO kino.</para>
  </article>
</udhr>
