<?xml version="1.0" encoding="UTF-8"?>

<!--© The Office of the High Commisioner for Human Rights-->

<udhr iso639-3='guc' xml:lang='guc' key='guc' n='Wayuu' xmlns="http://www.unhchr.ch/udhr">
  <title>AKÜJIA SÜKUA'IPA SÜCHIKI SÜJUTU WAYUU SA'U MMAKAT</title>
  <note>
    <para>So'u ka'i po'loo, kashi tisiienpre, juyaa pol'lootua po'loo shikii mekiietsattua po'loo shikii sünainmüin pienchi shikii mekiisalumüin (1948), sü'tpüna tüü Kottirawaa sa'inraka tüü Nasiones Uniiras münaka, saapain süma shi'iraajirüin akua'ipa tüü a'inrushika süpüla sujutu wayuu sa'u mmakat. Tüü pütchi sülu'uwataka anain ashajuneer shi'ipa'aya karalo'utalu'u. Süchikije asawatünüin kasa makat anülia achuntunusü namüin naa sülaulayuukana mma, " nerajirüin tüü pütchi alu'uwataanaka sülu'u karalo'utakat tüü, süpüla süshajünüinjatüin, saashajenüinjatuin, kachikiinjatüin shia sülu'upüna tüü e'ikuleepüleekat ekat e'in, nnojolüinjatü ko'utküin sülu'uwataya sa'u tüü mmakat.</para>
  </note>
  <preamble>
    <title>PÜTCHI SÜPULAPÜNA</title>
    <para>JÜLÜJÜINJATÜ A'IN taashi, kasalajana, kamaneejirawaa, sa'u tüü mmakat kayuupalasü sünainje kajütüin atuma tüü akua'ipa wanawakat napüla napüshua naa wayuukanairua.</para>
    <para>JÜLÜJÜINJATÜ A'IN aka meraajüin süma mojutüin atuma tüü pütchi aapüshika süpüla süjutu wayuu, watta saali tüü kasa mojüsü a'innaka sa'upüna na'in wayuu; aka shia'in e'itaanüin ma'aka tüü kasa müliakana ma'i e'iree naa wayuukana, süpüla nasawatüin wanee mma eere akatatnüin no'ulia tüü momoluu jeema mülia, eere taashi nakua'ipa süpüla yootoo jee müsüya süpüla anouja sünain kasa nano'ujekat anain;</para>
    <para>JÜLÜJÜINJATÜ A'IN a'inmajünüinjatü ma'i palaajana süchikua sujutu wayuu, sülu'u wane sükua'ipa eere neimalüinjatüin na'in sülia ashüküjawaa sünain pasalawaa sa'u nakua'ipa;</para>
    <para>JÜLÜJÜINJATÜ A'IN pa'inwaajiraa'injanain süchiirua aleewaa napüshüa naa sülaülayuukana alu'uwatawa sa'u tüü mmakat;</para>
    <para>JÜLÜJÜINJATÜ A'IN naa kottiraakana sünain tüü Nasiones Uniiras münaka no'unirüin na'in süchirua tüü achiki süpülajatka sujutu wayuu sülu'u wanawain nakua'ipa jieyuu nama tooloyuu; suma nayataajirain shiire anaata sümüliala wayuu sülu'u tüü anakat akua'ipa sünain taashi;</para>
    <para>JÜLÜJÜINJATÜ A'IN naa sülaulayuukana mma sunainkana tüüaapüshi nanüiki süpüla ayaataajirawa nama naa sülu'ukana tüü Orkaniisasion te las Nasiones Uniiras münaka, süpüla kajütüinjatüin atüma, tüü akua'ipa acheejanaka napuleerua naa wayuukanairua;</para>
    <para>JÜLÜJÜINJATÜ A'IN aapanüinjatü akua'ipa wanawa nekiiru'umüin napüshua pütchika tüü süpüla anainjatüin saañajia napüla wayuu, süpüshua tüü pütchi alu'uwataanaka anain;</para>
    <para>KOTTIRAWAA MÜLO'USÜKA</para>
    <para>SÜKÜJA'IN</para>
    <para>TÜÜWAALAI SÜCHIKIMAAJATÜKA SÜJUTU WAYUU SA'U TÜÜ MMAKAT, isakat anain wa'in acheküsü kapüla'in na'in naa sulaulayuuka mma otta müsüya natuma naa wayuukana jee tüü laulapiakat süpüla na'inrüin waneepia shia süma nashatüinjatüin sukua'ipa sünain e'ikaa süchirua kajutüinjatüin atuma süpüshua sülu'uwataka achiirua pütchikat tüü.</para>
  </preamble>
  <article number="1">
    <title>SHI'IPAJANA WANE (1)</title>
    <para>Naa wayuukana jemeishi süpüla taashi süma wanawa sülu'u nakua'ipa, aka müin yaa epijainjana sünain anajiranawaa a'in nama napüshi.</para>
  </article>
  <article number="2">
    <title>SHI'PAJANA PIAMA (2)</title>
    <para>Tüü alu'uwatanaka sülu'u pütchikat tüü napülajatü naa wayuukana napüshua nnojotüsü süpüla ko'utküinjanain sa'uje natapa'a, nanuiki nanoujain no'ummain jee müsüya sa'uje kasa ekat e'in wanawa'injatü napüla wanepia.</para>
    <para>Otta müsüya naa wayuukanairua nojolinjana join apülaa sa'uje sükua'ipa no'ummain.</para>
  </article>
  <article number="3">
    <title>SHI'IPAJANA APÜNÜIN (3)</title>
    <para>Naa wayuukana eeshi süpüla kajutüinjatüin atuma napülerua tüü kataakat o'u, tüü taashi jee müsüya a'inmajuna akua'ipa süulia kasachiki.</para>
  </article>
  <article number="4">
    <title>SHI'IPAJANA PIENCHI (4)</title>
    <para>Nojolüinjachi aapünüin wane wayuu süpüla achepchia,apülajünüitpa kasa müsüaka tüya sülu'u sükua'ipa süpüshuaya.</para>
  </article>
  <article number="5">
    <title>SHI'IPAJANA JA'RAI (5)</title>
    <para>Nnojotüsü süpüla mulia'in a'in naa wayuukana atuma, nnojotüsü süpüla amojojunüin nakua'ipa.</para>
  </article>
  <article number="6">
    <title>SHI'IPAJANA A'IPIRUA (6)</title>
    <para>Kajutüinjatü nakua'ipa naa wayuukana eepunaale naya.</para>
  </article>
  <article number="7">
    <title>SHI'IPAJANA AKARATCHI (7)</title>
    <para>Wanawashi napüshua naa wayuukana so'upala tüü sülaulaka a'inmajia, anaaka naya joolu'u a'inmajünüin wanawa. Nojolüinjana letüin süulia tüü akua'ipa sülu'uwataka tüü pütchi karalo'utalüka.</para>
  </article>
  <article number="8">
    <title>SHI'PAJANA MEKIISAT (8)</title>
    <para>Naa wayuukana eeshi süpüla asakajaa süchirua nakua'ipa laulapialu'upüna maaka shiinnule amüin tüü akua'ipa aapüshika namüin sülu'u tüü Konstitusionka.</para>
  </article>
  <article number="9">
    <title>SHI'IPAJANA MEKIETSAT (9)</title>
    <para>Noojolüinjachi ata'unüin wane wayuu masalajanoule.</para>
  </article>
  <article number="10">
    <title>SHI'IPAJANA PO'LOO (10)</title>
    <para>Naa wayuukana eeshisüpüla wanawain nakua'ipa sünain aapajuna anuiki, o'upala sütuma tüü e'itatka süsalajana kasa süpüla shiitaanüinjatüin süsalajana nañajala sülu'u anakat akua'ipa.</para>
  </article>
  <article number="11">
    <title>SHI'IPAJANA PO'LOO WANEMÜIN (11)</title>
    <orderedlist>
      <listitem>
	<para>Wayuu ekai aküjünüin achiki sünain kaañajala nnojolüinjachi süsalajanain ma'aka matujajule a'u; wane'ereja shiraajünapa sükua'ipa, shiitanetka süsalajana ma'aka sülu'uwatain laulayuu süpu'uya tüü.</para>
      </listitem>
      <listitem>
	<para>Nnojolüinjana süsalajana'in wane kasa ekai masalajana'in wane suma saañajunüin aka sülu'uwatain sükua'ipa laulapia nnojolüinjatü joolu'u mülo'ulein süsalajana atuma ayatüinjatü saalii ma'aka so'ukai sañajünaka a'u.</para>
      </listitem>
    </orderedlist>
  </article>
  <article number="12">
    <title>SHI'IPAJANA PO'LOO PIAMAMÜIN (12)</title>
    <para>Nnojolüinjana eke'ejünüin a'in naa wayuukana sa'uje nakua'ipa nepialu'u, süma napüshi jee müsüya sa'uje tüü karalo'uta antakaa namüin a'inmajünüinjatü tüü nakua'ipa süulia jamajüin naya atuma.</para>
  </article>
  <article number="13">
    <title>SHI'IPAJANA PO'LOO APÜNÜINMÜIN (13)</title>
    <orderedlist>
      <listitem>
	<para>Naa wayuukana eeshi süpüla waraitüin eepünaweele, eeshi süpüla kapüyain sülu'u tüü mma nachekakalü na'in.</para>
      </listitem>
      <listitem>
	<para>Jee müsüya naa wayuukana eeshi süpüla antaa süma o'una sülu'uje no'ummain otta müsüya sülu'uje wane mma naatajatü.</para>
      </listitem>
    </orderedlist>
  </article>
  <article number="14">
    <title>SHI'IPAJANA PO'LOO PIENCHIMÜIN (14)</title>
    <orderedlist>
      <listitem>
	<para>Ma'aka nüchejanüle achiki wane wayuu sülu'u no'ummain, eeshi süpüla nüchüntüin akaliijuna sülu'u wane mma eere anain nümüin.</para>
      </listitem>
      <listitem>
	<para>Akua'ipakat tüü kajutüinjatü atuma süuleerua wane añajala ekai naatüin süulia sükua'ipa tüü Nasiones Uniiras münaka.</para>
      </listitem>
    </orderedlist>
  </article>
  <article number="15">
    <title>SHI'IPAJANA PO'LOO JA'RAIMÜIN (15)</title>
    <orderedlist>
      <listitem>
	<para>Naa wayuukana eeshi süpüla sünüliamüin naya wane mma.</para>
      </listitem>
      <listitem>
	<para>Nnojotüsü süpüla saakatnüin no'ulia sünülia no'ummainnnojotüsü achechetnüinjatüin shia nanain ma'aka nawanajaweere süulia.</para>
      </listitem>
    </orderedlist>
  </article>
  <article number="16">
    <title>SHI'IPAJANA PO'LOO A'IPIRUAMÜIN (16)</title>
    <orderedlist>
      <listitem>
	<para>Nnojotsü pülajünüinjatüin namüin naa wayuukana kawayuuse, jieyuu nama tooloyuunnojotsü erajanüinjatüin palajaana jalejeewolin, kasain nano'ujain anain kasatalüin nata, süpüla kapüshinjanain wanawainjana sülu'u anakat akua'ipa.</para>
      </listitem>
      <listitem>
	<para>Akasalajünüshi naa wayuukana ma'aka nacheckule na'in.</para>
      </listitem>
      <listitem>
	<para>Tüü wapüshika shia akümajaka wapüleerua tüü akua'ipakat, aka müin yaa wa'inmajüinjatü jee müsüya a'inmajünüinjatü natuma naa sülaulayuukana mma.</para>
      </listitem>
    </orderedlist>
  </article>
  <article number="17">
    <title>SHI'IPAJANA PO'LOO AKARATCHIMÜIN (17)</title>
    <orderedlist>
      <listitem>
	<para>Napüshua naa wayuukana eeshi süpüla kakoroloin naya, otta müsüya kakorolojirain nama waima wayuu.</para>
      </listitem>
      <listitem>
	<para>Nnojotsü süpüla süsütünüin mojütoule nükorolo wane wayuu.</para>
      </listitem>
    </orderedlist>
  </article>
  <article number="18">
    <title>SHI'IPAJANA PO'LOO MEKIISALÜMÜIN (18)</title>
    <para>Naa wayuukana eeshi süpüla taashi akua'ipa süpüleerua ano'uja, otta müsüya e'itana na'in sünain kasa anakat napüleerua.</para>
  </article>
  <article number="19">
    <title>SHI'IPAJANA PO'LOO MEKIETSALÜMÜIN (19)</title>
    <para>Naa wayuukanairua eeshi süpüla taashi akua'ipa sünain yootoo süchiki tüü kasa nekiiru'ukana nnojolüinjana süsalajanain aashajawaa süma aapajana wane kasa achiki süpüla nülu'uwata'in shia süpüla saapajünüin epünaweere shia nülu'uwata'in achiki.</para>
  </article>
  <article number="20">
    <title>SHI'IPAJANA PIAMA SHIKII (20)</title>
    <orderedlist>
      <listitem>
	<para>Naa wayuukana eeshi süpüla taashi akua'ipa süpüla a'inraa wane jutkataa jee müsüya kottirawa sülu'u mausii.</para>
      </listitem>
      <listitem>
	<para>Nnojotsü süpüla achechetnüin a'in wane wayuu sünain süpushi wane jutkataa.</para>
      </listitem>
    </orderedlist>
  </article>
  <article number="21">
    <title>SHI'IPAJANA PIAMA SHIKII WANEMÜIN (21)</title>
    <orderedlist>
      <listitem>
	<para>Napüshua naa wayuukana eeshi süpüla nalu'uwataajirain nama naa sülaülayuukana alu'uwatawaa;ottamüsüya eeshi süpüla neitain wane nache'epu'ujana ekai nachekuin na'in.</para>
      </listitem>
      <listitem>
	<para>Naa wayuukana eeshi süpüla erajaa wanawaa sukua'ipa tüü alu'uwatawaaka sa'u no'ummain.</para>
      </listitem>
      <listitem>
	<para>Jutchüin na'in naa wayuukana shia suyuupalaka sukua'ipa tüü alu'uwatawaa aka müin yaa jayasü sukua'ipa suka tüü woto münaka, süpüla aliikira naa shikiipu'unüinjanaka alu'uwatawaa su'lu'u anakat akua'ipa.</para>
      </listitem>
    </orderedlist>
  </article>
  <article number="22">
    <title>SHI'IPAJANA PIAMA SHIKII PIAMAMÜIN (22)</title>
    <para>Napushua naa wayuukana eeshi süpüla na'inmajünüin aküa'ipa, otta müsüya eeshi süpüla neraajüin süpüshua jamüin sukua'ipa shiitajia suwashirüin, suma sutnetshe tüü mmakalüirua süpüla anainjatüin na'in sünainje tüü kasa natujaakat a'u.</para>
  </article>
  <article number="23">
    <title>SHI'IPAJANA PIAMA SHIKII APÜNÜINMÜIN (23)</title>
    <orderedlist>
      <listitem>
	<para>Naa wayuukana eeshi süpüla nayatain sünain kasa nayataweekat anain, suma sa'inmajünüinjatüira sukua'ipa nayatain suulia amüloulii.</para>
      </listitem>
      <listitem>
	<para>Naa wayuukana nnojülüinjana ko'utküin wanawainjatü nakanajüin, wanawale nayatain.</para>
      </listitem>
      <listitem>
	<para>Nayataale naa wayuukana akanajüinjana sünainje nayatain, süma wanawa'injatüin tüü nakanajaka suma nayatain,süpüla anainjatüin na'in sünain epijaa nuchounni.</para>
      </listitem>
      <listitem>
	<para>Naa wayuunakana eeshi süpüla achejawaa sukua'ipa wane kottaa süpüla kajütüin atuma tüü keireekat na'insunain anatiraa nakua'ipa.</para>
      </listitem>
    </orderedlist>
  </article>
  <article number="24">
    <title>SHI'IPAJANA PIAMA SHIKII PIENCHIMÜIN (24)</title>
    <para>Nayataale naa wayuukana eeshi süpüla neemerain so'u wane ka'i, otta müsüya ayawatünüinjatü sukalia nayatain sapünapa namüin tüü eemerawaaka wala'injana suma'iru.</para>
  </article>
  <article number="25">
    <title>SHI'IPAJANA PIAMA SHIKII JA'RAIMÜIN (25)</title>
    <orderedlist>
      <listitem>
	<para>Naa wayuukana eeshi süpüla epijawaa sulu'u anakat akua'ipa süma napüshi ma'aka sa'in kapuyaa, kashe'in, erajaana ayuipa, anaa sülu'u sükua'ipakat süpushua.</para>
      </listitem>
      <listitem>
	<para>Naa jemeyuunnukana otta müsüya naa jo'uyuukana a'inmajünüinjana süpüleerua kasa süpushua naa jo'uyuukana a'inmajünüinjana sülu'u sükua'ipa süpushua a'itaina jemein süma waneejetüin napüshi.</para>
      </listitem>
    </orderedlist>
  </article>
  <article number="26">
    <title>SHI'IPAJANA PIAMA SHIKII AIPIRÜAMÜIN (26)</title>
    <orderedlist>
      <listitem>
	<para>Naa wayuukana napushua eeshi süpüla ekirajuna mojutüinjatü shia napuleerua suttiana'in ekirajawaa nalatirapatüü, süpüla ko'omünüin natüjain wanawainjatü nakua'ipa sünain antaa sülu'umüin tüü ekirajaapulee mulo'usüka unipersitaa munaka aka sükua'ipa atuma.</para>
      </listitem>
      <listitem>
	<para>Naa wayuukana ekirajünuinjana süpüleerua anataa nakua'ipa suma atujaa kajutaa atüma tüü suchikika sujutu wayuu süpüla anainjatüin susanalia tüü mmakat süchirua asauta tüü anamia suchekaka achiki tüü Nasiones Uniiras munaka.</para>
      </listitem>
      <listitem>
	<para>Napüla naa wayuukana eeshi süpüla aneekajaa tüü ekirajawaa aapuneeka namüin nachounni.</para>
      </listitem>
    </orderedlist>
  </article>
  <article number="27">
    <title>SHI'IPAJANAPIAMASHIKIIAKARATCHIMÜIN (27)</title>
    <orderedlist>
      <listitem>
	<para>Napushua naa wayuukana eeshi süpüla erajirain wanaa nama naa waneirua sünain antiraa süchiki kasa anasü napüla napushua.</para>
      </listitem>
      <listitem>
	<para>Naa wayuukana eeshi süpüla sa'inmajünüin tüü kasa namüinka,otta müsüya tüü kasa nayuralaka nekiiru'uje suka na'in namuiwa'a.</para>
      </listitem>
    </orderedlist>
  </article>
  <article number="28">
    <title>SHI'IPAJANA PIAMA SHIKII MEKIISALÜMÜIN (28)</title>
    <para>Napushua naa wayuukana eeshi süpüla shiitaanüinjatüin napüleerua wane sükua'ipa sa'u tüü mmakat süpüla pansainjatüin sañajia tüü sülu'uwatakat anain tüü pütchika.</para>
  </article>
  <article number="29">
    <title>SHI'IPAJANA PIAMA SHIKII MEKIETSALÜMÜIN (29)</title>
    <orderedlist>
      <listitem>
	<para>Naa wayuukanairua jülüinjatüna'in nakua'ipa naa wayuu kapuyakiraaka nama aka anain naya sünain epijawa anajiralee nakua'ipa napushua.</para>
      </listitem>
      <listitem>
	<para>Shia'ala nnojotka anain süpüla na'inraa tüü apülajunaka napüleerua laülapialu'ujesüpüla anainjatüin sukua'ipa süpushua tüü kasakat.</para>
      </listitem>
      <listitem>
	<para>Akua'ipakat tüü nnojotsü peipoloinjatüin suma tüü akua'ipa sülu'uwatakat anain tüü Nasiones Uniiras münaka.</para>
      </listitem>
    </orderedlist>
  </article>
  <article number="30">
    <title>SHI'IPAJANA APÜNÜIN SHIKII (30)</title>
    <para>Sülu'ukot karalo'utakat tüü nnojotsü aapanüinjatüin süpulainmüin tüü sülaülakot mma nnojotsü aapanüinjatüin napülainmüin no'utku wayuu, nnojutsü aapanuinjatüin süpüla nüpülain wane wayuu. A'iruushi süpüla nnojolüinjatüin alatünüin a'upuna tüü pütchi süpülajatka süjutu wayuu sa'u tüü mmakat.</para>
  </article>
</udhr>
