<?xml version="1.0" encoding="UTF-8"?>

<!--© The Office of the High Commisioner for Human Rights-->

<udhr iso639-3='zro' xml:lang='zro' key='zro' n='Z&#x00E1;paro' xmlns="http://www.unhchr.ch/udhr">
   <title>?</title>
   <note>
     <para>KAWIRIAJA KAYAPI RIKUANU 50 APARUA AKASUJUNUKA KUNUMASHIRA KINIANA KAYAPUINA 1948-1998 KUNUMASHIRA KIRAKA RIKUANU KAYAPI</para>
     <para>Kiraitia kiniana amimaja jinia, kiniana kiraka niata nuka 10 tuwijia kashikua jiania aparua 1948 aitika aniti atijianuka kunumashira kiraka rikuanu. Kayapuina ta nuka ikicha arishnu nukicha tia nukaka kiniana panichanu akasujunuka ikicha wikaishinu inianu aitika itiama iya tamanu aitikua aiti taikua ikima kiraitia niatajinia rapaka jinia tamanu akasujunuka.</para>
     <para>Witsa ikicha panichanu niakawiria jinia kutarajita kawiriaja ku aramaja ikicha kupani majicha.</para>
   </note>
   <preamble>
     <para>Panichanu tamasa taykua kayapi kupanimajicha ikicha nuka kiniana amimaja anakijaunuka taikua inianu. Witsaka akasujunuka iya yakawi witsaja ikicha niakawiria nukaka kuakinu akasujutsaka ta nuka nukima. Panicha katsata kupanimajicha kayapi ikicha kujinianu ta nuka tina ku panimajicha nukicha nuka kayapi witsata ikicha taikua anakijaunu nuka iniaunu, panichanu injia kui akuinaja tarajita kiraka kiriiana niatajinia.</para>
     <para>Panichanu ikicha tamanu rikuanu kupanimajicha ikicha kiaraka kiniana amimaja niatajinia kayapui ikimajicha nuka kau kayapi ikinu, panicha tauku, itiumu ikicha akasujunu nishika iya nuka ta kiniana yakawiria ikicha.</para>
     <para>Panicha cha nuka nishima niata akuinaja aramujun tia nuka ikicha kiaraka kiniana amimaja niata jinia charanishujanu kiraitia witsaja kayapiwa.</para>
     <para>Panicha aramujun kiniana kupanicha majicha ikicha nuka ikicha utatinuka.</para>
     <para>Kiraitia kiniana amimaja</para>
     <para>Akatsajuka anicha ahi</para>
     <para>Akatsuju kiraitia rikuanu kayapuina ta nuka tia panichanu kawiriaja niatajinia ikichanu nukinu panicha tia nuka aitikua nukaka ishinu kawiriaja charanishijanu ku niata jinia tamanuka kiniana niata jinia inauja rapakajinia.</para>
   </preamble>

   <article number="1">
      <title>Akatsuju 1</title>
      <para>Kawiriaja kayapuina ichaukui ta nuka pucha panicha kupanimajicha cha nuka nishima ikicha kiniana panicha tamanuka kanata ikimajicha.</para>
   </article>
   <article number="2">
      <title>Akatsuju 2</title>
      <para>Kawiriaja jinia kayapui ikicha akasujunuka ichanu rikuanu taikua anaijiki ikicha imininu, amitachi, atupama, piatsau, cha nuka nishima, cha nuka miña tamanu kutukinu kiraitia, kutukinu, ta nuka kauraka ichakui ikichanu.</para>
      <para>aikua nuka ikicha nuka miña ikicha cha nishima, taikua akasujunuka witsaja itiauraja kuanu niatajinia, kiraka niata, ku rapaka cha nuka panichanu tamanu nayapui na injia cha nuka miña itiama kana ti itiama kanati ikicha chama kiniana ikicha.</para>
   </article>
   <article number="3">
      <title>Akatsuju 3</title>
      <para>Kawiriaja kayapuina ikichanuiki rikuanu kupanimajicha quehaja ta nuka iki nuka kujinianu ku ikicha kayapi.</para>
   </article>
   <article number="4">
      <title>Akatsuju 4</title>
      <para>Tamasa kunaja ikicha kayapuina taikua nuka kanati mashakinu ikicha.</para>
   </article>
   <article number="5">
      <title>Akatsuju 5</title>
      <para>Taikua kana ti nuka ikicha, mashakinu tarajita ka taraitianu kayapuina ikicha.</para>
   </article>
   <article number="6">
      <title>Akatsuju 6</title>
      <para>Kawiriaja kayapui ichanu na rikuanu ja kawiriaja niata jinia.</para>
   </article>
   <article number="7">
      <title>Akatsuju 7</title>
      <para>Kawiriaja ichanu ta amasha nuka tauikua nukichaja, rikuanu kujinianu akatsujunuka rikuanu injia ikicha.</para>
   </article>
   <article number="8">
      <title>Akatsuju 8</title>
      <para>Kawiriaja kayapui ichanu nukaki aitimajanuka witsaja ta kiniana kiraka kuanu niata katsaka cha aramujuka kana ti atakua ta nukiti nuka jinia kunumashira kiniana kiraka niata jinia.</para>
   </article>
   <article number="9">
      <title>Akatsuju 9</title>
      <para>Kana ti ikicha cha nuka ata yana chaiku taraitianu ikicha taikua nuka amunu.</para>
   </article>
   <article number="10">
      <title>Akatsuju 10</title>
      <para>Kawiriaja ichanu kayapi uina ta nukapanicha ikinu, ta nuka taujinuka kuanu, niatajinia, iriaja witsa nuka ta nuka rikuanu na kupanimajicha nuka iria nishauti ta na nuka ti na kana ikicha charanishijanu.</para>
   </article>
   <article number="11">
      <title>Akatsuju 11</title>
      <orderedlist>
         <listitem>
            <para>Kawiriaja kayapui anajiki kaushicha ikicha rikuanu taikua nuka nukiti ku itiauraja ikichanu akasujuka nuka panicha aramujuo ku ikicha.</para>
         </listitem>
         <listitem>
            <para>Kana ti ikicha mashakinu taikua nuka cha miña,taikua itiauraja atija rikuanu kiraka niata jinia, kanakua ikicha cha nuka iya mashakinu.</para>
         </listitem>
      </orderedlist>
   </article>
   <article number="12">
      <title>Akatsuju 12</title>
      <para>Kanakua ku ikicha kuyajaka ku itiama, ku aramaja, ku niatajinia taikua anakijaunu. Kawiriaja ichanu nuka ta kujinianu icha miña wikaishina wikashinu akasujuka.</para>
   </article>
   <article number="13">
      <title>Akatsuju 13</title>
      <orderedlist>
         <listitem>
            <para>Kawiriaka nuka ikicha rikuanu puchakinu aukukujinia panichanu ku itiama ikicha iwanu rapaka kiraitia niata.</para>
         </listitem>
         <listitem>
            <para>Kawiriaja kayapi ichanu rikuanuka ta nuka ikuama taka niata, ku ikicha niata, chatima ku ikuaka niata jinia.</para>
         </listitem>
      </orderedlist>
   </article>
   <article number="14">
      <title>Akatsuju 14</title>
      <orderedlist>
         <listitem>
            <para>Kawiriaja kayapi ichanu rikuanu nuka pajinu ikicha nuka ta ka niatajinia.</para>
         </listitem>
         <listitem>
            <para>Ta nuka rikuanu ikicha taikua panicha kaushichana charanishijanu kuyajaka ta nukaka kiraitia niata kiniana amimaja.</para>
         </listitem>
      </orderedlist>
   </article>
   <article number="15">
      <title>Akatsuju 15</title>
      <orderedlist>
         <listitem>
            <para>Kawiriaja kayapi rikuanu ichanuka kayapuina.</para>
         </listitem>
         <listitem>
            <para>Kanati ikicha kuyajaka nuka ikicha kayapuina na taikua, rikuanu kuatichatai kayapuina ikichajinia.</para>
         </listitem>
      </orderedlist>
   </article>
   <article number="16">
      <title>Akatsuju 16</title>
      <orderedlist>
         <listitem>
            <para>Cha nuka nishima aparua tauku, itiumu ikichanu ta nuka rikuanu cha nuta panichanu puchaka taikua taka ikicha kayapuina, piatasau, ikicha akamuiraka ta nuka nishika aramaja ta ikicha tawijuka ikinu akamuiraka panikia ta nuka tamakukinia akamuiraka.</para>
         </listitem>
         <listitem>
            <para>Tamanuka panicha cha nuka nishima panichanu ikicha iriyanu, irichanu akamuiraka nuka ikicha.</para>
         </listitem>
         <listitem>
            <para>Ta nuka aramaja kupanimajicha nuka kuanu niatajinia ta nuka iria kujiinianu kawiriaja niata jinia.</para>
         </listitem>
      </orderedlist>
   </article>
   <article number="17">
      <title>Akatsuju 17</title>
      <orderedlist>
         <listitem>
            <para>Kawiria kayapui na ichanu rikuanu ka ikimajicha, tamanuka nukaki kiniana ikicha.</para>
         </listitem>
         <listitem>
            <para>Kanata ikicha kuyajaka ku ikimajicha.</para>
         </listitem>
      </orderedlist>
   </article>
   <article number="18">
      <title>Akatsuju 18</title>
      <para>Kawiriaja ikichanu nuka panicha cha nuka nishima ku tukinu, piatsau ta nuka, ikicha rikuanu, na kuatichatai panicha tia atijia nuka, ku piatsau, tamanu, kiniana tia niatajinia, tia nuka kuyaka ja ikicha nuka aiti.</para>
   </article>
   <article number="19">
      <title>Akatsuju 19</title>
      <para>Kawiriaja napanicha kayapi ikichanu nukaja panicha cha nuka nishima rikuanu ati, atijia ta ikicha rikuanu cha nukiti ikicha charanishijanu ati akatsujunuka ikicha chama taikua nuka ikicha kanati taukimajanuka kiniana.</para>
   </article>
   <article number="20">
      <title>Akatsuju 20</title>
      <orderedlist>
         <listitem>
            <para>Kawiriaja kayapi ikicha ta panicha rikuanu na kiniana amimaja.</para>
         </listitem>
         <listitem>
            <para>Kanati ikicha anakijaunu taikua panicha kiniana.</para>
         </listitem>
      </orderedlist>
   </article>
   <article number="21">
      <title>Akatsuju 21</title>
      <orderedlist>
         <listitem>
            <para>Kawiriaja kayapi ichanu rikuanu puchaka cha nuka meiri ani akaminu ku kuanu niata jinia ikicha nukichanu panicha cha nuka icha.</para>
         </listitem>
         <listitem>
            <para>Kawiriaja kayapi ichanu nuka panichanu, nuka kunaja ikicha icha.</para>
         </listitem>
         <listitem>
            <para>Niata panichanu ikicha tapuka akauminu shima aiti cha nuka ikicha ani nukicha nuka tawijuka kati, kati nuka kunumashira na iriaja yanachaiku atanu katsaka panicha, kana tina ikicha aramujuka ikinia ta kiniana panicha ikicha atanu.</para>
         </listitem>
      </orderedlist>
   </article>
   <article number="22">
      <title>Akatsuju 22</title>
      <para>Kawiriaja tia nuka ikicha nuka icha kujinianu ta nuka ichanu aramujun kiraitia na kiniana aitimajanuka tamanu kuanu niatajia tawijuka rikuanu kauraka, kinia kayapuina, na irishiaiti kupanimajicha ikimajanu ta nuka panicha nishika ku ikicha taukuruka.</para>
   </article>
   <article number="23">
      <title>Akatsuju 23</title>
      <orderedlist>
         <listitem>
            <para>Kawiriaja kayapi ichanu nuka rikuanu kunaja panicha na icha tawijuka kunaja marutanuka ikicha takujinianu taikua marujanu.</para>
         </listitem>
         <listitem>
            <para>Kawiriaja kayapi ichanu ta nuka tina rikuanu taikua charanishijanu panicha kanaja kuakinu iria kaurakaikicha.</para>
         </listitem>
         <listitem>
            <para>Kawiriaja kunaja kayapi rikuanu ikicha kuakinu kupanicha kauraka tawijuka kupanimajicha aramaja nuka icha ikimajanuka kataka utatijinia cha nuka na kupanimajicha iriaja kanati aramujun ikicha.</para>
         </listitem>
         <listitem>
            <para>Kawiriaja ichanu kayapi rikuanu nishika niata kiniana kiniairi kupanimajicha kujinianu.</para>
         </listitem>
      </orderedlist>
   </article>
   <article number="24">
      <title>Akatsuju 24</title>
      <para>Kawiriaja ichanu kayapi nuka ta rikuanu cha nuka ta pirukuatinu tawijuka na ti na ki panicha kana ati na chana kunaja charanishijanu ku atinu kauraka icha jinia.</para>
   </article>
   <article number="25">
      <title>Akatsuju 25</title>
      <orderedlist>
         <listitem>
            <para>Kawiriaja kayapi ichanu ikicha iki kujinianu cha nuka icha ku aramaja witsaja tawijuka nukata kupanimajicha, atsatsaka, shiriapicha, itiama ikicha anitiama numanaka witsanu ikicha ta nuka ikicha rikuanu aramujuna ta nuka kunaja pukuika taikua witsa mashikuka iriripi jinia iriaja taikua ki ikicha.</para>
         </listitem>
         <listitem>
            <para>Kuariu ichakui ichanu rikuanu kujinianu aramujuka kawiriaja mirasua ichakau nuka jinia akamuiraka tana kunumashira ichanu panichanu rikuanu aramujuna ikicha.</para>
         </listitem>
      </orderedlist>
   </article>
   <article number="26">
      <title>Akatsuju 26</title>
      <orderedlist>
         <listitem>
            <para>Kawiriaja kayapi ichanu ta nuka ti na rikuanu na ta aitinuka ikicha aitimajanuka aiti kupanimajicha nuka ta aiti kupanimajicha ukaititika anima ta ikicha kiniaja cha nishima kawiria witsaka aitikua ati.</para>
         </listitem>
         <listitem>
            <para>Aitikua ichanu kinia nishika nuka kayapi nishima ta nuka witsa chara nishijanu nuka rikuanu kayapi nukata panicha ka kupanimajicha ta kutukinu, pamuchanu, tarajita, akuinaja, injia ku kawiria kiraitia niata jinia ta kawiria kiniana kayapuina, piatsau ta nuka cha meiri manuka kinia niata witsakanu tsurakija ikicha.</para>
         </listitem>
         <listitem>
            <para>Kumanu jinia na ichanu ikicha rikuanu cha nuka nukitia aitika jinia ku mirasua.</para>
         </listitem>
      </orderedlist>
   </article>
   <article number="27">
      <title>Akatsuju 27</title>
      <orderedlist>
         <listitem>
            <para>Kawiriaja kayapi ichanu ikicha iriaja ta puchaka nuka ikimajicha ku niata jinia chana chitiakaka cha na anima nishika cha nuka nishima ta nuka panicha witsata.</para>
         </listitem>
         <listitem>
            <para>Kawiriaja kayapi ichanu ikicha rikuanu ta nuka kujinianu ikicha iki aitimajanuka ta ikicha kupanicha icha chan a nishima arishunu, chimijauka chitianu ku ikicha.</para>
         </listitem>
      </orderedlist>
   </article>
   <article number="28">
      <title>Akatsuju 28</title>
      <para>Kawiriya kayapi ichanu ikicha rikuanu ta nuka ichanu kiniana ikicha niatajinia ta nuka riakuanu ja ata na pucha ta itiauraja ikicha icha nuka miña witsanuka.</para>
   </article>
   <article number="29">
      <title>Akatsuju 29</title>
      <orderedlist>
         <listitem>
            <para>Kawiriaja ichanu ikicha utatinuka charanishijanu ta nuka ku niata jinia tamanuka na nishika cha miña puchakinu ikicha witsanu ka ikicha.</para>
         </listitem>
         <listitem>
            <para>Ta nuka cha meiri ku rikuanu ta nuka tawijuka kawiriaja kayapi ikicha nukaka tamanuka na tina chamaja ikicha akasujunuka ta nukaki cha nuka nishima na charanishijanu rikuanu jinia ta nuka kiniana panicha jinia ikicha tawijuka witsaka panichanu ikinu icha witsanuka kiniana puchakinia.</para>
         </listitem>
         <listitem>
            <para>Ku ikicha nuka rikuanu ta nukaka puchakirinu taikua cha ikicha cha meirijanu ta ikuaka nuka chameiri utatinuka ikimajanuka kawirija kiniana niata jinia.</para>
         </listitem>
      </orderedlist>
   </article>
   <article number="30">
      <title>Akatsuju30</title>
      <para>Taikua tamasa ikicha kayapi atijianuka ikicha akasujunuka cha nuka kutukinu ta nuka tina inauja rikuanu ta ikicha kuahu niatajinia ta nuka kiniana amimaja cha nuka miña aitimajanuka kana tina ikicha witsata kanati kawirija ikicha rikuanu puchacha kiniana charanisijanu ikicha itiuarajinia.</para>
   </article>
</udhr>
