<?xml version="1.0" encoding="UTF-8"?>

<!--© The Office of the High Commisioner for Human Rights-->

<udhr iso639-3='qvh' xml:lang='qvh' key='qvh' n='Quechua, Huamalíes-Dos de Mayo Huánuco' xmlns="http://www.unhchr.ch/udhr">
  <title>LAPAN RUNAKUNA IMANAWPA RISPITASH KAYÄNANPAQ KASHQANKUNA KAYNAW NIRMI QALAYKUN</title>
  <preamble>
    <title>[Preamble]</title>
    <para>Lapan runakunapis libri kananpaq, jusayuqkunata kastigakänanpaq y iusaynaqkunata mana kastigaypa y piwanpis mana pelyaypa kushish kay pasachaw kawayqa kanqa ali; runakuna imanawpis kashqanta mana qechuymi y lapan runakuna yarpashqankunatapis mana michashqa kananpaq;</para>
    <para>Runakuna rispitash kayänanpaq kashqanta mana reqiypami y reqiykarpis iarukuyashqanta kanan yarparkushqaqa seqaypa ajanaypaq kaptinmi kanan lapan runakunapis alichaw kananta munayashpämi kaykunata wilakuyä. Lapan runakunapis ali kawakuyman chaykur; mansakuypita y pishëpakuypita librash karqa, munashqannawmj lapantapis parlakuyanqa y munashqanmanmj krigikuyanqa;</para>
    <para>Lapan kaykunatamj rurakänan, runakuna shumaq rispitash kayänanpaq. Saynawpaqa runakuna manami yarpäyanqasu imaykanawpapis awturdäkunapa kontran sharkuyta y tukuynawpa nakasikuqkunata elaqäsiyta;</para>
    <para>Saynawmi ali kanman lapan nasyunkuna shumaq wilanakur tukuynawpa jukninwan jukninwan yanapänakur aruyaptin; Askaq nasyunkunapita runakuna shuntakaykärir, rasunpaypa alimi niyashpan yärakuyan, runakuna rispitash kayänanpaq niyashqan qelqaraykaqman. Kay qelqaraykaqchawqa kaykan runakuna rasunpa rispitash kananpaq, lapan runakunapis mana jarukushqa kayänanpaq, warmipis olqupis rispitash kayänanpaq. Saynawpami rasunpa kaykuna rurakänanpaq wilanakuyashkä lapan markakuna y nasyunkuna ali kayman chäyänanpaq, lapan runakunapis ali kawayänanpaq, saynaw kashqanta musyar runakuna librina kar shumaqna kawakuyanqa;</para>
    <para>Kaychaq lapan runa qotukaqkuna awniyashqa lapan kaykunata rurananpaq, askaq nasyunkunawan wilanakur yanapänakuypa lapan runakuna rispitashqa kayananpaq. Runakuna lapan rispitash karqa rasunpaypami y librimi kakuyanqa ali kaqkunataqa rurayanqa munayashqannaw, y;</para>
    <para>Lapansikunapis juk yarpayla, kay runakuna rispitash kayänanpaq, pipis mana jarukushqa y Iibri kakuyänanpaq yarpashqaqa seqay alimi kanqa; saynaw rurashun nishqansikuna lapan rurakänanpaq.</para>
    <para>ALI YARPAY KAPTIN KAYKUNATAMI WILAKUYAN KAY PASACHAW LAPAN RUNAKUNA RISPITASH KAYÄNANPAQ NIYASHQAN</para>
    <para>Lapan markakunapis, nasyunkunapis juk yarpayla yawayänanpaqmi lakipakuyänan imaykanawpapis. Saynawpaqa lapan runakunapis y mandaq awturdäkunapis, kay wilakuyashqäman yarpakushla kayashpanqa, shumaq juknaw alitana rurayanman yachasiyashpan y yachakuyashpan. Saynawpami mansapakuypa rurayänan, runakunata mana jarukuypa rispitana kashqanta y libri kashqankunata, Saynawpaqa yarpänansj lapan nasyunninsik y juklä nasyunkuna ali kawayman chananpaqmi. Kaykunataqa musyayänan y lapan runapis nishqannaw rasunpaypa rurayänan, lapan qotukaq runakunapa markankuna, nasyunninkun y wakinkaq kay nasyunpa ruñnkunachaw kaykaq markakunapis.</para>
  </preamble>
  <article number="1">
    <title>NISFIQAN JUK (1)</title>
    <para>Lapan runakunapis yurikuyan librimi y wakinkaqkunanaw rispitashqa, mana jarukushqa kayänanpaq. Saynawmi runakunaqa yuriyan shumaq yarpayyuq, alitapis mana alitapis reqiykar y seqay kuyapäkuyyuq. Saymi runakuna ali kawakuyänan jukninwan jukninwanpis.</para>
  </article>
  <article number="2">
    <title>NISHQAN ISHKAY (2)</title>
    <para>Lapan runakuna rispitashqa y mana jarukushqami kayänan y ali kananpaq wilakuyashqächaw nishqannaw librimi kayänanpis. Manami chikish kanansu juk kasta kashqanpita yana o yuraq kashqanpita, warmi ni olqu kashqanpita, imanawkaq parlayta parlaq kashqanpita, imamanpis krigishqanpita,</para>
    <para>Saypis manami bäjuman churashqa kanqasu mayqan alikaq o mana alikaq niyänansu, runakuna markakunata mandananpaq askaq shuntakaykuptin, runakuna mana jarukush kananpaq alita ruraqkunata o lapan nasyun runakunapaq o mayninpapis markankunapa siñalninkuna rurinchaw juk runa mandaq kaptin. Saynaw kanman juk nasyun marka, pipis mana mandash kaptinpis y markakunapa siñalninkuna surinchaw shumaq imanawpapis rurayta mana kamäpakuq kayaptin o kikinkuna mana mandar juk mandash karpis o juk marka seqaypa mandar imaykapitapis michashqa imanawpis nishqanchaw kanansu manami.</para>
  </article>
  <article number="3">
    <title>NISHQAN KIMSA (3)</title>
    <para>Lapan runakunapis shumaq rispitashqami kawakuyänan, librimi imaykapitapis kakuyänan y imapis päsananta awturdäkuna rispitasinan ali kakuyänanpaq.</para>
  </article>
  <article number="4">
    <title>NISHQAN CHUSKU (4)</title>
    <para>Manami pipis ashmayman churashqa kanansu ni pipa tukuy rurayninkunapaq kanmansu. Ashmaykaq y ashmayta saray; runakuna imanaw rurananpaq kaqkunachawqa pasaypami michar kundinan lapankunatapis y tukuynawpa ashmay saraqkunatapis.</para>
  </article>
  <article number="5">
    <title>NISHQAN PISQA (5)</title>
    <para>Manami pipis fiyupa nakasishqa ni lakipaypaq o munashqannaw nakasishqa, runa kashqankunata mana kuyapaypa tukuyta nishqa kanansu.</para>
  </article>
  <article number="6">
    <title>NISIlQAN SOQTA (6)</title>
    <para>Lapan runakunami maysaychawpis seqaypa rispitashqa kanan y runa kaynintapis saynaw rispitasikunan, pipis mana jarukunanpaq.</para>
  </article>
  <article number="7">
    <title>NISHQAN QANCHIS (7)</title>
    <para>Runakuna imatapis rurananpaq kashqankunachawqa lapansipis iwalmi kansi. Saynawmi pitapis ali kashqanta ni mana ali kashqanta mana akraypa, runakuna rurananpaq kashqanwan sapakuyänan tukuypita. Lapan runakunami iwal rispitasikuyänan, wakin runakuna jamurpar jarukur ushayänanpita y manakaqkunata parlarkur, kay runa rispitash kananpaq wilakuyashqäkunapjta kontran parlar puriqkunapita y luta jarukur ushash kananpita.</para>
  </article>
  <article number="8">
    <title>NISHQAN PUWAQ (8)</title>
    <para>Lapan runakunapis kejakuyänanmj, jatusaq kay nasyunchaw kaq awturdäkunaman, runa rispitash kananpaq kashqankunata pipis jarukur ushaptin, awturdäkunapis sapänanmi, imanaw runakuna rurananpaq kashqanchaw parlashqannaw saypaqmi qelqaraykan, saywan pipis sapakuyänanpaq.</para>
  </article>
  <article number="9">
    <title>NISHQAN ESQUN (9)</title>
    <para>Manami mayqan runatapis luta la sarir kalapósuman apar wechqaräsinansu, ni markanpita jukläman jitar ushashqaqa kanansu.</para>
  </article>
  <article number="10">
    <title>NISHQAN CHUNKA (10)</title>
    <para>Lapan runakunami rasunpaypa Iapanpis iwal kayayninpa, aska runakunapa puntanchaw wiyashqa kanan jusan o mana jusan kaptinpis y juk awturdäta wilapänan. Kay awturdäqa manami mayqanpaqpis faburnin sharkunansu lutalaqa, jukninpaq jukninpaqpis. Saynawpami musyanqa mayqankaq ali rispitash kananpaqpis y imanaw rurananpaqpis. Saynawpami musyanqa mayqan jusayuq kashqanta y mayqan jusaynaq kashqantapis. Niykurnami isanqa imanawpis ruranqa wechqananpaq o mana wechqananpaqpis.</para>
  </article>
  <article number="11">
    <title>NISHQAN CHUNKA JUK (11)</title>
    <orderedlist>
      <listitem>
	<para>Ima jusanpitapis mayqan runa kejashqa karpis, manaraq rasunpaypa jusan kashqanta musyakashqanyaqqa imaykanawpapis rispitasikunanmi jusaynaqlaraq kashqanta. Saynaw rispitasikunan lapan runapa nawpanchaw rasunpa mana jusan kashqanta y runa kashqanta mana jarukuyänanpaq.</para>
      </listitem>
      <listitem>
	<para>Manami pipis kondinashqa kanansu imatapis mana rurash kaykaptinqa o imatapis ruraykashqanta jinan öra mana taripash kaptinqa; imanawmi nin runakuna rispitash kananpaq wilakuyashqankuna, kay nasyunpaq y juklä nasyunkunapaq saychaw nishqannaw. Jusankunapita kastigashqa kananpaq kaqkunapita mastaqa manami nakasir kastigakänansu jusan kaptinpis.</para>
      </listitem>
    </orderedlist>
  </article>
  <article number="12">
    <title>NISHQAN CHUNKA ISHKAY (12)</title>
    <para>Manami mayqan runatapis pipis lutaqa imatapis rimapänansu shuyni kawakuqtaqa, kastankunatapis, wayinkunata o paypa kaqtaqa imantapis; imanaw ali o mana ali kakuptinpis, runa kayninta chikipänansu. Lapan runakunami sapakunan, runakuna imanawpis rurananpaq kaykashqanchaw qelqaraykaqwan, tukuynawpa imaykatapis manakaqpita rimapänanpita.</para>
  </article>
  <article number="13">
    <title>NISHQAN CHUNKA KIMSA (13)</title>
    <orderedlist>
      <listitem>
	<para>Lapan runakunapis librimi purikuyänan maysaypapis. Saynawmi may nasyunchawpis rurakunan wayinkunata saychaw täkunanpaq.</para>
      </listitem>
      <listitem>
	<para>Lapan runakunapis yarquyänanmi may nasyunpitapis, kikinpa nasyunninpita juk nasyunman y niykurpis saynawmi kutikunan nasyunninman.</para>
      </listitem>
    </orderedlist>
  </article>
  <article number="14">
    <title>NISHQAN CHUNKA CHUSKU (14)</title>
    <orderedlist>
      <listitem>
	<para>Mayqan runatapis wakinkaqkuna imapitapis qatikachaptinqa kikin ashinan maychawpis ali täkunanpaq. Saynawpami kushish täkunqa mayqan nasyunchaw karpis.</para>
      </listitem>
      <listitem>
	<para>Kay wilakuyashqäkunaqa manami pasaypapis joqarishqasu kanqa mana alita ruraqkuna, alichaw yarqunanpaqqa ni noqakuna askaq wi!anakurkur "ali kananpaq" nir wilakuyashqäpa kontran yarpaqkunatapis manami yanapanqasu.</para>
      </listitem>
    </orderedlist>
  </article>
  <article number="15">
    <title>NISHQAN CHUNKA PISQA (15)</title>
    <orderedlist>
      <listitem>
	<para>Lapan runakunapis kayanan juk nasyunchaw yurishqalami.</para>
      </listitem>
      <listitem>
	<para>Manami mayqan runatapis lutaqa michänansu pipis nasyunninpita ni juk!ä nasyuriman aywaykur täkunantapis manami michashqa kanansu.</para>
      </listitem>
    </orderedlist>
  </article>
  <article number="16">
    <title>NISHQAN CHUNKA SOQTA (16)</title>
    <orderedlist>
      <listitem>
	<para>Olqupis warmipis tyempunman charnaqa, pipis mana michashqami kasarakuyänan. Manami michashqa kayänansu juk kolur qarankuna kayninpa, juklä nasyun kayninpa, imanawpis krigiq kashqanpita. Lapanpis kasarar shuynina täkuyänan wayita ruraykur, shumaq täyänan lapanpis rispitanakur kasaraykärirqa. Saynaw kayänan imayyaqpis kasarashqa karqa y rakikarpis saynawmi iwalpura imatapis rakipänakunan.</para>
      </listitem>
      <listitem>
	<para>Warmi olqupis rasunpaypa munanakur imayyaqpis kasarar täyänanpaq awninakush kaqkunami kasarayänanqa.</para>
      </listitem>
      <listitem>
	<para>Juk ayllumi kikinkaq umanqa y seqay alikaqqa lapan marka kananpaqpis. Saymi lapan markakunapi rispitasinan ayllukuna mana jarukush kananpaq y nasyun mandaqkunapis rispitasiyänan.</para>
      </listitem>
    </orderedlist>
  </article>
  <article number="17">
    <title>NISHQAN CHUNKA QANCHIS (17)</title>
    <orderedlist>
      <listitem>
	<para>Lapan runakunapami wayinkuna y chakrankuna kanan, juk runalapapis kanmanmi y askaq qorikash runakunapis saräyänanmi.</para>
      </listitem>
      <listitem>
	<para>Wayinkunapita y chakrankunapita manami pipis qarqushqa kayänansu.</para>
      </listitem>
    </orderedlist>
  </article>
  <article number="18">
    <title>NISHQAN CHUNKA PUWAQ (18)</title>
    <para>Lapan runakunapis librimi yarpachakuyänan, kuyapäkuyninpis ali o mana alipis kakunan y munashqanman imamanpis krigikunman. Saynawmi munarqa trukasinan jukman krigishqanpita jukkaqmanpis. Imamanpis krigirqa wakinkaq runakunatapis wilapänan y parlanan krigishqanpaq. Parlayänanmi juk juklapis o askaqpis, askaq runakuna wiyananchawpis o shuyni wayinkunalachawpis, yachasiyashpan, wakinpis rurananpaq, alikaqta rurar y lapantapis shumaq ruraypa.</para>
  </article>
  <article number="19">
    <title>NISHQAN CHUNKA ESQUN (19)</title>
    <para>Lapan runakunapis yarpäyashqannawmi parlayänan y rimakuyänan imanaw ali y mana ali kashqantapis. Saynawmi imanirpis parlaptin pipis rimanansu ni qayapar ajanäsinansu imapaqpis rimakushqanpita. Wiyashqankunatapis rasunpa kashqanta shumaq mayapakunan, tukuy wilakuykunatapis chaskinanmi y chaskinan wakinkaqkuna imanaw yarpäyashqankunatawan. Saynaw wiyashqanta, chaskishqanta y yarpashqankunata lapan runakunata musyasinan munayashqannaw imaykatapis mana michashqa lapannawpa imawanpis runata wiyasina y mayasina kaqkunawanqa.</para>
  </article>
  <article number="20">
    <title>NISHQAN ISHKAY CHUNKA (20)</title>
    <orderedlist>
      <listitem>
	<para>Lapan runakunapis librimi yorikäkuyänan y askaqpis shuntakäkuyänanmi imatapis alikaqkunata rurayänanpaq pipis mana michashqa.</para>
      </listitem>
      <listitem>
	<para>Mana munaykaqtaqa manami pitapis shuntakäyashqanchaw kananpaq apayänansu.</para>
      </listitem>
    </orderedlist>
  </article>
  <article number="21">
    <title>NISHQAN ISHKAY CHUNKA JUK (21)</title>
    <orderedlist>
      <listitem>
	<para>Lapan runakunapis nasyunninchaw mandaq kayman char yanapänakuyänanmi, kikinkuna karpis o alinninta y yachaqninta shumaq akraykärirpis mandaq kananpaq churakuyänan librimi.</para>
      </listitem>
      <listitem>
	<para>Lapan runakunapis iwalmi ima kaymanpis chäyanan, nasyunninkunachaw ima kaymanpis chäyänan, nasyunninkunachaw ima awturdäpis kayänan y ima aruymanpis yaykuyänan wakinkaqkunanaw.</para>
      </listitem>
      <listitem>
	<para>Markachaw pipis awturdä mandaq kananpaq, lapan runakunami awniyänan ali kashqanta. Lapan runakuna pipis awturdä kananpaq awniyashqantaqa musyakanqa bötuwanmi, kikinkuna churakuyanqa pi kananpaqpis. Saynaw rurayanqa bötu kashqan örala, lapanmi bötayänan pakaylapa, pipis manami michänansu ni juklaylapaq jitananpaq parlapänansu, lapanpis iwalmi rurayänan. Librimi pipaq karpis jitakuyänan bötunkunachaw.</para>
      </listitem>
    </orderedlist>
  </article>
  <article number="22">
    <title>NISHQAN ISHKAY CHUNKA ISHKAY (22)</title>
    <para>Lapan runakunapis, marka runa kayninpa y juk markachaw taq kayninpa, lapan awturdäkuna markachaw rispitasinan pipis mana jarukunanpaq y ali kawakuyänanpaq. Saynawpami shumaq kawananpaq tarinqa lapan nasyunchaw kaq runakuna lakipakuyninpa y wakinkaq nasyunkunawanpis yanapänakuypa, wakin shuyni qorikaq runakunawan y nasyunchaw mandaq runakuna churakushqan y rurayashqankunawan. Saynawpami lapan runakunata imanpis mikunanpaq o rantinanpaq pishipakuptin qonqa, lapan markakunapaqpis y imata yachakuyänanpaqpis kanqa gastunkuna, kaykunami mana pishiypa kanan lapan runakunapaq, shumaq rispitash runa kayänanpaq. Y saynawmi runakunapis lakipakuyänan kikinkunapa jamulankunapita ali runa kayänanpaq.</para>
  </article>
  <article number="23">
    <title>NISHQAN ISHKAY CHUNKA KIMSA (23)</title>
    <orderedlist>
      <listitem>
	<para>Lapan runakunapami ima aruylankunapis kanan; kikinkunami ima aruychaw aruyänanpaqpis akrakuyänan, aruyninkuna alimi kanan, imaykanpaqpis aypäpakunanpaq y arunanpaq tupuylami kanan y runakunaqa manami aruyniynaq kayänansu.</para>
      </listitem>
      <listitem>
	<para>Lapan runakunapis ali kashqanta ni mana ali kashqanta mana rikapaypami aruyashqankunapita chaskiyänan qellayta y lapan aruqkaqkunaqa iwal, saynawla chaskiyänan.</para>
      </listitem>
      <listitem>
	<para>Lapan runakunapis aruqkaqkunaqa iwal shumaq ali pägashqami kayänan imata munashqankunatapis rantiyänanpaq aypaq. Saynaw qellayta chaskir lapan kastankunata wayinchaw kaqkuna shumaq kushishqa kawakuyanqa, lapan runakunapis alila kawananpaq kashqannaw. Saychawpis pishipakuptinmi isanqa imaykanawpapis wakinkaq awturdäkuna waksakunata yanapaqkuna aypasipänan pishipakushqalanmanna.</para>
      </listitem>
      <listitem>
	<para>Lapan runakunapis ali yarpashqankunawan say shuyni alita yarpaqkuna rurayänanmi qotukaykur. Saynaw shuyni kaqkunaqa ali yarpayninkunawan rispitasikur pipis kikinpaq kaqkunata o lapan runapaq kaqkunata mana jarukuyänanpaq kashqanta rispitasikuyänanpaq.</para>
      </listitem>
    </orderedlist>
  </article>
  <article number="24">
    <title>NISHOAN ISHKAY CHUNKA CHUSKU (24)</title>
    <para>Lapan runakunapis j amayänanmi aruyninkunapita, aruynin mana kashqan öraqa imatapis munashqantami rurakuyänan, aruyänan shumaq öralawanmi. Manami aläpaqa aruyänansu aruyänanpaq kashqan örapita mastaqa y saynawmi aruyninpita watasarkur jamananpaq yarquptinqa saypita pägunta chaskiyänan.</para>
  </article>
  <article number="25">
    <title>NISHQAN ISHKAY CHUNKA PISQA (25)</title>
    <orderedlist>
      <listitem>
	<para>Lapan runakunami shumaq ali kawaychaw kayänan, saynawmi lapan kastankunapis shumaq kawakuyänan, kwerpunkunapis mana qeshyaypa, lapan imaykakunachawpis alila. Mas aliran kanan yali mikuyänanpaq mikuykunachaw, mödanankunachaw, ali wayichaw täyaptin, ima qeshya sariptinpis jampikuqkuna jampiyaptin y lapan imaykakunawanpis runakunata shumaq yanapänanpaq kaqkunawan yanapäyaptin. Elaqpita imachawpis mana aruq runa kaptinqa o aruyniynaq kaptinqa, shuynimi saynawkunata yanapänanpaq kaqchaw kayänan Iapanpis, tukuy qeshyayuqkuna, ima ruraytapis mana pwe'diqkuna, kanmanmi (wishtukuna o ushukuna), biyúdayashkuna chakwan o awkin karpis y lapan runakuna imaykanawpa aruytapis o makinta y chakinta o wakinkaqkunata kikinkuna mana munaykäyaptin imapis päsaptin arunanpaq kaqkunata oqraqkunami kanan shumaq shuyni yanapashqa.</para>
      </listitem>
      <listitem>
	<para>Lapan wamrayuq warmikunapis y akapa wamrakunapis shumaq imaykapitapis kuydashqami kayänan y paykunataqa shuynimi yachaqkuna rikayänan mana kachaypa. Lapan wamrakuna juk mama taytalapita yuriqpis o jukchaw wachapakush o sure"pakush kayninpa yurishkunapis iwal rikashqami y kuydashqami kayänan.</para>
      </listitem>
    </orderedlist>
  </article>
  <article number="26">
    <title>NISHQAN ISHKAY CHUNKA SOQTA (26)</title>
    <orderedlist>
      <listitem>
	<para>Lapan runakunami eskwëlachaw yachakuyänan. Lapanpis yachakuyänan debaldilami, punta yachaykunata alinninkaqta y runata imachawpis yanapänanpaq kaqkunalatapis yachakuyänanmi. Alinninkaq yachaytaqa lapan runakunami yachakuyänan jukpis mana yachakuypaqa manami kanansu. Juknawkaq imatapis y imapaqpis yachakuykunami isanqa mas aja yachakuymanna yaykuyänan. Mas sinchikaq aja yachakuykunamanqa yaykuyanqa lapan runakunapis iwalmi y saynawpami ima kayänanpaqpis yarquyanqa yachayashqanpita.</para>
      </listitem>
      <listitem>
	<para>Eskwe"lakunachaw o wakinkaqkunachaw yachakushqankunawanmi lapan runakunapis ali yachaq kayman chäyanqa. Saynawpami runakuna rispitash kananpaq kaqkunata rurar mas yanapänan wakinkuna rurayänanpaqpis y runakuna libri kayänanpaq mayqankaqkuna mas alinnin kashqantapis yachasir reqisinan y musyasinan. Runakuna yachaq kayaptinqa manami ajanasu kanqa lapanta shumaq tantiyayänanpaqpis, imatapis ali shonqulanwan shuyaränanpaqpis y lapan nasyunkunawanpis ali alila juknin jukninpis kayänanpaq, tukuyniraq y lapan kasta runakuna o imamanpis krigiqkuna musyayänanpaqpis. Lapanpis saynaw ali kayaptinqa aska nasyunpita shuntakaykur runakuna rispitash kananpaq kashqanta wilakuqkunatami mas yanapanqa y alikaqkunata imatapis rurayanqa lapan markakuna jatunyänanpaq y saynawpami lapan kushish kawayänanpaq lakipakuyanqa paykunapis.</para>
      </listitem>
      <listitem>
	<para>Mayqan runakunapis munashqankaqtami akrakuyänan maychaw y imanawkaq eskwe"Iaman wamran yachakunanpaq churananpaqpis.</para>
      </listitem>
    </orderedlist>
  </article>
  <article number="27">
    <title>NISHQAN ISHKAY CHUNKA QANCHIS (27)</title>
    <orderedlist>
      <listitem>
	<para>Lapan runakunapis mana michasqami markakuna ima fVestata ruraptinpis saychaw ruräsinan, ima tushukunata o wakinkaqkunata rikäkur y ima yachaykunatapis shumaq ali kananpaq yanapänakunan, alita rurayta munarqa imatapis rurasun kikinpa jamulanpita imatapis yarqapakurqa.</para>
      </listitem>
      <listitem>
	<para>Lapan runakunami rispitasikunan pipis jarukuyänanpita y imankuna kaptinpis saynawmi kikinpa kaqkunataqa shumaq saräkunan pipis mana qechushqa, kakusun ali yachayninwan tarishqankuna, imatapis qelqashqankunata o imakunatapis yachayninwan rurashqankunapis y kikin ruraqkaq kayninpa.</para>
      </listitem>
    </orderedlist>
  </article>
  <article number="28">
    <title>NISHQAN ISHKAY CHUNKA PUWAQ (28)</title>
    <para>Lapan runakunami markankunachaw shumaq yarpayninwan ali täyänan, nasyunninchaw o wakinkaq nasyunkunachawpis kay runakuna rispitashqa y mana jarukushqa kananpaq wilakuyashqä maysaychawpis rasunpaypa rurakänanpaq.</para>
  </article>
  <article number="29">
    <title>NISHQAN ISHKAY CHUNKA ESQUN (29)</title>
    <orderedlist>
      <listitem>
	<para>Lapan runakunami tashqan markakunachaw imatapis rurayanan, say markachaw täyayninpami libri imaykanaw kananpaqpis y ali runa kayman chänanyaqpis yachakuyash tukuy ruraykunata.</para>
      </listitem>
      <listitem>
	<para>Shumaq rispitashqa kaykäyashpan y tukuy imakunatapis libri rurakuykäyarpis, imanaw runakuna rurananpaq qelqaraykashqantami isanqa mansakuyänan y say nishqanpitami isanqa pipis päsasiyänansu. SaVnaw mansapakuypa kayanqa wakinkaq runakunapis rikärishqa, rispitashqa, mana jarukushqa y Iibri Iapanpis iwal kayänan kashqami. Saynawpaqa lapanpis alita rurar y runakunapis rispitash kananpaq kashqannaw karqa kushishmi kawayanqa, wakinkaq marka runakunapis y lapan markakuna alila shumaq kawakuyanqa.</para>
      </listitem>
      <listitem>
	<para>Lapan runakuna rispitash y libri kakuyänanpaq wilakuyashqäta manami ni pipis juknawpaqa ni kontranqa sharkuyänansu ni rurayänansu lapan nasyunkunapita qorikaykur ali yarpaykunawan y ali kananpaq rurayashqäkunataqa.</para>
      </listitem>
    </orderedlist>
  </article>
  <article number="30">
    <title>NISHQAN KIMSA CHUNKA (30)</title>
    <para>Kay wilakuyashqäkunachaw manami juknawpaqa tantiyayänansu; manami mayqan nasyunpa mandaqninta, shuntakash askaq runakunata ni juk runalata imanawpapis rurayänanpaq o wakinta elaqäsir qalaykuyänansu ni mayqan kaqlatapis, runakuna rispitash y libri kakuyänanpaq kay qelqaraykaqchaw wilakuyashqäta.</para>
  </article>
</udhr>
