<?xml version="1.0" encoding="UTF-8"?>

<!--© The Office of the High Commisioner for Human Rights-->

<udhr iso639-3='urd' xml:lang='ur' key='urd' n='Urdu' xmlns="http://www.unhchr.ch/udhr">
   <title>انسانی حقوق کا عالمی منشور</title>
   <note>
      <para>اقوامِ متحدہ کی جنرل اسمبلی نے ۱۰؍دسمبر ۱۹۴۸ ؁ء کا  " انسانی حقوق کا عالمی منشور"  منظور کر کے اس کا اعلان عام کیا۔ اگلے صفحات پر اس منشور کا مکمل متن درج ہے۔ اس تاریخی کارنامے کے بعد اسمبلی نے اپنے تمام ممبر ممالک پر زور دیا کہ وہ بھی اپنے اپنے ہاں اس کا اعلانِ عام کریں اور اس کی نشر و اشاعت میں حصّہ لیں۔ مثلاً یہ کہ اسے نمایاں مقامات پر آویزاں کیا جایٔے۔ اور خاص طور پر اسکولوں اور تعلیمی اداروں میں اسے پڑھ کر سنایا جایٔے اور اس کی تفصیلات واضح کی جایٔیں، اور اس ضمن میں کسی ملک یا علاقے کی سیاسی حیثیت کے لحاظ سے کویٔی امتیاز نہ برتا جایٔے</para>
   </note>
   <preamble>
      <title>تمہید</title>
      <para>چونکہ ہر انسان کی ذاتی عزت اور حرمت اور انسانوں کے مساوی اور ناقابلِ انتقال حقوق کو تسلیم کرنا دنیا میں آزادی، انصاف اور امن کی بنیاد ہے،</para>
      <para>چونکہ انسانی حقوق سے لاپروایٔی اور ان کی بے حرمتی اکثر ایسے وحشیانہ افعال کی شکل میں ظاہر ہویٔی ہے جن سے انسانیت کے ضمیر کو سخت صدمے پہنچے ہیں اور عام انسانوں کی بلندترین آرزو یہ رہی ہے کہ ایسی دنیا وجود میں آیٔے جس میں تمام انسانوں کو اپنی بات کہنے اور اپنے عقیدے پر قایٔم رہنے کی آزادی حاصل ہو اور خوف اور احتیاج سے محفوظ رہیں،</para>
      <para>چونکہ یہ بہت ضروری ہے کہ انسانی حقوق کو قانون کی عملداری کے ذریعے محفوظ رکھا جایٔے۔ اگر ہم یہ نہیں چاہتے کہ انسان عاجز آکر جبر اور استبداد کے خلاف بغاوت کرنے پر مجبور ہوں،</para>
      <para>چونکہ یہ ضروری ہے کہ قوموں کے درمیان دوستانہ تعلقات کو بڑھایا جایٔے،</para>
      <para>چونکہ اقوامِ متحدہ کی ممبر قوموں نے اپنے چارٹر میں بنیادی انسانی حقوق، انسانی شخصیت کی حرمت اور قدر اور مردوں اور عورتوں کے مساوی حقوق کے بارے میں اپنے عقیدے کی دوبارہ تصدیق کردی ہے اور وسیع تر آزادی کی فضا میں معاشرتی ترقی کو تقویت دینے اور معیارِ زندگی کو بلند کرنے کا ارادہ کیا ہے،</para>
      <para>چونکہ ممبر ملکوں نے یہ عہد کر لیا ہے کہ وہ اقوامِ متحدہ کے اشتراکِ عمل سے ساری دنیا میں اصولاً اور عملاً انسانی حقوق اور بنیادی آزادیوں کا زیادہ سے زیادہ احترام کریں گے اور کرایٔیں گے،</para>
      <para>چونکہ اس عہد کی تکمیل کے لیے بہت ہی اہم ہے کہ ان حقوق اور آزادیوں کی نوعیت کو سب سمجھ سکیں، لہٰذا</para>
      <para>اقوام متحدہ کی جنرل اسمبلی  اعلان کرتی ہے کہ</para>
      <para>انسانی حقوق کا یہ عالمی منشور تمام اقوام کے واسطے حصولِ مقصد کا مشترک معیار ہوگا تاکہ ہر فرد اور معاشرے کا ہر ادارہ اس منشور کو ہمیشہ پیش نظر رکھتے ہویٔے تعلیم و تبلیغ کے ذریعہ ان حقوق اور آزادیوں کا احترام پیدا کرے اور انہیں قومی اور بین الاقوامی کارروایٔیوں کے ذریعے ممبر ملکوں میں اور اُن قوموں میں جو ممبر ملکوں کے ماتحت ہوں، منوانے کے لیٔے بتدریج کوشش کر سکے۔</para>
   </preamble>
   <article number="1">
      <title>دفعہ ۱ ۔</title>
      <para>تمام انسان آزادی اور حقوق و عزت کے اعتبار سے برابر پیدا ہویٔے ہیں۔ انہیں ضمیر اور عقل و دیعت ہویٔی ہے۔ اس لیٔے انہیں ایک دوسرے کے ساتھ بھایٔی چارے کا سلوک کرنا چاہیء۔</para>
   </article>
   <article number="2">
      <title>دفعہ ۲ ۔</title>
      <para>ہر شخص ان تمام آزادیوں اور حقوق کا مستحق ہے جو اس اعلان میں بیان کیٔے گیٔے ہیں، اور اس حق پر نسل، رنگ، جنس، زبان، مذہب اور سیاسی تفریق کا یا کسی قسم کے عقیدے، قوم، معاشرے، دولت یا خاندانی حیثیت وغیرہ کا کویٔی اثر نہ پڑے گا۔</para>
      <para>اس کے علاوہ جس علاقے یا ملک سے جو شخص تعلق رکھتا ہے اس کی سیاسی کیفیت دایٔرہ اختیار یا بین الاقوامی حیثیت کی بنا پر اس سے کویٔی امتیازی سلوک نہیں کیا جایٔے گا۔ چاہے وہ ملک یا علاقہ آزاد ہو یا تولیتی ہو یا غیر مختار ہو یا سیاسی اقتدار کے لحاظ سے کسی دوسری بندش کا پابند ہو۔</para>
  </article>
   <article number="3">
      <title>دفعہ ۳ ۔ </title>
      <para>ہر شخص کو اپنی جان، آزادی اور ذاتی تحفظ کا حق ہے۔</para>
   </article>
   <article number="4">
      <title>دفعہ ۴ ۔</title>
      <para>کویٔی شخص غلام یا لونڈی بنا کر نہ رکھا جا سکے گا۔ غلامی اور بردہ فروشی، چاہے اس کی کویٔی شکل بھی ہو، ممنوع قرار دی جایٔے گی۔</para>
   </article>
   <article number="5">
      <title>دفعہ ۵ ۔ </title>
      <para>کسی شخص کو جسمانی اذیّت یا ظالمانہ، انسایت سوز، یا ذلیل سلوک یا سزا نہیں دی جایٔے گی۔</para>
   </article>
   <article number="6">
      <title>دفعہ ۶ ۔</title>
      <para>ہر شخص کا حق ہے کہ ہر مقام پر قانون اس کی شخصیت کو تسلیم کرے۔</para>
   </article>
   <article number="7">
      <title>دفعہ ۷ ۔</title>
      <para>قانون کی نظر میں سب برابر ہیں اور سب بغیر کسی تفریق کے قانون کے اندر امان پانے کے برابر حقدار ہیں۔ اس اعلان کے خلاف جو تفریق کی جایٔے یا تفریق کے لیٔے ترغیب دی جایٔے، اس سے سب برابر کے بچاؤ کے حقدار ہیں۔</para>
   </article>
   <article number="8">
      <title>دفعہ ۸ ۔</title>
      <para>ہر شخص کو ان افعال کے خلاف جو اس دستور یا قانون میں دیٔے ہویٔے بنیادی حقوق کو تلف کرتے ہوں، بااختیار قومی عدالتوں سے موثّر طریقے پر چارہ جویٔی کرنے کا پورا حق ہے۔</para>
   </article>
   <article number="9">
      <title>دفعہ ۹ ۔ </title>
      <para>کسی شخص کو محض حاکم کی مرضی پر گرفتار، نظربند، یا جلاوطن نہیں کیا جایٔے گا۔</para>
   </article>
   <article number="10">
      <title>دفعہ ۱۰ ۔</title>
      <para>ہر ایک شخص کو یکساں طور پر حق حاصل ہے کہ اس کے حقوق و فرایٔض کا تعین یا اس کے خلاف کسی عایٔد کردہ جرم کے بارے میں مقدمہ کی سماعت آزاد اور غیر جانب دار عدالت کے کھلے اجلاس میں منصفانہ طریقے پر ہو۔</para>
   </article>
   <article number="11">
      <title>دفعہ ۱۱ ۔ </title>
      <orderedlist>
         <listitem tag="(۱)">
            <para>ایسے ہر شخص کو جس پر کویٔی فوجداری کا الزام عایٔد کیا جایٔے، بے گناہ شمار کیٔے جانے کا حق ہے تاوقتیکہ اس پر کھلی عدالت میں قانون کے مطابق جرم ثابت نہ ہو جایٔے اور اسے اپنی صفایٔی پیش کرنے کا پورا موقع نہ دیا جا چکا ہو۔</para>
         </listitem>
         <listitem tag="(۲)">
            <para>کسی شخص کو کسی ایسے فعل یا فروگذاشت کی بنا پر جو ارتکاب کے وقت قومی یا بین الاقوامی قانون کے اندر تعزیری جرم شمار نہیں کیا جاتا تھا، کسی تعزیری جرم میں ماخوذ نہیں کیا جایٔے گا۔</para>
         </listitem>
      </orderedlist>
   </article>
   <article number="12">
      <title>دفعہ ۱۲ ۔ </title>
      <para>کسی شخص کی نجی زندگی، خانگی زندگی، گھربار، خط و کتابت میں من مانے طریقے پر مداخلت نہ کی جایٔے گی اور نہ ہی اس کی عزت اور نیک نامی پر حملے کیٔے جایٔیں گے۔ ہر شخص کا حق ہے کہ قانون اسے حملے یا مداخلت سے محفوظ رکھے۔</para>
   </article>
   <article number="13">
      <title>دفعہ ۱۳ ۔</title>
      <orderedlist>
         <listitem tag="( ۱)">
            <para>ہر شخص کا حق ہے کہ اسے ہر ریاست کی حدود کے اندر نقل و حرکت کرنے اور سکونت اختیار کرنے کی آزادی ہو۔</para>
         </listitem>
         <listitem tag="(۲)">
            <para>ہر شخص کو اس بات کا حق ہے کہ وہ ملک سے چلا جایٔے چاہے یہ ملک اس کا اپنا ہو۔ اور اسی طرح اسے ملک میں واپس آجانے کا بھی حق ہے۔</para>
         </listitem>
      </orderedlist>
   </article>
   <article number="14">
      <title>دفعہ ۱۴ ۔ </title>
      <orderedlist>
         <listitem tag="(۱)">
            <para>ہر شخص کو ایذا رسانی سے دوسرے ملکوں میں پناہ ڈھونڈنے، اور پناہ مل جایٔے تو اس سے فایٔدہ اٹھانے کا حق ہے۔</para>
         </listitem>
         <listitem tag="(۲)">
            <para>یہ حق ان عدالتی کارروایٔیوں سے بچنے کے لیٔے استعمال میں نہیں لایا جاسکتا جو خالصاً غیر سیاسی جرایٔم یا ایسے افعال کی وجہ سے عمل میں آتی ہیں جو اقوامِ متحدہ کے مقاصد اور اُصول کے خلاف ہیں۔</para>
         </listitem>
      </orderedlist>
   </article>
   <article number="15">
      <title>دفعہ ۱۵ ۔ </title>
      <orderedlist>
         <listitem tag="(۱)">
            <para>ہر شخص کو قومیت کا حق ہے۔</para>
         </listitem>
         <listitem tag="(۲)">
            <para>کویٔی شخص محض حاکم کی مرضی پر اپنی قومیت سے محروم نہیں کیا جایٔے گا اور اس کو قومیت تبدیل کرنے کا حق دینے سے انکار نہ کیا جایٔے گا۔</para>
         </listitem>
      </orderedlist>
   </article>
   <article number="16">
      <title>دفعہ ۱۶ ۔ </title>
      <orderedlist>
         <listitem tag="(۱)">
            <para>بالغ مردوں اور عورتوں کو بغیر کسی ایسی پابندی کے جو نسل قومیت یا مذہب کی بنا پر لگایٔی جایٔے شادی بیاہ کرنے اور گھر بسانے کا حق ہے۔ مردوں اور عورتوں کو نکاح، ازدواجی زندگی اور نکاح فسخ کرنے کے معاملہ میں برابر کے حقوق حاصل ہیں۔</para>
         </listitem>
         <listitem tag="(۲)">
            <para>نکاح فریقین کی پوری اور آزاد رضامندی سے ہوگا۔</para>
         </listitem>
         <listitem tag="(۳)">
            <para>خاندان، معاشرے کی فطری اور بنیادی اکایٔی ہے۔ اور وہ معاشرے اور ریاست دونوں کی طرف سے حفاظت کا حق دار ہے۔</para>
         </listitem>
      </orderedlist>
   </article>
   <article number="17">
      <title>دفعہ ۱۷ ۔</title>
      <orderedlist>
         <listitem tag="(۱)">
            <para>ہر انسان کو تنہا یا دوسروں سے مل کر جایٔداد رکھنے کا حق ہے۔</para>
         </listitem>
         <listitem tag="(۲)">
            <para>کسی شخص کو زبردستی اس کی جایٔداد سے محروم نہیں کیا جایٔے گا۔</para>
         </listitem>
      </orderedlist>
   </article>
   <article number="18">
      <title>دفعہ ۱۸ ۔</title>
      <para>ہر انسان کو آزادیٔ فکر، آزادیٔ ضمیر اور آزادیٔ مذہب کا پورا حق ہے۔ اس حق میں مذہب یا عقیدے کو تبدیل کرنے اور پبلک میں یا نجی طور پر، تنہا یا دوسروں کے ساتھ مل جل کر عقیدے کی تبلیغ، عمل، عبادت اور مذہبی رسمیں پوری کرنے کی آزادی بھی شامل ہے۔</para>
   </article>
   <article number="19">
      <title>دفعہ ۱۹ ۔ </title>
      <para>ہر شخص کو اپنی رایٔے رکھنے اور اظہارِ رایٔے کی آزادی کا حق حاصل ہے۔ اس حق میں یہ امر بھی شامل ہے کہ وہ آزادی کے ساتھ اپنی رایٔے قایٔم کرے اور جس ذریعے سے چاہے بغیر ملکی سرحدوں کا خیال کیٔے علم اور خیالات کی تلاش کرے۔ انہیں حاصل کرے اور ان کی تبلیغ کرے۔</para>
   </article>
   <article number="20">
      <title>دفعہ ۲۰ ۔ </title>
      <orderedlist>
          <listitem tag="(۱)">
            <para>ہر شخص کو پُرامن طریقے پر ملنے جلنے اور انجمنیں قایٔم کرنے کی آزادی کا حق ہے۔</para>
         </listitem>
         <listitem tag="(۲)">
            <para>کسی شخص کو کسی انجمن میں شامل ہونے لیٔے مجبور نہیں کیا جاسکتا۔</para>
         </listitem>
     </orderedlist>
   </article>
   <article number="21">
      <title>دفعہ ۲۱ ۔ </title>
      <orderedlist>
         <listitem tag="(۱)">
            <para>ہر شخص کو اپنے ملک کی حکومت میں براہِ راست یا آزادانہ طور پر منتخب کیٔے ہویٔے نمایٔندوں کے ذریعے حصہ لینے کا حق ہے۔</para>
         </listitem>
         <listitem tag="(۲)">
            <para>ہر شخص کو اپنے ملک میں سرکاری ملازمت حاصل کرنے کا برابر حق ہے۔</para>
         </listitem>
         <listitem tag="(۳)">
            <para>عوام کی مرضی حکومت کے اقتدار کی بنیاد ہوگی۔ یہ مرضی وقتاً فوقتاً ایسے حقیقی انتخابات کے ذریعے ظاہر کی جایٔے گی جو عام اور مساوی رایٔے دہندگی سے ہوں گے اور جو خفیہ ووٹ یا اس کے مساوی کسی دوسرے آزادانہ طریقِ رایٔے دہندگی کے مطابق عمل میں آیٔیں گے۔</para>
         </listitem>
      </orderedlist>
   </article>
   <article number="22">
      <title>دفعہ ۲۲ ۔ </title>
      <para>معاشرے کے رکن کی حیثیت سے ہر شخص کو معاشرتی تحفظ کا حق حاصل ہے اور یہ حق بھی کہ وہ ملک کے نظام اور وسایٔل کے مطابق قومی کوشش اور بین الاقوامی تعاون سے ایسے اقتصادی، معاشرتی اور ثقافتی حقوق کو حاصل کرے، جو اس کی عزت اور شخصیت کے آزاددانہ نشوونما کے لیٔے لازم ہیں۔</para>
   </article>
   <article number="23">
      <title>دفعہ ۲۳ ۔ </title>
      <orderedlist>
         <listitem tag="(۱)">
            <para>ہر شخص کو کام کاج، روزگار کے آزادانہ انتخاب کام کاج کی مناسب و معقول شرایٔط اور بے روزگاری کے خلاف تحفظ کا حق ہے۔</para>
         </listitem>
         <listitem tag="(۲)">
            <para>ہر شخص کو کسی تفریق کے بغیر مساوی کام کے لیٔے مساوی معاوضے کا حق ہے۔</para>
         </listitem>
         <listitem tag="(۳)">
            <para>ہر شخص جو کام کرتا ہے وہ ایسے مناسب و معقول مشاہرے کا حق رکھتا ہے جو خود اس کے اور اس کے اہل و عیال کے لیٔے باعزت زندگی کا ضامن ہو۔ اور جس میں اگر ضروری ہو تو معاشرتی تحفظ کے دوسرے ذریعوں سے اضافہ کیا جاسکے۔</para>
         </listitem>
         <listitem tag="(۴)">
            <para>ہر شخص کو اپنے مفاد کے بچاؤ کے لیٔے تجارتی انجمنیں قایٔم کرنے اور اس میں شریک ہونے کا حق حاصل ہے۔</para>
         </listitem>
      </orderedlist>
   </article>
   <article number="24">
      <title>دفعہ ۲۴ ۔ </title>
      <para>ہر شخص کو آرام اور فرصت کا حق ہے جس میں کام کے گھنٹوں کی حدبندی اور تنخواہ کے علاوہ مقررہ وقفوں کے ساتھ تعطیلات بھی شامل ہیں۔</para>
   </article>
   <article number="25">
      <title>دفعہ ۲۵ ۔ </title>
      <orderedlist>
         <listitem tag="(۱)">
            <para>ہر شخص کو اپنی اور اپنے اہل و عیال کی صحت اور فلاح و بہبود کے لیٔے مناسب معیار زندگی کا حق ہے جس میں خوراک، پوشاک، مکان اور علاج کی سہولتیں اور دوسری ضروری معاشرتی مراعات شامل ہیں اور بے روزگاری بیماری، معذوری، بیوگی، بڑھاپا یا ان حالات میں روزگار سے محرومی جو اس کے قبضۂ قدرت سے باہر ہوں، کے خالف تحفظ کا حق حاصل ہے۔</para>
         </listitem>
         <listitem tag="(۲)">
            <para>زچّہ اور بچّہ خاص توجہ اور امداد کے حق دار ہیں۔ تمام بچے خواہ وہ شادی سے پہلے پیدا ہویٔے ہوں یا شادی کے بعد معاشرتی تحفظ سے یکساں طور پر مستفید ہوں گے۔</para>
         </listitem>
      </orderedlist>
   </article>
   <article number="26">
      <title>دفعہ ۲۶ ۔ </title>
      <orderedlist>
         <listitem tag="(۱)">
            <para>ہر شخص کو تعلیم کا حق ہے۔ تعلیم مفت ہوگی، کم سے کم ابتدایٔی اور بنیادی درجوں میں۔ ابتدایٔی تعلیم جبری ہوگی۔ فنّی اور پیشہ ورانہ تعلیم حاصل کرنے کا عام انتظام کیا جایٔے گا اور لیاقت کی بنا پر اعلیٰ تعلیم حاصل کرنا سب کے لیٔے مساوی طور پر ممکن ہوگا۔</para>
         </listitem>
         <listitem tag="(۲)">
            <para>تعلیم کا مقصد انسانی شخصیت کی پوری نشوونما ہوگا۔ اور وہ انسانی حقوق اور بنیادی آزادیوں کے احترام میں اضافہ کرنے کا ذریعہ ہوگی وہ تمام قوموں اور نسلی یا مذہبی گروہوں کے درمیان باہمی مفاہمت، رواداری اور دوستی کو ترقی دے گی اور امن کو برقرار رکھنے کے لیٔے اقواہم متحدہ کی سرگرمیوں کو آگے بڑھایٔے گی۔</para>
         </listitem>
         <listitem tag="(۳)">
            <para>والدین کو اس بات کے انتخاب کا اوّلین حق ہے کہ ان کے بچوں کو کس قسم کی تعلیم دی جایٔے گی۔</para>
         </listitem>
      </orderedlist>
   </article>
   <article number="27">
      <title>دفعہ ۲۷ </title>
      <orderedlist>
         <listitem tag="(۱)">
            <para>ہر شخص کو قوم کی ثقافتی زندگی میں آزادانہ حصّہ لینے، ادبیات سے مستفید ہونے اور سایٔنس کی ترقی اور اس کے فوایٔد میں شرکت کا حق حاصل ہے۔</para>
         </listitem>
         <listitem tag="(۲)">
            <para>ہر شخص کو حق حاصل ہے کہ اس کے اُن اخلاقی اور مادّی مفاد کا بچاؤ کیا جایٔے جو اسے ایسی سایٔنسی، علمی یا ادبی تصنیف سے جس کا وہ مصنف ہے، حاصل ہوتے ہیں۔</para>
         </listitem>
      </orderedlist>
   </article>
   <article number="28">
      <title>دفعہ ۲۸ ۔ </title>
      <para>ہر شخص ایسے معاشرتی اور بین الاقوامی نظام میں شامل ہونے کا حق دار ہے جس میں وہ تمام آزادیاں اور حقوق حاصل ہوسکیں جو اس اعلان میں پیش کر دیٔے گیٔے ہیں۔</para>
   </article>
   <article number="29">
      <title>دفعہ ۲۹ ۔</title>
      <orderedlist>
         <listitem tag="(۱)">
            <para>ہر شخص پر معاشرے کے حق ہیں۔ کیونکہ معاشرے میں رہ کر ہی اس کی شخصیت کی آزادانہ اور پوری نشوونما ممکن ہے۔</para>
         </listitem>
         <listitem tag="(۲)">
            <para>اپنی آزادیوں اور حقوق سے فایٔدہ اٹھانے میں ہر شخص صرف ایسی حدود کا پابند ہوگا جو دوسروں کی آزادیوں اور حقوق کو تسلیم کرانے اور ان کا احترام کرانے کی غرض سے یا جمہوری نظام میں اخلاق، امن عامّہ اور عام فلاح و بہبود کے مناسب لوازمات کو پورا کرنے کے لیٔے قانون کی طرف سے عایٔد کیٔے گیٔے ہیں۔</para>
         </listitem>
         <listitem tag="(۳)">
            <para>یہ حقوق اور آزادیاں کسی حالت میں بھی اقوامِ متحدہ کے مقاصد اور اصول کسے خلاف عمل میں نہیں لایٔی جاسکتیں۔</para>
         </listitem>
      </orderedlist>
   </article>
   <article number="30">
      <title>دفعہ ۳۰ ۔ </title>
      <para>
اس اعلان کی کسی چیز سے کویٔی ایسی بات مراد نہیں لی جاسکتی جس سے کسی ملک، گروہ یا شخص کو کسی ایسی سرگرمیوں میں مصروف ہونے یا کسی ایسے کام کو انجام دینے کا حق پید اہو جس کا منشا ان حقوق اور آزادیوں کی تخریب ہو جو یہاں پیش کی گیٔی ہیں۔
</para>
   </article>

  <note>
    <para>by SPRAT, Ahmedabad, India [www.sprat.in / khitab@sprat.in]</para>
  </note>
</udhr>