<?xml version="1.0" encoding="UTF-8"?>

<!--© The Office of the High Commisioner for Human Rights-->

<udhr iso639-3='hms' xml:lang='hms' key='hms' n='Hmong, Southern Qiandong' xmlns="http://www.unhchr.ch/udhr">
   <title>&lt;&lt;ghad bob did doub nangd renl njanl xand yanl&gt;&gt;</title>
   <preamble>
      <title>kit doux nangd daot</title>
      <para>Ad leb ghad bob did doub nend, leb leb seat mex zend yanl gaot nianb lib, zenx renb baob nend nis ad leb ghad bob did doub nend zib youl, zhenb yib gaot hol nbinl nangd jid cut.</para>
      <para>Jex zenx renb gaot wud miel renl njanl nangd sib nis yex manl nangd, leb leb sat jid nkiand mex ad leb max raot nangd, yanb senb ghob nhangb senb ghob nhangb nangd ghad bob did doub.</para>
      <para>Weib ghad mangs gangs doub nex nangd nex jex mex banb huat send hox chead mongl gaot zhenb fut jid beux jid dat, boub lies geud ful zhib lol baot hub renl njand.</para>
      <para>Lies gangs ghad bob did doub nangd guel giad jid khaob jid raot.</para>
      <para>Lianl hol guel dad ndub nangd yad yad nangd guel giad yit jind nib lianl hol guel xanb zhangd dad ndub jid pub guat jul,jid pud mix deib jid benx renl njanl, renl gel zend yanl, giab zid gaot ghaob mpad ghaob nit nangd nbinl denx njanl lib nangd xinb nianb, yeab jid pub mix lies jid zheax chud jid rut, gangs leb leb guat jid rut.</para>
      <para>Lianl hol guel dab ndub nangd guel giad jid pud jul, mix lies nhangs lianl hol guel ad goud jid chud,gangs leb leb sat zend zhongb gaot zend xinl renl njanl nhangs zib youl.</para>
      <para>Gangs leb leb sat jid nianl ad baob njanl lib gaot zib youl nend, nis gangs leut gheul pud guat nangd dut jid pud deub lies jid chud.</para>
      <para>Nangd nangd,ad roul nend,</para>
      <para>Dad huib,</para>
      <para>Jid jiangt ad leb sib gieb renl njanl xand yanl nend, geud gangs yad yad nangd guel giad gaot leb leb nex geud jid chud piaod zhenx. Gangs mix hneb hneb jid pud jid ngheub, jid zheax jid sheab, nex chead zend zhongb njanl lib gaot zib youl. Tongd guob guel giad nhangs guel jib nangd cuob sid, gangs ad baob njant lib gaot zib youl nend, nib yad yad nangd guel giad nangd renl minl dad ndub,leb leb seat chenl renb gaot zend xinl.</para>
   </preamble>
   <article number="1">
      <title>did ad qaox</title>
      <para>Leb leb nis zib youl nangs, mex ad sheit nangd zend yanl nhangs njanl lib. Mix mex lix xinb gaot liangt send, leb leb lies nhangs ghob nab ghob geud nangd.</para>
   </article>
   <article number="2">
      <title>did oub qaox</title>
      <para>Leb leb sat mex ad leb xand yanl nend jid pud nangd yad yad nangd njanl lib gaot zib youl,jex guant nis ghob nhangb zongx cul, ghob deud nis ghob nhangb sex daob, nis ghob mpad ghob nit, pud ghob nhangb nangd dut, senb ghob nhangb ghunb, mex ghob nhangb nangd zhenb zib gaot guand dianx. nis ghob nhangb nangd guel giad nangd nex, nis ghob nhangb chul shend, nis liot nis kod, nib did dob bix nangd, yad yad sat jex mex qid biel.</para>
      <para>Jex gangs yind weib ad lel nex nis nangd guel giad gaot lins toux nangd zhenb zib, xind zhenb gaot guel jil nangd dib weib jex jid ndongt deut mex ghob nhangb qid biel. Jex guant lins toux nis doul lil nangd, nex heut jid guant nangd, jex zib zhib nangd heab deit nis qil tad nangd qinl kuangb.</para>
   </article>
   <article number="3">
      <title>dib bub qaox</title>
      <para>Leb leb mex njanl lib mex shend minb, zib youl gaot renl shend ngand njanl.</para>
   </article>
   <article number="4">
      <title>dib bleib qaox</title>
      <para>Jex gangs geud jid leb chud noul lil, jex gangs mex jid guant nis ghob nhangb nangd noul lil zhib doub, jex gangs nious gaot mes noul lil.</para>
   </article>
   <article number="5">
      <title>did blab qaox</title>
      <para>Jex gangs yongb kub xinl, yongb jid nanx neas nangd gaot jex mex renl daob nangd, wud roul nangd deb yub gaot xinl fal.</para>
   </article>
   <article number="6">
      <title>did zhaut qaox</title>
      <para>Jex guant nib did dob, leb leb mex njanl lib gangs nex chenl renb wud nib fal lil geud neul nangd renl gail.</para>
   </article>
   <article number="7">
      <title>did jongs qaox</title>
      <para>Nib fal lil geud neul leb leb nis ad sheit nangd, mex njanl lib jid daot fal lil nangd pinx dent paot hub, jex zhaos nex end jex niangs. Leb leb mex njanl lib jid daot pinx dent paot hub, ghad mangs zhaos ad gaod end jid daot niangs nex nangd nex nangd jid heab.</para>
   </article>
   <article number="8">
      <title>did yil qaox</title>
      <para>Ad leb nex, xanb fal gaot fal lil gangs wud nangd jid benx. njanl lib zhaos nex qinb heib nangd ghox ngangx, mex njanl lib gangs hol gel nangd guel. giad fal tinl deib ad baob had loub nend chud mex xaob guox nangd but gioub.</para>
   </article>
   <article number="9">
      <title>did jox qaox</title>
      <para>Jex guant nis jid leb sat jex gangs chud ad baob jid noul, jid keb gaot jid choud nex jid sheb nangd sib.</para>
   </article>
   <article number="10">
      <title>did gul qaox</title>
      <para>Leb leb ad sheib nangd mex njanl lib gangs ad leb doul lil nangd, jex mex piand send nangd fal tinl chud max danx nangd gaot gongd kaid nangd xent xunb, lol jid danb wud nangd njanl lib nhangs nib wub, jid danb wud pud nangd yad yad nangd xinl sib zhit kongb.</para>
   </article>
   <article number="11">
      <title>did gul ad qaox</title>
      <orderedlist>
         <listitem tag='(ad),'>
            <para>Zhaos xinl sib zhit kongb nangd nex, jid xiangd jid danb wud mex zeib nangd ghob ngangx, wud nis jex nex zeib nangd.</para>
         </listitem>
         <listitem tag='(oub),'>
            <para>Ad leb nex chud ghob nbangb jex chud ghob nhangb, nganb guel giad nangd gaot guel jil nangd fal lil sat jex mex dianx zeib nangd ghob ngangx, jex gangs jid danb wud nis mex zeib nangd. Xinl fal jex gangs bit fal lil jid sheit nangd ghad hend.</para>
         </listitem>
      </orderedlist>
   </article>
   <article number="12">
      <title>did gul oub qaox</title>
      <para>Leb leb nangd sid shend hol, jib bloud gaot tongd senb, jex gangs zhaos ghob nhangb gand sheb,wud nangd rongl yil gaot minl yil jex gangs zhaos gongd jil. Leb leb mex njanl lib jid daot fal lil nangd paot hub, lol jex zhaos ad baob sib qinx nend.</para>
   </article>
   <article number="13">
      <title>dib gul bub qaox</title>
      <orderedlist>
         <listitem tag='(ad),'>
            <para>Leb leb nib wud nangd guel giad goud nhangs mex njanl lib jid youx wud yanb nib did jongt.</para>
         </listitem>
         <listitem tag='(oub),'>
            <para>Leb leb mex njanl lib jid sheub blongl wud nangd guel giad, wud yab mex njanl lib jid nzhangd lol.</para>
         </listitem>
      </orderedlist>
   </article>
   <article number="14">
      <title>did gul bleib qaox</title>
      <orderedlist>
         <listitem tag='(ad),'>
            <para>Leb leb mex njanl lib nib nex nangd guel giad jid chat paot hub ghad mangs zhaos jid heab.</para>
         </listitem>
         <listitem tag='(oub),'>
            <para>Jex mex nis zhenb zhib nangd zeib,gaot weib beib jul lianl hol guel nangd zongd zid nhangs yanl zel nangd had loul, jex gangs yongb ad zhongx njanl lib nend.</para>
         </listitem>
      </orderedlist>
   </article>
   <article number="15">
      <title>did gul blab qaox</title>
      <orderedlist>
         <listitem tag='(ad),'>
            <para>Leb leb mex njanl lib mex guel jil.</para>
         </listitem>
         <listitem tag='(oub),'>
            <para>Jex gangs jid tout nex nangd guel jil, jex gangs jid kat nex jid lieas guel jil nangd njanl lib.</para>
         </listitem>
      </orderedlist>
   </article>
   <article number="16">
      <title>dib gul zhaot qaox</title>
      <orderedlist>
         <listitem tag='(ad),'>
            <para>Deb mpad deb nit liox jul, jex guant nis ghob nhangb zongx cul, guel jil gaot jid senb ghob nhangbghunb,wud deit mex njanl lib jid janx bod oud lanl. Jex guant nis dangl qub nhangs lib fend, wud deit mex ad sheit nangd njanl lib.</para>
         </listitem>
         <listitem tag='(oub),'>
            <para>Dangl qub lies ghob mpad ghob nit oub leb yad yad ndongx yil.</para>
         </listitem>
         <listitem tag='(bub),'>
            <para>Jid bloud nis shend chenx nangd gaot jid benx nangd sheb huib dand yanl,lies mex sheb huib gaot guel gial nangd paot hub.</para>
         </listitem>
      </orderedlist>
   </article>
   <article number="17">
      <title>did gul jongs qaox</title>
      <orderedlist>
         <listitem tag='(ad),'>
            <para>Leb leb mex njanl lib mex bad dud nangd mis gul mis gians gaot nhangs nex ad goud nangd mis gul mis gians.</para>
         </listitem>
         <listitem tag='(oub),'>
            <para>Jex gangs jid ghueut nex nangd mis gul mis gians.</para>
         </listitem>
      </orderedlist>
   </article>
   <article number="18">
      <title>did gul yil qaox</title>
      <para>Leb leb mex jid nbanx, jid khub gaot jid senb ghunb nangd njanl lib, wud jid lieas wud nangd ghunb seat chud dut. Wud mex leb dud, dab xib , gongd kaid nangd gaot jex gangs nex jid nianl nangd biaox shib wud nangd zongd giob nangd zib youl.</para>
   </article>
   <article number="19">
      <title>did gul jox qaox</title>
      <para>Leb leb mex pud dut nangd zib youl, ad zhongd njanl lib nend baod guad mex bad dud nangd zhux zhangd yab jex zhaos jid cot nangd zib youl, yab baod guad zhad mil shib mil yangb nangd meil geib jid chat gaot giel shaob xaod xid nhangs sid xiangt nangd zib youl.</para>
   </article>
   <article number="20">
      <title>dib oub gul qaox</title>
      <orderedlist>
         <listitem tag='(ad),'>
            <para>Leb leb mex zib youl nhangs nex jid zeix gaot giel sheb.</para>
         </listitem>
         <listitem tag='(oub),'>
            <para>Jex gangs jid nanx nex cand giad tanl tix.</para>
         </listitem>
      </orderedlist>
   </article>
   <article number="21">
      <title>dib oub gul ad qaox</title>
      <orderedlist>
         <listitem tag='(ad),'>
            <para>Leb leb mex njanl lib jid dant mongl gaot gangs nex qit wud mongl zhib lix bad dud nangd guel giad.</para>
         </listitem>
         <listitem tag='(oub),'>
            <para>Leb leb mex njanl lib ad sheit nangd cand giad bad dud guel giad nangd gongd wub.</para>
         </listitem>
         <listitem tag='(bub),'>
            <para>Renl minl nangd yib zhib nis zhenb hut njanl lib nangd ghob jongx bid gaod, ad baob yib zhib nend lies zhad xanx jux lol biaox xanb, leb leb lies mex ad sheit nangd toul piaob nangd njanl lib, toul piaob lies ghad mangs nib leut geul sheit nhut.</para>
         </listitem>
      </orderedlist>
   </article>
   <article number="22">
      <title>dib oub gul oub qaox</title>
      <para>Leb leb mex njanl lib jid daot sheb huib nangd jid heut, mex njanl lib jid daot wud fal zanx wud bad dud nangd zend yanl gaot renl gail nangd ghob ngangx lies nangd jind jid, sheb huib gaot wenl huab nangd njanl lib.</para>
   </article>
   <article number="23">
      <title>dib oub gul bub qaox</title>
      <orderedlist>
         <listitem tag='(ad),'>
            <para>Leb leb mex njanl lib chud dongb, jid xant goud dongb , jid daot gongd zhenb gaot hox shib nangd goud dongb nangd qaox njanb lies mex jex zhad goud dongb nangd baot zhangb.</para>
         </listitem>
         <listitem tag='(oub),'>
            <para>Chud ad sheit nangd goud dongb, lies mex ad sheit hliob nangd jid dangt.</para>
         </listitem>
         <listitem tag='(bub),'>
            <para>Chud dongb nangd nex, lies daot hox shib nangd jid dangt, lies gangs wud bad dud nhangs wud jib bloud nangd nex mex max raot nangd qaox njanb.</para>
         </listitem>
         <listitem tag='(blieb),'>
            <para>Jid weib bad dud nangd lib yib, leb leb mex njanl lib jid zeud gaot cand giad gongd huib.</para>
         </listitem>
      </orderedlist>
   </article>
   <article number="24">
      <title>did oub gul bleib qaox</title>
      <para>Leb leb mex njanl lib Jid xaot, chud dongb nangd ghob ngangx, lies mex gangs jib dangt nangd giat qid.</para>
   </article>
   <article number="25">
      <title>dib oub gul blab qaox</title>
      <orderedlist>
         <listitem tag='(ad),'>
            <para>Leb leb mex njanl lib daot weib wud bad dud gaot wud jib bloud nangd nex nangd shend hol sheix zhent, ad baob nend baod gual mex max nongx , max hnend, bloud, ngab, gaot sheb huib ful.wub. Jex mex goud dongb jul, daot mongb jul, chud jex daot goud dongb jul, daot mongb jul, das bod jul, ghot jul, deit lies mex njanl lib daot paot zhangb.</para>
         </listitem>
         <listitem tag='(oub),'>
            <para>Ned nhangs deb mex njanl lib jid daot ghad ceat nangd zhaob gub. Yad yab nangd deb deb, jex guant nis janx bloud goud zheit bix nangd heab deit nis janx bloud goud neul bix nangd, deit lies jid daot ad sheit nangd sheib huib paot hub.</para>
         </listitem>
      </orderedlist>
   </article>
   <article number="26">
      <title>dib oub gul zhaot qaox</title>
      <orderedlist>
         <listitem tag='(ad),'>
            <para>Leb leb lies mex zhaos jid sheab nangd njanl lib, ngoub ndeud lies jex xoud jid dangt, zhib shaot nib cud jil nangd ghob ngangx lies nangd nangd chud. Jib shub nhangs zil niel nangd jaob youl lies jid liob, gaod denx jaob youl lies jid nkhed chenl jil deib leb leb ad sheit nangd ked fangb.</para>
         </listitem>
         <listitem tag='(oub),'>
            <para>Jaob youl nis jid weib fal zhanx nex nangd gaob xinb, end jid niangs renl njanl nhangs zib youl. Jaob youl lies jid gangs leb leb guel giad, minl cul gaot jex jid ndongx ghunb nangd nex lol jid nianl , jid rut, jid heut lianl hol guel chud rut goud dongb.</para>
         </listitem>
         <listitem tag='(bub),'>
            <para>Ned mat deib deb deb nangd jaob youl nangd zhongt leib, mex ghaox doub jid sant nangd njanl lib.</para>
         </listitem>
      </orderedlist>
   </article>
   <article number="27">
      <title>dib oub gul jongs qaox</title>
      <orderedlist>
         <listitem tag='(ad),'>
            <para>Leb leb mex njanl lib cand giad shed huib nangd wenl huab send hox, jid daot kod xol nhangs wud canx send nangd hot chub.</para>
         </listitem>
         <listitem tag='(oub),'>
            <para>Ad leb nex wud chud nangd kod xol, wenl xol nhangs meis shub cant send nangd jind senx nangd nhangs wul zil nangd lib yib, mex njanl lib jid daot baot hub.</para>
         </listitem>
      </orderedlist>
   </article>
   <article number="28">
      <title>dib oub gul yil qaox</title>
      <para>Leb leb mex njanl lib lies ad zhongx sheib huib nangd gaot guel jil nangd zhib xub, mex ad zhongx zhib xub nend, ad leb xand yanl nend jid pud nangd njanl lib gaot zib youl del jid daot jul.</para>
   </article>
   <article number="29">
      <title>dib oub gul jox qaox</title>
      <orderedlist>
         <listitem tag='(ad),'>
            <para>Leb leb lies jid heut sheb huib chud geud dongb, neax nis nib sheib huib dad nzhongb wud nangd gaob xinb chead kox nenb zib youl fal canx.</para>
         </listitem>
         <listitem tag='(oub),'>
            <para>Ad leb nex nib xinl six wud nangd njanl lib nbangs zib youl nangd ghob ngangx, mex fal lil lol xanb zib wud, ad zhongx xanb zib nend nis jid weib goud neul goud zheit nangd nex nangd njanl lib nhangs zib youl, yeab nis nib ad leb minl zhut nangd sheb huib dad nzhongb nangd xid yaob.</para>
         </listitem>
         <listitem tag='(bub),'>
            <para>Nib jid chud ad baob njanl lib nhangs zib youl nend, jex guant mex ghob nhangb qenx kuangb, seat jex gangs weix beib lanl hol guel nangd zongd zix nhangs yanl zel.</para>
         </listitem>
      </orderedlist>
   </article>
   <article number="30">
      <title>did bub gul qaox</title>
      <para>Ad leb xand yanl nend nangd yad yad nangd qaox wenl, jex gangs jid pud nis gangs ad leb guel giad did, ad leb jil tanl did gaot ad leb nex did mex njanl lib jid chud ad boab hol dongb, lol jid bab ad leb xand yanl nend jid pud nangd njanl lib nhangs zib youl nangd.</para>
   </article>
</udhr>