<?xml version="1.0" encoding="UTF-8"?>

<!--© The Office of the High Commisioner for Human Rights-->

<udhr iso639-3='srp' xml:lang='sr-Cyrl' key='srp_cyrl' n='Serbian (Cyrillic)' xmlns="http://www.unhchr.ch/udhr">
   <title>ОПШТА ДЕКЛАРАЦИЈА О ПРАВИМА ЧОВЕКА</title>
   <preamble>
      <title>УВОД</title>
      <para>Пошто је признавање урођеног достојанства и једнаких и неотуђивих права свих чланова људске породице темељ слободе, правде и мира у свету;</para>
      <para>пошто је непоштовање и презирање права човека водило варварским поступцима, који су вређали савест човечанства, и пошто је стварање света у којем ће људска бића уживати слободу говора и веровања и бити слободна од страха и немаштине проглашено као највиша тежња сваког човека;</para>
      <para>пошто је битно да права човека буду заштићена правним системом како човек не би био приморан да као крајњем излазу прибегне побуни против тираније и угњетавања;</para>
      <para>пошто је битно да се подстиче развој пријатељских односа међу народима;</para>
      <para>пошто су народи Уједињених нација у Повељи поново прогласили своју веру у основна права човека, у достојанство и вредност човекове личности и равноправност мушкараца и жена и пошто су одлучили да подстичу друштвени напредак и побољшају животни стандард у већој слободи;</para>
      <para>пошто су се државе чланице обавезале да у сарадњи с Уједињеним нацијама обезбеде опште поштовање и примену људских права и основних слобода;</para>
      <para>пошто је опште схватање ових права и слобода од највеће важности за пуно остварење ове обавезе,</para>
      <para>ГЕНЕРАЛНА СКУПШТИНА ПРОГЛАШАВА</para>
      <para>ОВУ ОПШТУ ДЕКЛАРАЦИЈУ О ПРАВИМА ЧОВЕКА као заједнички домет који треба да постигну сви народи и све нације да би сваки појединац и сваки орган друштва, имајући ову Декларацију стално на уму, тежио да учењем и васпитавањем допринесе поштовању ових права и слобода да би се поступним унутрашњим и међународним мерама обезбедило њихово опште и стварно признање и поштовање како међу народима самих држава чланица, тако и међу народима оних територија које су под њиховом управом.</para>
   </preamble>
   <article number="1">
      <title>Члан 1.</title>
      <para>Сва људска бића рађају се слободна и једнака у достојанству и правима. Она су обдарена разумом и свешћу и треба једни према другима да поступају у духу братства.</para>
   </article>
   <article number="2">
      <title>Члан 2.</title>
      <para>Сваком припадају сва права и слободе проглашене у овој Декларацији без икаквих разлика у погледу расе, боје, пола, језика, вероисповести, политичког или другог мишљења, националног или друштвеног порекла, имовине, рођења или других околности.</para>
      <para>Даље, неће се правити никаква разлика на основу политичког, правног или међународног статуса земље или територије којој неко лице припада, било да је она независна, под старатељством, несамоуправна, или да јој је сувереност на ма који други начин ограничена.</para>
   </article>
   <article number="3">
      <title>Члан 3.</title>
      <para>Свако има право на живот, слободу и безбедност личности.</para>
   </article>
   <article number="4">
      <title>Члан 4.</title>
      <para>Нико се не сме држати у ропству или потчињености: ропство и трговина робљем забрањени су у свим облицима.</para>
   </article>
   <article number="5">
      <title>Члан 5.</title>
      <para>Нико не сме бити подвргнут мучењу или свирепом, нечовечном или понижавајућем поступку или казни.</para>
   </article>
   <article number="6">
      <title>Члан 6.</title>
      <para>Свако има право да свуда буде признат као правни субјект.</para>
   </article>
   <article number="7">
      <title>Члан 7.</title>
      <para>Сви су пред законом једнаки и имају право без икакве разлике на подједнаку законску заштиту. Сви имају право на једнаку заштиту против било какве дискриминације којом се крши ова Декларација и против сваког подстицања на овакву дискриминацију.</para>
   </article>
   <article number="8">
      <title>Члан 8.</title>
      <para>Свако има право да га надлежни национални судови ефикасно штите од дела кршења основних права која су му призната уставом или законом.</para>
   </article>
   <article number="9">
      <title>Члан 9.</title>
      <para>Нико не сме бити произвољно ухапшен, притворен, нити протеран.</para>
   </article>
   <article number="10">
      <title>Члан 10.</title>
      <para>Свако има потпуно једнако право на правично јавно суђење пред независним и непристрасним судом који ће одлучити о његовим правима и обавезама, и о основаности сваке кривичне оптужбе против њега.</para>
   </article>
   <article number="11">
      <title>Члан 11.</title>
      <orderedlist>
         <listitem>
            <para>Свако ко је оптужен за кривично дело има право да буде сматран невиним док се на основу закона кривица не докаже на јавном суђењу на којем су му обезбеђене све гарантије потребне за његову одбрану.</para>
         </listitem>
         <listitem>
            <para>Нико не сме бити осуђен за дела или пропусте који нису представљали кривично дело по националном или међународном праву у време када су извршени. Исто тако не сме се изрицати тежа казна од оне која се могла применити у време када је кривично дело извршено.</para>
         </listitem>
      </orderedlist>
   </article>
   <article number="12">
      <title>Члан 12.</title>
      <para>Нико не сме бити изложен произвољном мешању у приватни живот, породицу, стан или преписку, нити нападима на част и углед. Свако има право на законску заштиту против оваквог мешања или напада.</para>
   </article>
   <article number="13">
      <title>Члан 13.</title>
      <orderedlist>
         <listitem>
            <para>Свако има право на слободу кретања и избора становања у границама поједине државе.</para>
         </listitem>
         <listitem>
            <para>Свако има право да напусти било коју земљу, укључујући властиту, и да се врати у своју земљу.</para>
         </listitem>
      </orderedlist>
   </article>
   <article number="14">
      <title>Члан 14.</title>
      <orderedlist>
         <listitem>
            <para>Свако има право да тражи и ужива у другим земљама уточиште од прогањања.</para>
         </listitem>
         <listitem>
            <para>На ово право се нико не може позвати у случају гоњења за кривична дела која нису политичког карактера или прогона због дела која су у супротности са циљевима и начелима Уједињених нација.</para>
         </listitem>
      </orderedlist>
   </article>
   <article number="15">
      <title>Члан 15.</title>
      <orderedlist>
         <listitem>
            <para>Свако има право на држављанство.</para>
         </listitem>
         <listitem>
            <para>Нико не сме самовољно бити лишен свог држављанства нити права да промени држављанство.</para>
         </listitem>
      </orderedlist>
   </article>
   <article number="16">
      <title>Члан 16.</title>
      <orderedlist>
         <listitem>
            <para>Пунолетни мушкарци и жене, без икаквих ограничења у погледу расе, држављанства или вере, имају право да склопе брак и да оснују породицу. Они су равноправни приликом склапања брака, за време његовог трајања и приликом његовог развода.</para>
         </listitem>
         <listitem>
            <para>Брак се закључује само слободним и потпуним пристанком лица која ступају у брак.</para>
         </listitem>
         <listitem>
            <para>Породица је природна и основна ћелија друштва и има право на заштиту друштва и државе.</para>
         </listitem>
      </orderedlist>
   </article>
   <article number="17">
      <title>Члан 17.</title>
      <orderedlist>
         <listitem>
            <para>Свако има право да поседује имовину, сам као и у заједници с другима.</para>
         </listitem>
         <listitem>
            <para>Нико не сме бити самовољно лишен имовине.</para>
         </listitem>
      </orderedlist>
   </article>
   <article number="18">
      <title>Члан 18.</title>
      <para>Свако има право на слободу мисли, савести и вере; ово право укључује слободу промене вере или убеђења и слободу да човек, било сам или у заједници с другима, јавно или приватно, упражњава своју веру или убеђење путем наставе, вршења култа и обављања обреда.</para>
   </article>
   <article number="19">
      <title>Члан 19.</title>
      <para>Свако има право на слободу мишљења и изражавања, што обухвата и право да не буде узнемираван због свог мишљења, као и право да тражи, прима и шири обавештења и идеје било којим средствима и без обзира на границе.</para>
   </article>
   <article number="20">
      <title>Члан 20.</title>
      <orderedlist>
         <listitem>
            <para>Свако има право на слободу мирног окупљања и удруживања.</para>
         </listitem>
         <listitem>
            <para>Нико не може бити приморан да припада неком удружењу.</para>
         </listitem>
      </orderedlist>
   </article>
   <article number="21">
      <title>Члан 21.</title>
      <orderedlist>
         <listitem>
            <para>Свако има право да учествује у управљању својом земљом, непосредно или преко слободно изабраних представника.</para>
         </listitem>
         <listitem>
            <para>Свако има право да на равноправној основи ступа у јавну службу у својој земљи.</para>
         </listitem>
         <listitem>
            <para>Воља народа је основа државне власти; ова воља треба да се изражава на повременим и слободним изборима, који ће се спроводити општим и једнаким правом гласа, тајним гласањем или одговарајућим поступком којим се обезбеђује слобода гласања.</para>
         </listitem>
      </orderedlist>
   </article>
   <article number="22">
      <title>Члан 22.</title>
      <para>Свако, као члан друштва, има право на социјално осигурање и право да остварује привредна, друштвена и културна права неопходна за своје достојанство и за слободан развој своје личности, уз помоћ државе и међународне сарадње, а у складу с организацијом и средствима сваке државе.</para>
   </article>
   <article number="23">
      <title>Члан 23.</title>
      <orderedlist>
         <listitem>
            <para>Свако има право на рад, на слободан избор запослења, на правичне и задовољавајуће услове рада и на заштиту од незапослености.</para>
         </listitem>
         <listitem>
            <para>Свако, без икакве разлике, има право на једнаку плату за једнаки рад.</para>
         </listitem>
         <listitem>
            <para>Свако ко ради има право на праведну и задовољавајућу накнаду која њему и његовој породици обезбеђује егзистенцију која одговара људском достојанству и која ће, ако буде потребно, бити употпуњена другим средствима социјалне заштите.</para>
         </listitem>
         <listitem>
            <para>Свако има право да образује и да ступи у синдикате ради заштите својих интереса.</para>
         </listitem>
      </orderedlist>
   </article>
   <article number="24">
      <title>Члан 24.</title>
      <para>Свако има право на одмор и разоноду, укључујући разумно ограничење радног времена и повремени плаћени одмор.</para>
   </article>
   <article number="25">
      <title>Члан 25.</title>
      <orderedlist>
         <listitem>
            <para>Свако има право на животни стандард који обезбеђује здравље и благостање, његово и његове породице, укључујући храну, одећу, стан и лекарску негу и потребне социјалне службе, као и право на осигурање у случају незапослености, болести, инвалидности, удовиштва, старости, или других случајева губљења средстава за издржавање услед околности независних од његове воље.</para>
         </listitem>
         <listitem>
            <para>Мајке и деца имају право на нарочито старање и помоћ. Сва деца, рођена у браку или ван њега, уживају једнаку социјалну заштиту.</para>
         </listitem>
      </orderedlist>
   </article>
   <article number="26">
      <title>Члан 26.</title>
      <orderedlist>
         <listitem>
            <para>Свако има право на школовање. Школовање треба да буде бесплатно бар у основним и нижим школама. Основна настава је обавезна. Техничка и стручна настава треба да буде опште доступна, а виша настава треба да буде свима подједнако приступачна на основу утврђених критеријума.</para>
         </listitem>
         <listitem>
            <para>Школовање треба да буде усмерено пуном развоју људске личности и јачању поштовања људских права и основних слобода. Оно треба да унапређује разумевање, трпељивост и пријатељство међу свим народима, расним и верским групацијама, као и делатност Уједињених нација за одржавање мира.</para>
         </listitem>
         <listitem>
            <para>Родитељи имају првенствено право да бирају врсту школовања за своју децу.</para>
         </listitem>
      </orderedlist>
   </article>
   <article number="27">
      <title>Члан 27.</title>
      <orderedlist>
         <listitem>
            <para>Свако има право да слободно учествује у културном животу заједнице, да ужива у уметности и да учествује у научном напретку и у добробити која отуда проистиче.</para>
         </listitem>
         <listitem>
            <para>Свако има право на заштиту моралних и материјалних интереса који проистичу из било ког научног, књижевног или уметничког дела чији је он творац.</para>
         </listitem>
      </orderedlist>
   </article>
   <article number="28">
      <title>Члан 28.</title>
      <para>Свако има право на друштвени и међународни поредак у којем права и слободе објављени у овој Декларацији могу бити потпуно остварени.</para>
   </article>
   <article number="29">
      <title>Члан 29.</title>
      <orderedlist>
         <listitem>
            <para>Свако има дужност према заједници која једина омогућава слободно и пуно развијање његове личности.</para>
         </listitem>
         <listitem>
            <para>У вршењу својих права и остваривању слобода свако може бити подвргнут само оним ограничењима која су предвиђена законом у циљу обезбеђења нужног признања и поштовања права и слобода других и у циљу задовољења правичних захтева морала, јавног поретка и општег благостања у демократском друштву.</para>
         </listitem>
         <listitem>
            <para>Ова права и слободе ни у ком случају не могу се извршавати противно циљевима и начелима Уједињених нација.</para>
         </listitem>
      </orderedlist>
   </article>
   <article number="30">
      <title>Члан 30.</title>
      <para>Ниједна одредба ове Декларације не може се тумачити као право за ма коју државу, групу или лице да предузима било коју активност или да врши било какву радњу усмерену на поништење права и слобода који су у њој садржани.</para>
   </article>
</udhr>
