<?xml version="1.0" encoding="UTF-8"?>

<!--© The Office of the High Commisioner for Human Rights-->

<udhr iso639-3='not' xml:lang='not' key='not' n='Nomatsiguenga' xmlns="http://www.unhchr.ch/udhr">
  <title>IRAEGUl BOTATAIGACHA ICOMANTAIGUIRO OCA NIBARINTSICA</title>
  <preamble>
    <title>[Preamble]</title>
    <para>Aiti ora caninaro ora icogaigui angantaiguë antagaisati matsiguenga. Tení ongomeite queroca inintacagaigái pairo-raca anganquero ora caninaro.</para>
    <para>AQUENGAIGACA ora antagaisati matsiguenga aisati icantaigaca. Aroquenta ibogaiguë iriro matsiguengasonori. Iroro teni ongomeite cara paniro imeratimari ira basini. Teni ongomeite cara paniro ingantaguebiritirí catsimaro ira basiní. Aisati caninataque antagaisati matsiguenga intimasantaigue caninasati.</para>
    <para>AQUENGAIGACA cara tojai icantaguebiritengani ora te onganinate ira matsiguenga tenta irogóigue irirojegui matsiguengasonori. Icantaiguëri ora ogóigui eiro te ongomeite. Aquengaigaca cara iroguiaque omagaro matsiguenga intimaiguë caninasati. Teni ongomeite intsorogaigue, teatisati ongomeite iritasegue, carari caninataque antagaisati irinibataigue ora ijique caninaro, aisati caninataque inguemisantaiguë ora ijique caninaro.</para>
    <para>AQUENGAIGACA caninataque angábintsaigueri omagaro matsiguenga arota ingantaiguë ora ijique caninaro. Aique quero icogaigui iriocairi itingomipague.</para>
    <para>AQUENGAIGACA caninataque intimaigue caninasatí antagaisatí matsiguenga. Quero iguisëgotobaga, querootisati yógobaga, querootisati yomintsorogobaga ira paniacha omagaropaguequë.</para>
    <para>AQUENGAIGACA eiro iragátane omagarojegui país ora jitacha Naciones Unidas cara antagaisati matsiguenga ingantaiguë ora ijitaigui caninaro aisa teni ongomeite cara te pairi iranintacaguiri ingantiro. Aquengaigaca cara aisati icantaigaca omagaro, sërari aisati tsinane. Aquengaigaca caninataque omitocotaguetiri antagaisati matsiguenga intimaigue caninasati.</para>
    <para>AQUENGAIGACA cara caninataque omitocotaigueri omagaro matsiguenga iraniacaninatobaguima aisati iranintacagobaguëma ingantaiguë ora caninaropague.</para>
    <para>AQUENGAIGACA caninataque irogóigue antagaisati matsiguenga ora aquengaigaca.</para>
    <para>IRAEGUl BOTATAIGACHA ICOMANTAIGUIRO OCA NIBARINTSICA:</para>
    <para>Aiti ora caninaropague. Caninataque ingantaiguero antagaisati matsiguenga. Teni ongomeite cara queroca inintacagaigái pairiraca anganquero ora caninaro. Aisati caninataque ingomantaguëqueri imatsiguenga itingomipague irogometaiguëri cara isicoiraquë arota iraniacaninatobaguëma omagaro matsiguengajegui atiraca itimaiguira.</para>
  </preamble>
  <article number="1">
    <title>1.</title>
    <para>Antagaisati matsiguenga ibogaiguë matsiguengasonorl. Aisati icantaigaca. Teni iromerataiguengani. Antagaisati iquengaigui aisati igóiguiro ora caninaro aisati igóiguiro ora te onganinate. Iroro caninataque omagaro matsiguenga iraniacaninataigueri ira basiniati matsiguenga aisati ingantaiguerí ora caninaro.</para>
  </article>
  <article number="2">
    <title>2.</title>
    <para>Antagaisati ora ocomanti oca sanguenarica irasi omagaro matsiguenga. Teni ongomeite cara queroca pairiraca inintacagaigái anganquero. Jemita obiro sërari, jemita obiro tsinane, jemita obiro biracocha, matsiguengasonori, tsitari. Jemita pinibare, j emita pitosorintsite, jemita ora piquengui, jemita tojai piguireguite. Aisati jemita negaraca pitimi, jemita pairoraca ijitara pitingomi. Teni ongomeite cara queroca inintacaguimi pinganquero ora osanguenataga yaca.</para>
  </article>
  <article number="3">
    <title>3.</title>
    <para>Teni ongomeite cara iróguimi pairiraca. Teatisati ongomeite cara imeratimi basini, teatisati ongomeite cara pairiraca ingantaguebiriquemi ora catsimaro.</para>
  </article>
  <article number="4">
    <title>4.</title>
    <para>Tení ongomeite cara pairiraca iromanantërí ira basini. Quero ini ibimantaga.</para>
  </article>
  <article number="5">
    <title>5.</title>
    <para>Obironta matsiguenga, tení ongomeite cara iratsipiriaquemi pairiraca.</para>
  </article>
  <article number="6">
    <title>6.</title>
    <para>Caninataque itingomipague iraniacaninataiguerí antagaisati matsiguenga. Ainta itingomi ira jitacha joes. Iraniaquerita iriro omagaro matsiguenga caninari.</para>
  </article>
  <article number="7">
    <title>7.</title>
    <para>Aiti sanguenaripague caninaro ora iquengaigaca itingomi. Ora sanguenaripaguera ocábintsaiguëri antagaisati matsiguenga aisati icantaigaca omagaro matsiguenga catingasatiquë sanguenari.</para>
  </article>
  <article number="8">
    <title>8.</title>
    <para>Ira joes ingábintsaiguëmi cara sanguenariquë iromitocoquemí cara ainta pairiraca quero inintacaguimi pinganque ora ijique caninaro omagaro matsiguenga.</para>
  </article>
  <article number="9">
    <title>9.</title>
    <para>Teni ongomeite cara irágasitimi pairiraca, teatisati cara iromingasiquemi, teatisati cara iriocasiquerni piguebatsitequë.</para>
  </article>
  <article number="10">
    <title>10.</title>
    <para>Aroca pinganque ora te onganinate, aisati aintaca ira comantëgotëmine cara picanque ora te onganinate, quero igoontimi querootisati icomantëgotimí picasitígote ira joes queroca iniacaninatimí. Querootisati icomantëgotimi pairiraca ora pinganque queroquerai picomantëgota obiatí,</para>
  </article>
  <article number="11">
    <title>11.</title>
    <orderedlist>
      <listitem>
	<para>Aintaca irá comantëgotëmi picanque ora te oñganinate, iraniacaninatimita joes irooti irogoontasantimi cara picantagueti ora te onganinate. Aisati imëmita ora pininti arota pingomantëgotëma caninasati.</para>
      </listitem>
      <listitem>
	<para>Teni ongomeite cara ingasitígatimi cara sanguenariquë teca inguengaiguema pitingomi teraiquerai pingantaguete ora te onganinate.</para>
      </listitem>
    </orderedlist>
  </article>
  <article number="12">
    <title>12.</title>
    <para>Teni ongomeite cara ingantocotaguetasitimi obiro, aisati cara jrinibatëgotaguetasitimari pomatsiguenga. Ora sanguenari ongábintsëmi.</para>
  </article>
  <article number="13">
    <title>13.</title>
    <orderedlist>
      <listitem>
	<para>Teni ongomeite cara pairiraca quero inintacaguimi pijataguëque cara pingogue negaraca pintimaque cara quibatsiquë teni asintasitengani.</para>
      </listitem>
      <listitem>
	<para>Aisati caninataque pisotocanë paisipaguequë, aisati pasi pobaisitequë, aisati caninataque popigaima pobaisitequë.</para>
      </listitem>
    </orderedlist>
  </article>
  <article number="14">
    <title>14.</title>
    <orderedlist>
      <listitem>
	<para>Cara ingantaguëquimi catsimaro, caninataque pijaque cara basiniatiquë país arota ingábintsaimi canta.</para>
      </listitem>
      <listitem>
	<para>Cara picantaguëque ora te onganinate quero pisiga cara basiniatiquë país. Caninataque irogoontimi cara pasi pobaisitequë aisati ingomantëgotimi ora picanque. Ingasitígatimi cara picantaguëque ora te onganinate.</para>
      </listitem>
    </orderedlist>
  </article>
  <article number="15">
    <title>15.</title>
    <orderedlist>
      <listitem>
	<para>Caninataque antagaisati matsiguenga inganque: "Oca paisica iroonti nasi nobaisite". Quero pairi yágopitimi cara picanque: Oca nasiati nobaisite".</para>
      </listitem>
      <listitem>
	<para>Querootisati pairiraca yágopitimi cara pingoguë pijocanëro pobaisite aisati pijaque cara iroraiquë pobaisite.</para>
      </listitem>
    </orderedlist>
  </article>
  <article number="16">
    <title>16.</title>
    <orderedlist>
      <listitem>
	<para>Ainta ira ogomeantatsi teni ongomeite págue pijina cara onibateca basiniati nibarintsi cagaro pasi. Teni ongomeite oca ogomeantagantsica. Caninataque págue pijina arota irinane pijanequite irootisati pomatsiguenga. Aroca inganque quero págui pijina basiniatinta onibare, quero piquemisantirí tenta irogóte ora icanti. Aitosati asi tsinane ira águë ojime. Caninataque águero ojime jemita irinibare.</para>
      </listitem>
      <listitem>
	<para>Paniro páguiro pijina, paniro páguëri pijime cara pinguenguëma pitirooti obiro.</para>
      </listitem>
      <listitem>
	<para>Caninataque ongábintsëmi gobirino obiro aisa pijina aisa pijaniquite.</para>
      </listitem>
    </orderedlist>
  </article>
  <article number="17">
    <title>17.</title>
    <orderedlist>
      <listitem>
	<para>Caninataque antagaisati matsiguenga ingasintëmaro ora iraisati: iguebatsite, ibango, irantomënto, aisati basinipague.</para>
      </listitem>
      <listitem>
	<para>Tení ongomeite cara pairiraca irágopitimi ora pasiati.</para>
      </listitem>
    </orderedlist>
  </article>
  <article number="18">
    <title>18.</title>
    <para>Teni ongomeite cara pairiraca iragáquemi ora pinguenguëma aisati ora pinguemisanque. Caninataque pinguemisanqueri pasi pitosorintsite. Aisati caninataque cara picogui pingampiatiro ora pinguenguëma aisati ora pinguemisanque. Caninataque pomanocotiri pitosorintsite aisati pogometocotiri catingasatiquë matsiguenga.</para>
  </article>
  <article number="19">
    <title>19.</title>
    <para>Caninataque antagaisati matsiguenga inguenguëma ora ijique caninaro aisati caninataque ingomantaguetiro atiraca ininti. Teni ongomeite cara pairiraca inganquemi ora te onganinate aroquenta piquianca ora basiniati ora te inguenguema iriro.</para>
  </article>
  <article number="20">
    <title>20.</title>
    <orderedlist>
      <listitem>
	<para>Caninataque popatoitima obirojequi arota pintaiguë ora caninaro.</para>
      </listitem>
      <listitem>
	<para>Aisati queroca pininti popatota, caninataque.</para>
      </listitem>
    </orderedlist>
  </article>
  <article number="21">
    <title>21.</title>
    <orderedlist>
      <listitem>
	<para>Caninataque cara antagaisati matsiguenga ingomantëro igobirinote ora icogui iriro. Queroca icantiro iriati caninataque iragáque basini ira nibabintineri catingasatiquë itingomipague.</para>
      </listitem>
      <listitem>
	<para>Aitica ora onganquineri matsiguenga pigobirinote. caninataque onganquimi omagaro obirojequi.</para>
      </listitem>
      <listitem>
	<para>Ora inintaigue matsiguengajegui agáqueri ora ingantaiguë itingomipague. Aisati caninataque irirai itingomi iripëgairi ira irinaga cara iragátaiguëñ imatsiguenga.</para>
      </listitem>
    </orderedlist>
  </article>
  <article number="22">
    <title>22.</title>
    <para>Caninataque antagaisati matsiguenga intarobacaate aisati irante arota inganinasëretanë irironta matsiguengasonori. Aisati caninataque igobirinote omitocotiri intimaque caninasati aisati inganinatanë.</para>
  </article>
  <article number="23">
    <title>23.</title>
    <orderedlist>
      <listitem>
	<para>Caninataque intarobacaate matsiguengajegui inganque ora oganinatërini atiraca iranintë. Queroca pini itarobacaare omitocotirita igobirinote iraniaquero irorai itarobacaare.</para>
      </listitem>
      <listitem>
	<para>Caninataque antagaisati matsiguenga iráguiri iriatisati quirequi aisati icantari ibega pairiraca basini cara inganque irootisati itarobacaare.</para>
      </listitem>
      <listitem>
	<para>Caninataque cara intarobacaate matsiguenga iráguiri iguireguite ira cotonguiboro arota quero itasegui iriro querootisati imatsiguenga. Queroca cotonguiboro ainta iromitocoquerl.</para>
      </listitem>
      <listitem>
	<para>Caninataque antagaisati matsiguenga intsibatimari basini irapatoitaiguëma cara ingábintsaiguëma ora iraisatijegui.</para>
      </listitem>
    </orderedlist>
  </article>
  <article number="24">
    <title>24.</title>
    <para>Caninataque intarobacaate omagaro matsiguenga. Aisati caninataque cataguiteri comagoriantague cara quero itarobacaati. Aisati caninataque ora jitacha vacación cara përosati iripënabintiri antagaisati matsiguenga iguireguite.</para>
  </article>
  <article number="25">
    <title>25.</title>
    <orderedlist>
      <listitem>
	<para>Caninataque pintarobacaate antagaisati obirojegui páguëri quirequi ira cotonquiboro arota popaigue quero pitasegui, cotonguiboro asi pomanchaqui obiro aisati asi pijina aisati irasi pijaniquite, aisati cotonguiboro asi jompi. Aisati caninataque ainta iromitocoquemi aroca pijanaitë, aroca otsonquima pitarobacaare, aroca ingamaque ira casintimi, aroca pintiasiparitanë.</para>
      </listitem>
      <listitem>
	<para>Caninataque ainta ira ingábintsëro aisati iromitocotiro antagaisati tsinane aisati ojaniquite cara ontsomaqueri. Aisati caninataque ingábintsaigueri omagaro janequi jemita irogótengani iriri.</para>
      </listitem>
    </orderedlist>
  </article>
  <article number="26">
    <title>26.</title>
    <orderedlist>
      <listitem>
	<para>Caninataque irisitoriataigue antagaisati matsiguenga cara isicoiraquë cara ipënabentineri igobirinote ora opënatima primaria. Iragáqueri ianiquite casintari cara irisitoriate. Caninataque irogóiganë irogomere inganinatanë, aisati iraniacaninataigueri ira basini irogomere, aisati irogótanë intimaque caninasati, aisati iromitocoqueri antagaisati matsiguenga iraniacaninatobaguëma cara ocanti oca sanguenarica.</para>
      </listitem>
      <listitem>
	<para>Caninataque irisitoriataigue antagaisati arota irogótanëro ora caninaro cara inganinasëretanë, aisati iraniacaninatiri ira basiniati aisa iromitocoqueri imatsiguenga cara iraniacaninataiguëri iraegui basiniati.</para>
      </listitem>
      <listitem>
	<para>Iraegui casintari janequi inganque pairo irogometaiguëri ianiquite.</para>
      </listitem>
    </orderedlist>
  </article>
  <article number="27">
    <title>27.</title>
    <orderedlist>
      <listitem>
	<para>Caninataque antagaisati matsiguenga intsibataiguemari imatsiguenga cara omagaro inganque ora yameitaigaca irirojegui.</para>
      </listitem>
      <listitem>
	<para>Ainta matsiguenga ingositëri basini ora inganque, ora irobetsique irorai, aisati ora irisanguenataguëque. Oca te ongomeite.</para>
      </listitem>
    </orderedlist>
  </article>
  <article number="28">
    <title>28.</title>
    <para>Caninataque antagaisati matsiguenga intimaiguë cara inguemisanquero oca sanguenarica.</para>
  </article>
  <article number="29">
    <title>29.</title>
    <orderedlist>
      <listitem>
	<para>Caninataque antagaisati matsiguenga iraniacaninataigueri itingomi ira imatsiguenga, aisati inguemisanqueri itingomipague arota intimaigue caninasati antagaisati.</para>
      </listitem>
      <listitem>
	<para>Inguemisantirota antagaisati matsiguenga ora iquengaigaca aisati ora isanguenaque itingomipague. Cara inganque negaca iromitocotaiguëri omagaro itimanamitane cara ibaisitequë cara intimaiguë caninasati omagaro.</para>
      </listitem>
      <listitem>
	<para>Angagaisati matsiguenga inguemisanquerota oca sanguenarica ora iquengaigaca aisati ora isanguenataiguë iragátane tojai país oraegui jitacha Naciones Unidas.</para>
      </listitem>
    </orderedlist>
  </article>
  <article number="30">
    <title>30.</title>
    <para>Oca sanguenarica quero ipiri pairiraca matsiguenga querootisati pairoraca gobirino cara ingantaguebiritiri catsimaro ira matsiguenga.</para>
  </article>
</udhr>
