<?xml version="1.0" encoding="UTF-8"?>

<!--© The Office of the High Commisioner for Human Rights-->

<udhr iso639-3='chj' xml:lang='chj' key='chj' n='Chinantec, Ojitlán' xmlns="http://www.unhchr.ch/udhr">
   <title>Delaraciö' Ki' DERECHO H Ki' la' la köö jmu guue kíä guía' su'</title>
   <note>
      <para>Diciembre 1948</para>
   </note>
   <preamble>
      <title/>
      <para>KUU-DSU-DSA, e ti tíä dsa, ki' dsa tía kö ñi' jmí, nía asía jni siä la kö jmu guu; e sía: derecho ki' dsa, e jä má-já la juu dsa tíä' kö jmu guu.</para>
      <para>KUU-DSU-DSA, e a s'ia dsa ñi ju o é jä' D.H. e jä la dsa nä kíä ta' a sía jmo-dsa e dsi' nía dsa kíä dsa, ma jä kö ju t'a' dsa la kua' jmu guú, a sía má gä nía roö a sïä e li goo' nía jeo dsa tä' e ja na jmo'.</para>
      <para>KUU-DSU-DSA, e na ki D.H. ma jä ko rue jmo dsa tä', kuu juu dso' e sía e jmo dsa esa rue lu jï kä dsa tiä' juu jï na lu' dsa ta'.</para>
      <para>KUU-DSU-DSA, y ná j'mo geé fuu ki' dsa e la juu' tíä' la kua' jmu güu e-jï á nía roö'.</para>
      <para>KUU-DSU-DSA, la juu ñi dsa tiä la kuä' jmu guu dsa na tä gui' ñi mo-yi ki' Naciones unidas, I e' dsa, la-ju e jä e ki' D.H. ña huu ki' I' kä dsa, I kö ñi ki' hie' nía dsa ñi' I jmi jni' dsa e jä e na huu ná jmo'.</para>
      <para>KUU-DSU-DSA, e ka-la ju estado. ti' nía teë' ñi' Naciones Unidas e-jmo – dsa i' derecho ki' tä kö jmu guu' nía.</para>
      <para>KUU-DSU-DSA, e- kö ñi' lu D.H. e ja e na' huu ki huu ja ru to ñi mo-yi la'.</para>
      <para>E. Asamblea General Jmo Jnia'</para>
      <para>Juú' ki Derecho tï' la Kö jmo guu ki' D. H. e tï la júu' ní' dsa huu jä kup dsu-dsa, e é-dsa kï', nía jmo dsa í' dsa sía kö Naciö' la ma nía dsa tíä la kö' jmu guu jmo dsa e no' ti jú la' jmu tía'.</para>
   </preamble>
   <article number="1">
      <title>Artículo 1°</title>
      <para>La juu dsa lu siä –Dsa kö ñi ba dsa, nía kö ni' ba na lu' dsa e dsa tï é li jnia' roö'.</para>
   </article>
   <article number="2">
      <title>Artículo 2°</title>
      <para>La juu' dsa tï jä é, la juu' eru jua' ñi le' lá, juá ï jua dsa juá jnía a lïa' jä jnía-a. Jua h'ie' o dsa-ñi'. Jua e juá juú' gua' dsää-a; o é juú'-a. e fuü sïá-a dsa. Tía ñi. o dsa sïa kú' o jua. E-jï-e suu'.</para>
      <para>Nia la suu, a sía jeo dsa ï tá, e joó ki político ï-a. o é vo' tï a- jua tï ï ti vo' jua ï jua jmo I', jï gua'-dsa o jua ïta' gua'-guá jmo I'.</para>
   </article>
   <article number="3">
      <title>Artículo 3°</title>
      <para>La ju-dsa ti i síä-a, e a sïá e li jï-a- i gua h'iä dsu-a.</para>
   </article>
   <article number="4">
      <title>Artículo 4°</title>
      <para>A, síä-dsa jmo tä ka-la I jni-o tá-lá jmo dsá tá', tu sa li jma ki'-dsa.</para>
   </article>
   <article number="5">
      <title>Artículo 5°</title>
      <para>Jí-jua i kä' jmu, u'i', o i jma dsa la sa h'ie' i'.</para>
   </article>
   <article number="6">
      <title>Artículo 6°</title>
      <para>La-jua dsa h'ie' jú' dso, juá-sï-dsa, a-jï' jä e sï' dsá.</para>
   </article>
   <article number="7">
      <title>Artículo 7°</title>
      <para>Kö-ñi' ba. na kï' dsa tu ñi leé' nía kö-re' ba jmo leé I' la ju' dsa</para>
   </article>
   <article number="8">
      <title>Artículo 8°</title>
      <para>La-ju dsa tï'-tu ñi' dsa tá', e jmá o dsa ki' dsa tu' ñi dsa 'na lu' ta h'uu la un ru ro' ñi lee'.</para>
   </article>
   <article number="9">
      <title>Artículo 9°</title>
      <para>A síä dsá-dsa I' juu' ñi-ñí, tu a sía dsoo má ka tá' dsa nia jä i dsu-jié dsa tu u'o' suu'</para>
   </article>
   <article number="10">
      <title>Artículo 10</title>
      <para>La ju dsa sua Derecho ki', I kö-ni' no' dsa ta juú' ki'-dsa nia i kä' dsa júu dsoó ki' dsa, ja dsa ï ta' a sía' í jma ä ï-jua-ï na jua asía dso ma ka jmo dsa'.</para>
   </article>
   <article number="11">
      <title>Artículo 11</title>
      <orderedlist>
         <listitem>
            <para>La-ju dsá h'ie' dso, sía jú' dsoó, e-li' jua dsa, e a-sia' dsoó raä-'a, tá-la sa lu rue dsoo ki' dsa, nia I jma-ó dsa ma jä lia'-a.</para>
         </listitem>
         <listitem>
            <para>A-síä dsa dso ñi' ñí, na-jua ka tä dsa ksö' dsa, e sía dsoó ma lu' lo ma ka lu' nia asía lí jmo dsa ta ña' huu ma-dsi dso ki' dsa.</para>
         </listitem>
      </orderedlist>
   </article>
   <article number="12">
      <title>Artículo 12</title>
      <para>Asiá' dsa li jma dsiä dsa na lu' tá'-dsu juú' ki' dsa, dsa siä-kíä dsa, o-e-i sía ki' dsa o-mo gui' jie' ki' dsa o-e, ji e suu sia ki-dsa.</para>
   </article>
   <article number="13">
      <title>Artículo 13</title>
      <orderedlist>
         <listitem>
            <para>La ju' dsa li na' tä' tää', a jï' jne dsa nía í li gua-a jï jä jne' dsa.</para>
         </listitem>
         <listitem>
            <para>La ju dsa li dsoo tu su, fuu suu' o gua' vo' suu, nía e li jía' dsa h'uo' ki' na jua jne' dsá.</para>
         </listitem>
      </orderedlist>
   </article>
   <article number="14">
      <title>Artículo 14</title>
      <orderedlist>
         <listitem>
            <para>Na-jua ja dsá uu-a, e dsa li dsu gua u'o' suu, jua-a-uu jï.</para>
         </listitem>
         <listitem>
            <para>Derecho lá-e asía ki' na-jua dsa ma ka jmo dsa o e ma ka jmo dsa I sa ru tö ñi mo-guí la'.</para>
         </listitem>
      </orderedlist>
   </article>
   <article number="15">
      <title>Artículo 15</title>
      <orderedlist>
         <listitem>
            <para>La-ju-dsa sía derecho e li' tï dsa kö naciö'.</para>
         </listitem>
         <listitem>
            <para>Ji-jua ï dsa a sïä dsa e li dsa kï' e tï dsa kö naciö nía jä' e li jua-dsa e sa li kï' dsa na-jua jne e li súu naciö' ki-dsa.</para>
         </listitem>
      </orderedlist>
   </article>
   <article number="16">
      <title>Artículo 16</title>
      <orderedlist>
         <listitem>
            <para>Dsa-ni'-nía h'ie', na-jua ma fuu' dsa; e dsa sía derecho, ki' la sa sía juú sia, jua e vo' fuu goo' dsa, o e ju gua' dsä dsa, e-jí' dsa-guo nía e jmo dsa ni ki'.</para>
         </listitem>
         <listitem>
            <para>Nía e jä ba ji' dsa guó na, jua ejne ba sá ji' guo.</para>
         </listitem>
         <listitem>
            <para>Kö seé' dsa, e jä, ba e jnia' ma jä ne kö fuu nía e ti dsa ñi tá' e-jmo dsa i la ju dsa tia jeé fuu'.</para>
         </listitem>
      </orderedlist>
   </article>
   <article number="17">
      <title>Artículo 17</title>
      <orderedlist>
         <listitem>
            <para>La-ju dsa e síä derecho –e li síá ki'.</para>
         </listitem>
         <listitem>
            <para>Ji-jua i dsa sa li dsuu kí e síä ki'</para>
         </listitem>
      </orderedlist>
   </article>
   <article number="18">
      <title>Artículo 18</title>
      <para>La juu dsa h, íäá o dsa kuu', sia derecho, ka tu nía religiö e ï' dsa o e jma suu dsa religíö ki o e jä e í' dsa', nía ejma jnia dsa e jä e ï' dsa.</para>
   </article>
   <article number="19">
      <title>Artículo 19</title>
      <para>Ka-la juu dsa sïá derecho ki' e síä e li jma dsiä dsu-dsa na-jua e jä kuu dsu dsá, na-jua e ja kuu dsu dsa é e' dsa, e jä kuu dsu-dsá.</para>
   </article>
   <article number="20">
      <title>Artículo 20</title>
      <orderedlist>
         <listitem>
            <para>Ka-la ju' dsa e sía Derecho ki', na-jua e tíä ku siä' dsa tía' i hïa' dsuu'.</para>
         </listitem>
         <listitem>
            <para>A sía ta la i jni' já sa jne dsa dsa i'.</para>
         </listitem>
      </orderedlist>
   </article>
   <article number="21">
      <title>Artículo 21</title>
      <orderedlist>
         <listitem>
            <para>La-ju dsa e sía derecho e li jmo dsa-tá o-e li kä' dsa tä' fuu ki' dsa.</para>
         </listitem>
         <listitem>
            <para>E-la juu' dsa sía derecho. E i' dsa o e jmo dsa tä' nacio' ki-dsa.</para>
         </listitem>
         <listitem>
            <para>E-jua' dsa fuu e jä i jmo dsa tä', nia dsa fuu jua' e jä e li' la-jä na-juä e jna' dsa-dsa tä ñi ta'. Fuu voto e a síä dsa jue na jmo dsa. votá'.</para>
         </listitem>
      </orderedlist>
   </article>
   <article number="22">
      <title>Artículo 22</title>
      <para>La-ju dsa tíä' kö je fuu e ti' dsa –e jma ó dsa na lu' ta' nacíö' ki' dsa, o nacíö' suu ki' dsa o li ä dsa nia kuú' sía nacío ki' dsa ma-jä' a e li' e sa' sía jï kä' dsa.</para>
   </article>
   <article number="23">
      <title>Artículo 23</title>
      <orderedlist>
         <listitem>
            <para>La-ju dsa tï' e jno' dsa tá' i tu dsu-a e sía derecho e kó rue jmo-dsa-tá'</para>
         </listitem>
         <listitem>
            <para>La-ju dsa sía derecho e rue li líä' dsa tá e jmo dsa'.</para>
         </listitem>
         <listitem>
            <para>La-ju dsa jmo tá' e síá derecho ki' dsa e li lía' lo já' l jmo dsa-ejä e a sía no jmo, jí kä Familia kía dsa nía e ma, h'iä dsa ñi ta na jua na jmo jï' jï ka dsa.</para>
         </listitem>
         <listitem>
            <para>La ju' dsa sñia juú' dsa i tä' dsa síndicato e li jma ki' dsá.</para>
         </listitem>
      </orderedlist>
   </article>
   <article number="24">
      <title>Artículo 24</title>
      <para>La ju dsa sía derecho e jia' dsa kö jmu. La-kö' kö su-ma' e –asía jmo dsa ta la jï sa ma të' dsa nía e tu dsa vacacíö'</para>
   </article>
   <article number="25">
      <title>Artículo 25</title>
      <orderedlist>
         <listitem>
            <para>La-ju dsa síá Derecho ki'-dsa e tä' dsa e a síá e na-jmo jï kä' dsa La ma-níá dsa síä kiä dsa é sa dsö'-dsa, e sá e li ku' dsa, e sía o-mu' nía la-ju e na-jmo j'I kä dsa nía la jä a sía eli' e-na.jmo', ki' dsa na-jua a sía tä' síá ki' dsa, e asíä e na-jmo' na-jua ka lu j'un' dsa o e jï' e-su. Eli' jï dsa.</para>
         </listitem>
         <listitem>
            <para>Hi'e. Nía guï nía la ju si mi', e dsa jmo i' rue mi ma-jä asía e li jï dsa.; la-Ju guï lu-síä na-jï' osa' na-jï' guó së' jmi guï ko-ñii derecho sía kï guï.</para>
         </listitem>
      </orderedlist>
   </article>
   <article number="26">
      <title>Artículo 26</title>
      <orderedlist>
         <listitem>
            <para>La ju-dsa sía derecho ki' dsa e li tu dsa guí, a síä jma mä dsa ñi tu ja dsa jnia dsa, e li tu dsa e eo guí e jnía dsa La ju guí-mí'. Na-jua jne h'uu dsa dsa jnía ñi tu a sía jua' esa li dsa jnia dsa.</para>
         </listitem>
         <listitem>
            <para>E-Ja ba dsa-jnía dsa ñi tu mä-jä li-tu-dsa, ma-ja joe dsa e-ja e dsi li jmo-dsa nía ma-jä li kuu' dsa E-jä Dereco Humano, ma-ja jma ó-dsa, nía ma-jä un dsi'-dsa e jï' dsa nía dsa tíä' naciö' su' nía la ju dsa goó síä gua-uo' ma-jä jï dsá nía dsa na-kiä religiö su'. nía ma-ja ma-jnía dsa e jï tä ejmo Nacíones Unidás.</para>
         </listitem>
         <listitem>
            <para>Sé'-jmi' gui-mi' e sía Dereco e jno' dsa e jä jne' dsa jma-tu gui jo dsá.</para>
         </listitem>
      </orderedlist>
   </article>
   <article number="27">
      <title>Artículo 27</title>
      <orderedlist>
         <listitem>
            <para>La-ju dsa sía dérecho. E-i' dsa nia e li kuu' dsa e jä lu tu dsa, nia-jma tu nía jue, li kuu'. la jue dsí lí' siä.</para>
         </listitem>
         <listitem>
            <para>La-ju dsa sía Derecho e jmo dsa ta i' e ti' dsa jua' e ki' Científico, mo-guí' o e jï e su.</para>
         </listitem>
      </orderedlist>
   </article>
   <article number="28">
      <title>Artículo 28</title>
      <para>La-ju dsa sía Derecho, e ti tä dsa ñi ta. La ru-lue' Derecho y chi tö ñi declaracío ma-jä li' ti' la rutö.</para>
   </article>
   <article number="29">
      <title>Artículo 29</title>
      <orderedlist>
         <listitem>
            <para>La-ju dsa tï' ma-ti' e jä e jmo' dsa geé' fuu uu jï jä síä dsa.</para>
         </listitem>
         <listitem>
            <para>La-ju dsa, ju ï ja sa li jmo dsa eja e sa-ru jua' bu leé ki fuu goo-dsa ma-ja jmo dsa ki' Derecho, ki' Dsa suu- nia-jä jma tï lö' e ja e dsi' e a sía e sa dsi dsa-li' geé fu di' dsa.</para>
         </listitem>
         <listitem>
            <para>La-ju Derecho ru tö ñi mo-gui la, a sía e li jma-suu' ha.jua a sía la jä ru-tö – o – no lue la ja juä' Nacíones Unidas.</para>
         </listitem>
      </orderedlist>
   </article>
   <article number="30">
      <title>Artículo 30</title>
      <para>Ji-jua-e I ru-tö ñi Declaraciö la a jne jua' tu chi-ñi' Na-jua kö Estado, o kö siä' dsa o jä dsa li-jne' jmo' dsa o kï' dsa Derecho sa ru tö ñi Declaracíö la.</para>
   </article>
</udhr>