<?xml version="1.0" encoding="UTF-8"?>

<!--© The Office of the High Commisioner for Human Rights-->

<udhr iso639-3='gug' xml:lang='gn' key='gug' n='Guaraní, Paraguayan' xmlns="http://www.unhchr.ch/udhr">
   <title>TEKOVE YVYPORA KUERA MAYMAYVA DERECHO KUAAUKAHA</title>
   <preamble>
      <title>[Preamble]</title>
      <para>(preamble missing)</para>
   </preamble>
   <article number="1">
      <title>Art. 1</title>
      <para>Mayma yvypóra ou ko yvy ári iñapytl'yre ha eteîcha dignidad ha derecho jeguerekópe; ha ikatu rupi oikuaa añetéva ha añete'yva, iporâva ha ivaíva, tekotevê pehenguéicha oiko oñondivekuéra.</para>
   </article>
   <article number="2">
      <title>Art. 2</title>
      <para>Mayma yuypóra oguereko derecho ha libertad kuéra ko Declaraciónpe oîva, oñemaña'yre mba'eichaguapa i-ráza, ipire color; kiñápa terâpa kuimba'e, iñe'ê, i-religión, iñopinión política, hetâ, ha'épa mba' rerekoha, oîpa yvate terâpa nahániri sociedad ryepype, hamba'e.</para>
      <para>Mba'eveichagua jeporavo avei ndoiók va'erâ oñemañanguévo hetâ situación rehe, legalmentepa mba'éicha oî, ha'épa isâsopyre, oguatáva ojeheguiete, térâpa oî ambue tetâ ndiv térâ ipoguype.</para>
   </article>
   <article number="3">
      <title>Art. 3</title>
      <para>Mayma tapicha oguereko derecho oikovévo, piporúvo ilibertad ha ojerrespetávo ipersona.</para>
   </article>
   <article number="4">
      <title>Art. 4</title>
      <para>Avavépe ndojeguerekói va'erâ esclavo térâ tembiguái ramo; mba'eveichagua esclavitud térâ tapicha jejogua ha ñevende ndaikatúl oiko.</para>
   </article>
   <article number="5">
      <title>Art. 5</title>
      <para>Avavére ndoikova'erâi ñembosarái vai térâ ñambohasa asy, humano rekore ndojojáiva.</para>
   </article>
   <article number="6">
      <title>Art. 6</title>
      <para>Mayma yvypóra oguereko derecho ojehechakuaávo ichupe opaite handárupi ha'eha peteî máva leiduéra renondépe.</para>
   </article>
   <article number="7">
      <title>Art. 7</title>
      <para>Maymavaite: peteîchante léi renondépe ha oguereko, mba'eveichagua jeporavo'yre, derecho peteîcha léi oñangarekóvo hese. Maymáva oguereko derecho peteîcha oñeñangarekóvo hese. Maymáva oguereko derecho peteîcha oñeñangarekóvo hese opaichagua jeporavo ohóvagui ko Declaración cóntrape, ha opa ñeha'â oikóvagui jeporavorâ.</para>
   </article>
   <article number="8">
      <title>Art. 8</title>
      <para>Mayma yvypóra oguereko derecho oñangarekóvo hese hekoitépe tribunal kuéra oîva hetâme, omo'â haguáicha ichupe umi opyrûsévagui iderecho kuéra rehe oÎva constitución a léipe.</para>
   </article>
   <article number="9">
      <title>Art. 9</title>
      <para>Avavépe ndaikatúi mbaretépe reínte oñedetene, ojegueraha preso terá oñemosê hetâgui.</para>
   </article>
   <article number="10">
      <title>Art. 10</title>
      <para>Mayma yvypóra oguereko derecho, peteîchapánte, ohendúvo ichupe idespáchope ha justicia ojerure haichaite, peteî tribunal oguatáva ojeheguiete ha oporolado apo'yva, oñemyesakâta java iderecho ha obligación huéra, ha avei ojehesa'yjóratô oñembojáva hese tembiapo vai'éi cóntrape ohóva.</para>
   </article>
   <article number="11">
      <title>Art. 11</title>
      <orderedlist>
         <listitem>
            <para>Oñembojáro peteî tapicháre hembiapo vai hague, oguereko derecho oñepensávo hese nda'upeichaiha, nahesakâi aja ha'eha culpable; pe ñemyesakâ oido va'erâ tribunalpe, ha oguereko va'erâ upépe mayma garantía oikotevêva oñedefende hagua.</para>
         </listitem>
         <listitem>
            <para>Avavépe noñecondeva va'erâi ojapo térâ ndojapói haguére peteî mba'endaha'éiva delito upe java, tetâpypegua léi térâ tetânguéra léipe guarâ. Noñeme'ê va'erâi avei castigo pohyve léipe oîvagui oiko jave delito.</para>
         </listitem>
      </orderedlist>
   </article>
   <article number="12">
      <title>Art. 12</title>
      <para>Ndaikatúj oimeháicha reínte ojeikévo peteî tapicha rekovépe, hóga, hogapy térâ icarta kuérpade. Naikatúi avei ojepokóntevo héra térâ herakuâ porâre. Mayma yvypóra oguereko derecho léi oñangarekóvo hese ko'âmba'épe.</para>
   </article>
   <article number="13">
      <title>Art. 13</title>
      <orderedlist>
         <listitem>
            <para>Mayma yvypóra oguereko derecho ou ha oheovo tetâpyre ha oiporavóvo moôoikóta peteî tetâ ryepype.</para>
         </listitem>
         <listitem>
            <para>Mayma yvypóra oguereko derecho osêvo oimeraêva tetâgui, taha e jepe hetâtee, ha upéi ou jevyo hetâme.</para>
         </listitem>
      </orderedlist>
   </article>
   <article number="14">
      <title>Art. 14</title>
      <orderedlist>
         <listitem>
            <para>Ojepersegui jave ichupe, mayma tekove ikatu oho oñemo'â hagua oimeraêva tetâme.</para>
         </listitem>
         <listitem>
            <para>Ko derecho ndaikatúi ojeporu persecución oúrô justiciagui tembiapo vaikuére, térâ ojeho rupi Naciones Unidas remiandu ha rembipota cóntrape.</para>
         </listitem>
      </orderedlist>
   </article>
   <article number="15">
      <title>Art. 15</title>
      <orderedlist>
         <listitem>
            <para>Mayma yvypóra oguereko derecho hetâvo.</para>
         </listitem>
         <listitem>
            <para>Avavégui ndaikatúi ojepe'a oimeháicha reínte hetâ derecho oguerekóvagui okambiávo upe hetâ.</para>
         </listitem>
      </orderedlist>
   </article>
   <article number="16">
      <title>Art. 16</title>
      <orderedlist>
         <listitem>
            <para>Kuimba´e ha kuña maymáva, omendakuaaha tiémpo guive, oguereko derecho omdávo ha omoñepyrûvo petel ogapy. Ko´ávara ndaikatúi of problema oúva raza, tetâ, terâ religióngui. Petelcha va´era 1 derecho kuéra menda reheguáva, oiko aja kupukue hikuái menda ryepype, ha evei sapyánte oñembyairô upe imenda kuéra.</para>
         </listitem>
         <listitem>
            <para>Menda ikatu oiko umi omendátava otrô añoite petel ñe´ême upeverâ, ojeheguiete, avave ojopy´yre ichupekuéra.</para>
         </listitem>
         <listitem>
            <para>Familia ha'e sociedad apyra ha ñepyrûete, ha oguereko derecho oñangarekóvo hese sociedad ha Estado.</para>
         </listitem>
      </orderedlist>
   </article>
   <article number="17">
      <title>Art. 17</title>
      <orderedlist>
         <listitem>
            <para>Mayma yvypóra iderecho oguerekóvo imbaèteéva, ha ha'eño háicha, ha avei ambuerkuéra ndive.</para>
         </listitem>
         <listitem>
            <para>Avavégui ndojepe'a va'erâi oimeháicha reinte imbáe teéva.</para>
         </listitem>
      </orderedlist>
   </article>
   <article number="18">
      <title>Art. 18</title>
      <para>Mayma yvypóra oguereko derecho oñemonguévo ojeheguiete, iñaka, inconciencia ha ireligión he'i háicha ichupe. Ko deréchope oike ikatuha okambia ireligión ha ijerovia, avei ohechaukávo ko'âva ha'eño háicha térâ ambuekuéra ndive,opavave renondépe térâ ha'eñohápe, tekombo´e, térâ jeiko upéva he´i háicha rupive.</para>
   </article>
   <article number="19">
      <title>Art. 19</title>
      <para>Maypa tapicha iderecho oguerekóvo ijidea ha iñeñandu tee, ha upéva oikuaaukávo ojejuru mboty´yre ichupe; ko deréchope oike avavépe nonnemolestáivo marandu ha opinión kuéra, ha avei oñemosarambivo ko´âva opaite hendárupi, mayma tembiporu upevarâ oiva rupive.</para>
   </article>
   <article number="20">
      <title>Art. 20</title>
      <orderedlist>
         <listitem>
            <para>Mayma yvypóra oguereko derecho ijatyvo oñondive ha ojapóvo joaju hapicha kuéra ñorairô´yre.</para>
         </listitem>
         <listitem>
            <para>Avavépe ndaikatúi ojejopy oike hagua petel asociaciónpe.</para>
         </listitem>
      </orderedlist>
   </article>
   <article number="21">
      <title>Art. 21</title>
      <orderedlist>
         <listitem>
            <para>Mayma yvipóra oguereko derechoijávo hetâ resambyhype, ha´ete voi, yro katu hemimoîngue, h´ae oiporavo va´ekue rupive.</para>
         </listitem>
         <listitem>
            <para>Mayma tapicha oguereko derecho petelîchapante, ohupityvo cargo público kuéra hetâme.</para>
         </listitem>
         <listitem>
            <para>Mburuvicha kuéra omanda ha oisambyhy hagua teta, tetâygua kuéra ome´eê ichupekuéra upe pu´aka. Ha ko tetâygua kuéra rembipota ojechauka va´erâ elección ipotiva rupive,cada cierto tiempo oiko va´erâva, maymavaite ijahápem ha peteicha ivoto kuéra ovalehápe; avei avave oikuaa´yre mávarepa revota, ikatu haguaicha avave nandejopyiupe jeporavo apópe.</para>
         </listitem>
      </orderedlist>
   </article>
   <article number="22">
      <title>Art. 22</title>
      <para>Mayma yvypóra, ha´erupi sociedad pegua, oguereko derecho pe sociedad oñangarekóvo hese. Upevaâ pe hetâ oñeh´â mbaite va´erâ, ha tetânguéra oñopytyvô va´erâ, recurso ha organización tetâ oguerekóva rupive, maymavaite ohupity hagua hemikotevê económico social ha cultural, oiko hagua ichugui persona añetete.</para>
   </article>
   <article number="23">
      <title>Art. 23</title>
      <orderedlist>
         <listitem>
            <para>Mayma yvypóra oguereko derecho omba´apóvo ojeheguiete hembiaporâ, pe imba´apópe oñemongu´évo iporâve haguáicha, ha oñeñangarekóvo hese ani opyta trabajo´yre.</para>
         </listitem>
         <listitem>
            <para>Mayma yvypóra oguereko derecho, mba´eveichagua jeporavo´yre, pretelchante ojepagávo ichupe, petelchaterô hembiapo.</para>
         </listitem>
         <listitem>
            <para>Mayma omba´apóva oguereko derecho oganávo hekópe porâ, oikokuaa haguáicha, ha´e ha hogaygua, idignidad humana ojerure háicha. Ndohupitypáirô ichupe oimeraêva medio pytyvôrâ sociedad oguerekóvagui.</para>
         </listitem>
         <listitem>
            <para>Mayma tapicha oguereko derecho ojapóvo sindicato ha ojoajúvo hapicha mba´apohára ndive, iñinterése kuéra odefende hagua.</para>
         </listitem>
      </orderedlist>
   </article>
   <article number="24">
      <title>Art. 24</title>
      <para>Mayma yvypóra oguereko derecho opytu´úvo, ho´ureimivo nombaápoi jave; avei omba´apóvo omba´apo hagua ha´óra pevénte, ha ivacaciónvo oguahê vove jepi tiempo, ha upe aja ojepagávo ichupe.</para>
   </article>
   <article number="25">
      <title>Art. 25</title>
      <orderedlist>
         <listitem>
            <para>Mayma yvypóra oguereko derecho oikove olgadomivo, ani hagua ichupe voi, ha hogayguápe avei, ofalta ho´uva´erâ, ipohâ repyrâ, iñemonderâ, óga oiko hagua, ha ambue mba´e oikotevêva oikove hagua. Iderecho avei oguereko seguro oñemongui ramo guarâ imba apohágui, terâ katu hasy, ndovalevéi, iména mano, itujaiterei, térâ ambue mba´e rupi indojevale kuaavéi ramo guarâ ojehe.</para>
         </listitem>
         <listitem>
            <para>Sy ha mitâre oñeñangareko va´erâ iporave haguáicha. Mayma mitâ, omendáva oguereko derecho sociedad oñangarekóvo hesekuéra.</para>
         </listitem>
      </orderedlist>
   </article>
   <article number="26">
      <title>Art. 26</title>
      <orderedlist>
         <listitem>
            <para>Mayma yvypóra oguereko derecho ojehekombo´eukávo. Pejehekombo´e reínte va´erâ, pe iñepyrûetépeguánte jepe. Pe tekombo´e jehai ha jeleénte jepe hagua, ha´e va´erâ obligatorio. Profesión kuéra ha técnica ñeaprende, olva´erâ enteroitépe ohupity haguaicha. Umi universidad rupi ojeike hagua, katupyry rehente odepende va´erâ, ha mayma interesádope oñeme´êva´erâ juruja.</para>
         </listitem>
         <listitem>
            <para>Pe educación rembiaporâ ha´eva´erâ: tojapo tekove mayágui persona añetete, okakuaáva opáichavo. Omombarete va´erâ derecho ha libertad ñemomba´e guasu. Oipytyvô va´erâ olhagua jekopyty, ñoaguanta kuaa, joayhu, mayma tetâ ha raza terâ religión oñondive. Omboguata va´erâ avei umi tembiapoukapy Naciones Unidas omolva ol hagua tapiaite py´aguapy.</para>
         </listitem>
         <listitem>
            <para>Sy ha tuvakuéra oguereko derecho itendondévo oiporavo hagua mba´éichagua educaciónpa oñeme´êta imitânguérape.</para>
         </listitem>
      </orderedlist>
   </article>
   <article number="27">
      <title>Art. 27</title>
      <orderedlist>
         <listitem>
            <para>Mayma yvypóra oguereko derecho oparticipávo, avave ojopy terâ ojoko´yre ichupe, incomunidad rekotee ñeñandukápe; ombovyávo ichupe umi tembiapokue porâ hechapyrâ; avei oparticipávo umi arandu pyahu oikévape, ha umi jeiko porâve ko´âgarupi oúvape.</para>
         </listitem>
         <listitem>
            <para>Mayma yvypóra oguereko derecho oñeñangarekóvo ichupe interese moral ha material oguerekóva rehe, ha´érupimba´epyahu terâ ñe´ê yvoty, kuatia arandu térâ tembiapo hecharamomby apohare.</para>
         </listitem>
      </orderedlist>
   </article>
   <article number="28">
      <title>Art. 28</title>
      <para>Mayma yvypóra oguereko derecho ojejapóvo ichupe hetâsme ha hetânguéra apytépe, petef jeikoha oñemo´añatehape derecho ha libertd kuéra onnemolva ko Declaraciónpe.</para>
   </article>
   <article number="29">
      <title>Art. 29</title>
      <orderedlist>
         <listitem>
            <para>Mayma yvypóra oguereko tembiaporâ comunidad ndive guarâ, upépe mante ikatúgui okakuaa ha hi´aju persona haicha.</para>
         </listitem>
         <listitem>
            <para>Léi mante ikatu omol linde ikatu´yva jahasa jaiporukuévo ñande libertad kuéra, ani hagua ñapyru ñande rapicha derecho ha libertad rehe; avei jaiko hagua moral ojerure háicha, orden público oipota háicha, ha petel sociedad democrática reko py´aguapy oikotevê Háicha.</para>
         </listitem>
         <listitem>
            <para>Ko´â derecho ha libertad juéra mba´eveichvérô ndaikatúi ojeporu Naciones Unidas oipota ha opensáva cóntrape.</para>
         </listitem>
      </orderedlist>
   </article>
   <article number="30">
      <title>Art. 30</title>
      <para>Mba´evepunto ko Declaraciónpe olva noñentende va´erâi ome´ê Estádope, petel aty térâ petel tapichápe, omoñepirû ha omboguata hagua algún tembiapo ikatúva omboyke petelva jepe umi derecho ha libertad kuéra oñemboysyva ko Declaraciónpe.</para>
   </article>
</udhr>