<?xml version="1.0" encoding="UTF-8"?>

<!--© The Office of the High Commisioner for Human Rights-->

<udhr iso639-3='cjk' xml:lang='cjk' key='cjk' n='Chokwe' xmlns="http://www.unhchr.ch/udhr">
   <title>ULUMBUNWISO WAKUTELA WA MUTHU MWESWE</title>
   <note>
      <para>Ha mathangwa 10 akakweji kumi nyi aali wa mwaka wa 1948, hacikungulwila ca mucitatu ca eswe akwa ifuci ya linunga yamba, mu zuwo akulingila ikungulwila anavuluka Chaillot ku Paris, ulumbunwiso wa kulitela ca muthu mweswe. Mu kwa ca tangwa likwo, mutangwa kumi nyi kaxi kakweji wa kumi nyi tukweji aali mwaka wa 1948, mbunga ya UNESCO eswe akwacikungulwila ya sakula cize cinatela eswe ya taiza ulemu unatela hali eswe nyi ha milimo yeswe ya kululikisa.</para>
   </note>
   <preamble>
      <title>XIMBI JA UTUMINO</title>
      <para>Ha kulemesa uningikiso wa yeswe ize inatela hali mbunga yeswe ya cisemuka nyi ize inatela eswe cimwikha nyi kusa ize inatela ha kutama, ya kusamba nyi kutama kanawa mu cifuci.</para>
      <para>Kweca kulemesa uningikiso nyi kweca ize inatela hali muthu ya kuneha muvundo mba mbunge mujivunduka; hi kuhanjyeka ceswaco anazange, kupulwila ihungumwona nyi halamba, ce anakasa nyi ulemu wa manyonga ja muthu.</para>
      <para>Ha kulemesa citanga ca ulemu ca kwaha utunu wa kukolesa ulikate hakaci kaisamba.</para>
      <para>Kulemesa mukanda wa mbunga ya akwa Nacoes Unidas, kasa ceka nawa ufulyelo wa hakusa ulitele ulemu wa muthu, ulitele umuwikha haly malunga nyi mapwo, nyi ahanjikile nyi kulisela ku kolesa kwokesa ulikate nyi kusa itanga yakutwama mwono upema mu usokoka unene.</para>
      <para>Ha kulemesa makulwana ce Nguvulu kalisela ku kukolesa kupwa cimwikha nyi akwa kululika ifuci ya inunga, kuvumbika mbunga yeswe nyi ene akwa ulitele wa muthu nyi kusokoka ca ulemu.</para>
      <para>Ha kulemesa hawano manyonga a mbunga akutala hakutela nyi kusokoka ce cilemu kuhi ana hanga cipwe kulinga nyi kutela nyi ceseko.</para>
      <para>Cikungulwila ca mbunga kasa ulumbunwiso uno kulita mbunga yeswe mu cifuci nyi kulita eswe atakane nyi isamba ndo kuli mweswawo nyi kwikungulwila ya eswe, wapwa nyi uno ulumbunwiso ku mucima we, jikizenu, hanga cipwe kulongesa, hanga cyelume nyi kulita nyi utumino wa cifuci nyi ifuci ya haze, uningiko nyi kusa cifuci ceswe nyi akwamembo kuli akwakutumina nyi ku mbango jeswe kuze kuli kwakusonekesa nyi itanga yaulilelo waco :</para>
   </preamble>
   <article number="1">
      <title>LIJI LITANGU</title>
      <para>Mwese yoze masemuka katela ukulungunga ulengunga ulemu nyi vumbi eswe ci mwikha. Eswe kalingile kupwa nyi usambe nyi mangana nyi kuhasa kulimika nyumwe nyi mukwo nyi kulita nyi mbunge ya ulemu wa utu.</para>
   </article>
   <article number="2">
      <title>LIJI LYA MUHALI</title>
      <para>Mwese kanatela kupwa nyi ululi upema, kutama cipema, nyi kulita nyi ximbi ja ulitelo anakasa, kusakula hanji kutonda cicikupwaho, cipwe kulitonda mu nyaci, ca cikowa, ca kwamba ngo lunga nyi phwo, ca maliji, ca cisamba, hanji kwambango mukwa sango nyi mukwa uto, nyi hanji ngo au mukwa manyonga api, au mukwa cifuci hanji kulita, ca uphici, ca cisemwa cipwe hakutala ha cuma ceswaco. Cipicipi keci tutonda kutwala kuphande jaa upulukilo wa malinjekela, hanji mukwa haze lya cifuci hanji kwamba ngo wo ku mbonge ya nganji ximbu mwene mukwa cifuci, cinyonga ca muthu mweswe, kuxi nyumwe yoze mamba ngweni kuci nyi kuci hanji umwe mukwa kutumina munene masa cimwe citanga ca kwalumuna.</para>
      <para>LIJI LYA MUCITATU</para>
   </article>
   <article number="3">
      <title>Nyumwe mapwa kupita cipwe ungamba; upinji nyi kusumba kenya ca tupinji hi capwa kukanjisa cipwe myanda yeswe ize akulinga.</title>
      <para>LIJI LYA MUCIWANA</para>
   </article>
   <article number="4">
      <title>Nyumwe nawa mapwa kumwesa lamba, cipwe hanji kumutalatala ca mandamba, cixi nyi kheke hanji itumbu ilelu.</title>
      <para>LIJI LYA MUCITANO</para>
   </article>
   <article number="5">
      <title>Mweswawo kanatela muze maya kumwe kucihela ceswaco kumutambula nyi uthu nyi kulita nyi ximby ja cyulo.</title>
      <para>LIJI LYA MUCISAMBANO</para>
   </article>
   <article number="6">
      <title>Ku ximbi ja cyulo eswe kali cimwikha, nawa kukulita nuci kulisa mu cyulo ufunga umwikha. Eswe kanatela kwafunga cimwikha heci kupwa kulisakula ku cima kuvulumuna ulumbunwiso anakasa nawa kulimika nyi kwihya caa kwalumuna cyulo.</title>
      <para>LIJI LYA MUCIXIMBYALI</para>
   </article>
   <article number="7">
      <title>Mweswawo kanatela kupwa nyi umwe ukwasoo wa makulwana akutumina cifuci kumulamwina kuli yoze mazanga kulinga cipi wa kuciza ulite unamutela uli muximbi ja cyulo.</title>
      <para>LIJI LYA MUCINAKE</para>
   </article>
   <article number="8">
      <title>Nyumwe mapwa kukwata tungumuku hikumusa mu zuwo lya ususu, cipwe kumutumbika ximbu hanji kumutuma kumwe nyi kumusweka.</title>
      <para>LIJI LYA MUCILIVA</para>
   </article>
   <article number="9">
      <title>Mweswawo kanatela ululi, nyi kulita cimwikha, cilumbu ceswaco cipwe kusopha nyi kulita nyi kukunjika ku zumo lya kusophela hanga ipwe kwamba nyi kulita kecikuciza nyi cimwe, mamba, ngwe haulite nawa nyi uxinjilize, hakutala ha yeswe ize amusuma akulinga iye.</title>
      <para>LIJI LYA MUCIKUMI</para>
   </article>
   <article number="10">
      <title>1.Muthu mweswe asuma mulonga wa kuthaci kali wa kulamikiza ndo mulonga weni mupwa kuhwisa kanawa hakaci kambunga haze haswila waze anamukwasa nyi anamukalila anamukwacila nithaci.</title>
      <para>2.Nyumwe mahasa kuhisa nyi mulonga ximbu, lizelyene au linga, nawa konda ucipwa kwamba nyi kulita nyi cyulo caa cifuci hanji ngwe nawa nyi yulo ya ifuci yeswe mumu cimwikha, ca telele kulinga mulonga ukolo kuhyana ngwe cize anakasa ha ximbu muze mulonga hi wapwa.</para>
   </article>
   <article number="11">
      <title>LIJI LYA MUCIKUMI NYI KAXI</title>
      <orderedlist>
         <listitem>
            <para>Nyumwe mahasa kunjila kuphande jambala jinalipalikila, hanji ku zuwo, mu cisemuka hanji kuma kweswako kuze kakutambikileko cipwe kwambujola, hanji kuciza vumbi nyi ulemu wenyi.</para>
         </listitem>
         <listitem>
            <para>LIJI LYA MUCIKUMI NYI AALI</para>
         </listitem>
      </orderedlist>
   </article>
   <article number="12">
      <title>Nyumwe mahasa kunjila kuphande jambala jinalipalikila, hanji ku zuwo, mu cisemuka hanji kuma kweswako kuze kakutambikileko cipwe kwambujola, hanji kuuciza vumbi nyi nlenu wenyi.</title>
      <para>LIJI LYA MUCIKUMI NYI AALI</para>
   </article>
   <article number="13">
      <title>Nyumwe mahasa kunjila kuphande jambala jinalipalikila, hanji ku zuwo, mu cisemuka hanji kuma kweswako kuze kakutambikileko, cipwe kwambujola. Muthu mweswe kanatela kupwa nyi uhamwino wa ximbi ja cyulo kukinda waze akunjila kuphande jambala kuze kakutambikeleko.</title>
      <orderedlist>
         <listitem>
            <para>LIJI LYA MUCIKUMI NYI ATATHU</para>
         </listitem>
         <listitem>
            <para>Muthu mweswe kanatela kwenda kweswako kuze anazange nyi kutonda haze muthunga mucima muze muli nguvulu.</para>
         </listitem>
      </orderedlist>
   </article>
   <article number="14">
      <title>2.Muthu mweswano kanatela kukathuka mu cifuci cenyi nyi kuya mu ifuci yeswayo, mba mufuna nana mu cifuci cenyi.</title>
      <orderedlist>
         <listitem>
            <para>LIJI LYA MUCUKUMI NYI AWANA</para>
         </listitem>
         <listitem>
            <para>Ha ximbu ya ungeji, muthu mweswawo mahasa nyi kanatela kufupha kuze mahasa kutama nawa mu kumukwasa nyi kutama mu ifuci ikwo.</para>
         </listitem>
      </orderedlist>
   </article>
   <article number="15">
      <title>LIJI LYA MUCIKUMI NYI ATANO</title>
      <orderedlist>
         <listitem>
            <para>Muthu mweswe kanatela kupwa nyi cifuci cimwikha.</para>
         </listitem>
         <listitem>
            <para>Nyumwe mahasa ku muciza kuthaci mu cifuci cenyi, cipwe kanalela kwalumuna cifuci.</para>
         </listitem>
      </orderedlist>
   </article>
   <article number="16">
      <title>LIJI LYA MUCIKUMI NYI ISAMBANO</title>
      <orderedlist>
         <listitem>
            <para>Cize ha ximbu ya kulimbata, lunga nyi phwo nyi kapwile nyi katonde, wa cikowa, cisemuka, hanji cifuci, matela kuli mbata mapwa usoko. Muze halimbata eswe mapwa nyi ulemu cimwikha ndo hasongo.</para>
         </listitem>
         <listitem>
            <para>Kulimbata ca kupwa ca kuzanga nyi kulita cize makatama ximbu ya kulute.</para>
         </listitem>
         <listitem>
            <para>Usoko uli yoze muthu mwene nawa uli mukaci kayi ningi nyi unatela kupulwila mukaci kambunga nyi nguvulu.</para>
         </listitem>
      </orderedlist>
   </article>
   <article number="17">
      <title>LIJI LYA MUCIKUMI LYA XIMBYALI</title>
      <orderedlist>
         <listitem>
            <para>Muthu mweswe, cipwe ukhaweni hanji munji, kanatela kupwa nyi cihela cenyi.</para>
         </listitem>
         <listitem>
            <para>Nyumwe yoze maha kumutambula kuthaci cihela cenyi.</para>
         </listitem>
      </orderedlist>
   </article>
   <article number="18">
      <title>LIJI LYA MUCIKUMI NYI NAKE</title>
      <para>Muthu mweswe kanatela kuthama cipema ku xinginyeka ceswe anazange, manyonga nyi mbonge.</para>
   </article>
   <article number="19">
      <title>LIJI LYA MUCIKUMI NYI LIVA</title>
      <para>Muthu mweswe kanatela kuhana cyulo nyi kuhanjika liji ali nalyo.</para>
   </article>
   <article number="20">
      <title>LIJI LYA MAKUMI AALI</title>
      <orderedlist>
         <listitem>
            <para>Muthu mweswe kanatela kulinga cikungulwila nyi nawa kuli kungulula nyi waze akwakuyula.</para>
         </listitem>
         <listitem>
            <para>Nyumwe mahasa kuhandununa mukwo mu cikukunglwila.</para>
         </listitem>
      </orderedlist>
   </article>
   <article number="21">
      <title>LIJI LYA MAKUMI AALY NYI LIMWIKHA</title>
      <orderedlist>
         <listitem>
            <para>Muthu mweswe kanatela kupwa haze anasophela mbunga phande ja cifuci cenyi kupwa ha cixina cipwe hanji kuli yoze wapwanga kusakula.</para>
         </listitem>
         <listitem>
            <para>Muthu mweswe mahasa kusalakana, hakutala nyi kulita ca milimo ya mbunga ya mu cifuci cenyi.</para>
         </listitem>
         <listitem>
            <para>Cize azanga mbunga cee akhikhila akwakutumina ha kutama kanawa ca mbunga; lino zango linatela kuhanjika ha ximbu muze akusakula ca kulita cinatela cihela ha ximbu lya kusakula eswe nyi mbunge imwikha nawa kusakula ca kusweka, hanji kusula itanga inalitela nyi kusakula.</para>
         </listitem>
      </orderedlist>
   </article>
   <article number="22">
      <title>LIJI LYA MAKUMI AALI NYI AALI</title>
      <para>Muthu mweswe, ximbu kali mukulwana wa cikungulwila, kanatela ufunge wa yeswe, uli nyi xindakenyo ya kuliwahisa ha upite, ulikate nyi yako ya cisemuko ize ya kuneha ulemu nyi ukoleso wa muthu, cize cinalite nyi thaci ja cifuci nyi ya haze, yeswe mumu ha ululiko nyi ha upite wa cifuci.</para>
   </article>
   <article number="23">
      <title>LIJI LYA MAKUMI AALI NYI ATATHU</title>
      <orderedlist>
         <listitem>
            <para>Muthu mweswe kanatela milimo, kusakula milimo ize azanga feto linalite nyi kwaso linalite nyi milimo nyi ufunga kucina kufa ca milimo.</para>
         </listitem>
         <listitem>
            <para>Eswe kanatela, heci kupwa katonde, feto limwikha nyi milimo imwikha.</para>
         </listitem>
         <listitem>
            <para>Yoze wakalakala katela feto linatela mulikwasa kutekula asoko, yuma inatela ha mwono wa muthu nyi mu citela kuhana ukwaso weswe.</para>
         </listitem>
         <listitem>
            <para>Muthu mweswe kanatela kulinga, nyi akwo, cikunguwila ca kupulwila hanji kupwa ku mwikha nyi kungulwila ufunga wa kupulwila zango lyenyi.</para>
         </listitem>
      </orderedlist>
   </article>
   <article number="24">
      <title>LIJI LYA MAKUMI AALI NYI AWANA</title>
      <para>Muthu mweswe wakalakala katela kuhwima nyi yuma ikwo ya ciseke ngwe ximbu likehe lya kuhwima milimo nyi kuhana feto ha ximbu akuhana hamwaka.</para>
   </article>
   <article number="25">
      <title>LIJI LYA MAKUMI AALI NYI ATANO</title>
      <orderedlist>
         <listitem>
            <para>Muthu mweswe katela kutama cipema ha mwono wenyi kupwa nyi imwe ndambu mwikwasa kuka mujimba hanga atame cipema nyi kutekula asoko, kulya, kuzala, kupomba nyi mbuki nyi nawa ku milimo imwe ya mbunga ya cilemu, nawa nawa kanatela ufunga, wa kucina kukatuka ha milimo, ha ikola, nyi yuma ikwo ikehe ikehe ha kufisa ha uxinakaji nyi nawa ha kutokesa ceswaco cize cilemu ca kukwasa ha mwono ucikuhasa kutama kanawa.</para>
         </listitem>
         <listitem>
            <para>Kufungwila nyi wanuke inatela ukwaso umwe uze unahyana. Ana eswe waze anasemukina kuli waze alimbacile ku usoneko wa kaphutu, mu ingeleja nyi waze anasumuka cize cene, eswe kanatela ufunga wa mbunga yeswe.</para>
         </listitem>
      </orderedlist>
   </article>
   <article number="26">
      <title>LIJI LYA MAKUMI AALI NYI ASAMBANO</title>
      <orderedlist>
         <listitem>
            <para>Muthu mweswe watela kulilongesa. Kulongesa ndo kupwa ca wana, cize kama akuputukila ca wanuke nawa. Kulongesa ca uputukilo uli ca kuzangisa. Kulongesa waze hahasa cinji kutanga nyi kusoneka, kuhasa kulinga milimo, ya kutungisa mazuwo, yawu, kufula kamanga, kufula photololi ikwoyekha nyi yekha; cinatela kuheta kuli eswe nyi ulite umuwikha.</para>
         </listitem>
         <listitem>
            <para>Kulongesa cinapu kwazulula meso nyi kuningika kupwa nyi mana analite ny muthu, kukolesa vumbi ku ize inatela muthu kutwama kanawa. Kulongesa catamba kukwasa uningikiso, uxixiko nyi usepha mu khaci ka yeswe, mbunga eswe a ikowa hanji a ufulyelo, hanga akolese milimo ya ifuci yalinunga (Nacoes Unidas) hanga ukulungunga utwame.</para>
         </listitem>
         <listitem>
            <para>Cifuci ceswe cili, nyi ulite wa kusakula ilongesa inatela hali tanuke twenyi.</para>
         </listitem>
      </orderedlist>
   </article>
   <article number="27">
      <title>LIJI LYA MAKUMI AALI XIMBYALI</title>
      <orderedlist>
         <listitem>
            <para>Muthu mweswe kanatela kupwa cimwikha, kuze analilongesela kuhasa yuma ya cifuci, kuningika ulemu wa tuponya akulinga nawa kwezela uningike, mba whase kutala ize ya kutuhukako.</para>
         </listitem>
         <listitem>
            <para>Mweswe kanatela kupwa nyi ufunga wayeswe, waze akwa itanga ipema nyi kusolola itanga yamana yalitela nyi ize analinga aco yee mwe mukwama.</para>
         </listitem>
      </orderedlist>
   </article>
   <article number="28">
      <title>LIJI LYA MAKUMI AALI NYI NAKE</title>
      <para>Muthu mweswe katela kupwa nyi cimwe cuma ha kaci kambunga nyi mu ifuci yeswe, umwe utumina ngwenyi ulitele nyi kwecele nyi kulita cize anakasoneka munu hasa kwana itanga yaco.</para>
   </article>
   <article number="29">
      <title>LIJI LYA MAKUMI AALI NYI LIVA</title>
      <orderedlist>
         <listitem>
            <para>Muthu uli nyi ulite nyi kupwa ha kaci kakwo nawa waze analilulyeka nyi nawa ha kulivaco ce mu cihakupwa.</para>
         </listitem>
         <listitem>
            <para>Ha kulinga milimo ya ulite we nyi kutama cipema, muthu mweswe alyoze ndo kanatela kuningika ximbi jaa utumino wa nguvulu ize inatela kufunga uningikiso nyi ulite wa vumbi nyi kulinga nawa ikwo yakukwasa haize anambe, hakutala ha kukwasa ca mbunga nyi kutama cipema ha ximbu ino ya kwalumuna itanga kusa nguvulu masa ize inatela hali mbunga nyi ufunga</para>
         </listitem>
         <listitem>
            <para>Jino ximbi, ja ulitelo nyi kutama cipema jici kuhasa, ku ceswaco cize mu cipwaho, uputukilo uno wa mbunga aakwa ifuci ya linunga (Nacoes Unidas) jicikuhasa kupwa kuphyangula.</para>
         </listitem>
      </orderedlist>
   </article>
   <article number="30">
      <title>LIJI LYA MAKUMI ATATHU</title>
      <para>Nyi umwe ha uno milimo mahasa kunyonga ngwe upinjiso hali Nguvulu, milimo cipwe ya athu anji hanji umwikha, cipwe yoze wakutuma hanga akalinge cimwe cuma ca kutala ha kupihisa ino analweza hana ya kutala ca kutama ci pema nyi ulite.</para>
   </article>
</udhr>