<?xml version="1.0" encoding="UTF-8"?>

<!--© The Office of the High Commisioner for Human Rights-->

<udhr iso639-3='hni' xml:lang='hni' key='hni' n='Hani' xmlns="http://www.unhchr.ch/udhr">
   <title>DAVQTAV COLPYUQ EILDOQ</title>
   <preamble>
      <title>BEI DOQ</title>
      <para>Byulssaq aqnaol yoqhhovq yoqhaol e colssaq jav wuq bo e colpyuq, meeqduq, aqsol liq qiq kov bi dei e xil mol laoq,davqtav byulcol jol sal bi duv e daoqpeiq nga.</para>
      <para>Colpyuq yaol maq hu dav ssolnei hu nil zaq e taoqgao gaomiaoq xil mavq, byulssaq aqnaol e neemeeq zaolcavq lal alnei, col aqsol liq doq taol yal, aqsol liq aqsol sol e aqpyuq saolpyuq qivq ya slq, laol ngaoq aqya maq bi naqguv, maq bi saolsaq laqmeil e huvqlavq bi hev lal e xil mol laoq aolzaq ssaq laol hal pyuqzeiq e neenyuq nga leil bi eil loq.</para>
      <para>Byulssaq aqnaol yoqhha meeqduq haoqleev movq bal nei, ssyuqbeil cei lal e salcol naogo wuqhol jil lal e maq nyuq meil tuv kavq lei e miaoqdyul maq bi duv movq bal nei,col e colpyuq yo’liq nei haoqleev qivq laq meil e laolkaol kaol movq.</para>
      <para>Goqjal kalla gaqqo hhyulqoq meiqzaq zeqlal leil bo alnei, Lieiqhoqgoq goqjal e ssaqlaol lielqhoqgoq xieifzal hholqei nei yoqduhhaq e zaoma nei colpyuq,meeqyaovq ssolnei hhaqpyuq eilloq pal, miqyo qiq kov bi dei e doqcaol liq bi zil lal,xil mol lo'qo meil coljol aqzeiq bi sal e huvqlavq bi duv lal movq.</para>
      <para>Lielqhoqgoq tao'li laq e goqjal hal mol liq lieiqhoqgoq naogo bao alnei,colpyuq ssolnei zaoma nei yoqjol yoqpyuq hal yil milnia bi hupyuq ssolnei saolpyuq movq bal nei.</para>
      <para>Colpyuq ssolnei yoqpyuq xil mavq dyu nei hu loq nia alngaoq,dalja neenyuq lo'qo miqnieiq aol meeq qivq gaoq.</para>
      <para>Xilmeil nei niaoq'aol,</para>
      <para>Doq zil,</para>
      <para>Davqtav coljol pyuq e eildoq xil mol eil gaq,haljol e ssaqlaol ssolnei haljav e goqjal hhaqhav tivq meil aol hev miaoqma bi gee, col hal qiq col ssolnei seiqhyuf jilgef hal qiq mol meil cev cev nei eildoq xil kaoq bi zol nyuq, yohav meil meiqnyuq miq ssolnei meiqgaol miq alnei colpyuq ssolnei yoqpyuq yaol bi hu dav, goqjal ssolnei goqjif lulsul dalqeiv yaol dal alnei, col e colpyuq ssolnei yoqpyuq xil mavq, hyufyeiqgoq yolsaol alka, eildoq xil kaoq dyu nei bi qeq movq dyu neibi nalhaq movq:</para>
   </preamble>
   <article number="1">
      <title>YOBEI QIQ KAOL</title>
      <para>Aqsol liq yoqdeivq yoqpyuq bo, meeqyaovq ssolnei colpyuq qiq kov dei. Davqtavcolssaq neenyuq bel neema meeq ya siq, laongaoq meilnaol nadul meil e gaq ssol hhyul hha bavqduv nia.</para>
   </article>
   <article number="2">
      <title>NIQKAOL QIQ KAOL</title>
      <para>Aqsol liq eildoq xil kaoq buvqdav laq e colpyuq ssolnei yoqpyuq saqnei hha lalqaol,colqa,malsaq, miqyo,doqsii,zaoljaof,zeiqziif ssolnei aqnu aqnia leil qiqjivqmaq bil, goqjal hal mol jolssaq, huvqlavq hal qa bossaq, zeiq ssol zal miaq ssolnei naoq,deivqduq meeq maqmeeq leil xil mavq qiq jivq maq bil,aqsol liq qiqqa hha bi qa.</para>
      <para>Laolngaoq col qiq hhaq ba zaq e goqjal, maq na aq milca e zeiqziif ssolnei siqzeif maq paoq ya leil nei, maq qiq qa meil maq hha bil,goqjif jolduq jolhhal maqpaoq ya leil nei maq qiq qa meil maq hha bil, noqya milhaoq ngaqya milhaoq hameilleil paoq mov paoq maq paoq movq taq.</para>
   </article>
   <article number="3">
      <title>SAOQKAOL QIQ KAOL</title>
      <para>Aqsol liq wuqhol,yoqpyuq ssolnei yoqjol sal e colpyuq bo.</para>
   </article>
   <article number="4">
      <title>YUVQKAOL QIQ KAOL</title>
      <para>Jeilma ssolnei ssaqhav qiq hhaq liq maq gee; Col yaol Jeilma ssolnei ssaqhav bi gee miqnieiq, ssaqhav hhelpal pal e miqnieiq sev'lev nei alciiv liq maq bi duv.</para>
   </article>
   <article number="5">
      <title>NGAVQKAOL QIQ KAOL</title>
      <para>Col qiq hhaq yaol liq saqjal taq jai miq,qiq hhaq yaol liq lavqmoq taq saoq miq, maq gee haoq e doqhav taq gee miq.</para>
   </article>
   <article number="6">
      <title>KUVQKAOL QIQ KAOL</title>
      <para>Halgei milca jol e liq faqliq meiqsi e colpyuq aqsol liq hha bi ssiil.</para>
   </article>
   <article number="7">
      <title>SIIVQKAOL QIQ KAOL</title>
      <para>Faqliq meiqsi aqsol liq qiq kov del, faqliq nei haoqleev laq e meeqduq aqsolliqqiq kov dei,qiq qa liq maq bi hu nil. Haoqleev meeqduq aqsol liq qiq kov dei nei hha,xil meil e ngaoq,eildoq xil kaoq lo'qo maq ngeel meil hu nil lal e miqnieniq nei zaolkyuq lal zelq ya leil maq guv sso.</para>
   </article>
   <article number="8">
      <title>XIEIVQKAOL QIQ KAOL</title>
      <para>Xieiffaq ssolnei faqliq lo'qo bivq laq e zaoma nei colpyuq maq jav meil zaolkyuq lal tyul taq, aqsol liq hoqhhyu zaq qivq e goqjal faqtiq yaol dal alnei,zaolkyuq laq e qiq pyu yaol meeqzav nei haoqleev qivq.</para>
   </article>
   <article number="9">
      <title>HHYUQKAOL QIO KAOL</title>
      <para>Qiq hhaq liq qiq meil leil maq bi nieivq teiq,maq bi nieivq tao, maqbi leiqzei.</para>
   </article>
   <article number="10">
      <title>CEILKAOQ QIQ KAOL</title>
      <para>Miavpyuq heq nil maq ceil lal,aqnu hhaqhav maq lavsiv laq meil e faqltiq yaol dal alnei,aqsol liq saqnei qiq kov dei laq meil meiqzaq bu'loq nei,loqleil nei ceilsoq qivq,xilmeil e ngaoq, aqyoq e meeqduq ssolnei meeqhhaq lo'qo,aqyoq hultav eilduv laq e miaoqzyul meiqzaq ceilsoq qivq.</para>
   </article>
   <article number="11">
      <title>CEILTTVQ QIQ KAOL</title>
      <orderedlist>
         <listitem>
            <para>Siqsiif miaoqzyul zuv nga lell ellcuvq sso e col,alkaq pil e hholqel guqwuq bo e yildyw maq luv ssolnei faqliq lo'qo meil zyul zuv nga leil maq celloq e miqteil,zyul maq zuv leil e colpyuq bo.</para>
         </listitem>
         <listitem>
            <para>Col hal qiq col miqnieiq hal qiq qa duv mal maq duv liq, miaoqgal ceilloq e yil taq,goqjal yo'liq ssolnei goqjif yo'liq lo'qo siqsiif zyul maq ca e col,siqsiif zyul ca nga leil maq bi sol hhaq. Siqfaq zaol e zyul zuv tyul taq hha guq e faqliq hultav maq bi kyuq zeiq.</para>
         </listitem>
      </orderedlist>
   </article>
   <article number="12">
      <title>CEILNIQ QIQ KAOL</title>
      <para>Col hal qiq col e yoqhhovq yoqzaol, laqhyul jolduq ssolnei yil ssol lal e soqhhaq taoldoq xil mavq, hal ngeel movq meil maq bi lav siv,aqyo miavhhaq ssolnei pyuqmiaol kyuq li laq meil maq hha zaol. Aqsol liq faqliq bi haoqleev e colpyuq bo,xil meil ngaoq lavsiv lal zaolkyuq lal ya maq qil.</para>
   </article>
   <article number="13">
      <title>CEILSAOL QIQ KAOL</title>
      <orderedlist>
         <listitem>
            <para>Yoqhha goqjal milhaoq hholqei,aqsol liq jolhhal pal ssolnei jolduq qo e colpyuq bo.</para>
         </listitem>
         <listitem>
            <para>Yoqhha goqjal kevq meil goqjal hal mol yaol liq ssuqhhoq sso,yoqhha goqjal haltaq liq hhuvqdaol puv lal qivq.</para>
         </listitem>
      </orderedlist>
   </article>
   <article number="14">
      <title>CEILYUVQ QIQ KAOL</title>
      <orderedlist>
         <listitem>
            <para>Maq bi hhalhhuvq movq bal nei,aqsol liq aqnu goqjal a xieivhhovq duq qoyil sso,xieiv liq xeivhhovq sso.</para>
         </listitem>
         <listitem>
            <para>Zeiqziif pyu zyulgol maq ngeel meil aqnu zyul ngeeljil meil zuv,maqnasiq lieiqhoqgoq e eildoq maq nalhaq meil zaolzyul alnei nieivq lal taq,aqnu goqjal a maq xieivhhovq qivq.</para>
         </listitem>
      </orderedlist>
   </article>
   <article number="15">
      <title>CEILNGAVQ QIQ KAOL</title>
      <orderedlist>
         <listitem>
            <para>Aqsol liq yoqhhaq e goqjiq jav nga.</para>
         </listitem>
         <listitem>
            <para>Aqsol sol e goqjiq hal ngeel aqmeil maq suqzei qivq,aqnu aqya goqjiq pal ma leil maq bi pal meil liq maq kaq.</para>
         </listitem>
      </orderedlist>
   </article>
   <article number="16">
      <title>CEILKUVQ QIQ KAOL</title>
      <orderedlist>
         <listitem>
            <para>Colhav aqsol liq miqssaq seq,sulmil yil leil bo,colqa,goqjiq ssolnei zaoljaof yulmavq yaol maq nyuq sso nga.</para>
         </listitem>
         <listitem>
            <para>Ssaqmiq ssaqyo niq pyu meil xul alnei naolngaoq, yovqhhovq maq cuv qivq.</para>
         </listitem>
         <listitem>
            <para>Yovqhhovq aq aoq milhaoq huvqlavq hholqei luvcuv qiq slq,baoqgeel qiq geelnga,tyulmeil nei goqjal laoq ngaldu yovqhhovq yaol haoqleev nia nga.</para>
         </listitem>
      </orderedlist>
   </article>
   <article number="17">
      <title>CEILSIIVQ QIQ KAOL</title>
      <orderedlist>
         <listitem>
            <para>Aqsol liq yoqzeiq ssolnei tavqhoq laq e sulzeiq leil jav.</para>
         </listitem>
         <listitem>
            <para>Col hal col e zeIq zal hal ngeel aqmeIl maq koq haoq.</para>
         </listitem>
      </orderedlist>
   </article>
   <article number="18">
      <title>CEILXEIVQ QIQ KAOL</title>
      <para>Aqsol liq yoqhhaq e neenyuq leil bo, neegaol leil bo,zaoljaof halmeil hhei movqleil bo nga; Xil kaoq laoq yoqhhaq e zaoljaof halmei pal movq halmeil qeq movq leil liq kevq,aqnu yoqhhaq qalsol meillaq,maq na siq aq zaoqgao meil laq, bilduvmeil laq,xieivhhovq meil laq leil yoqhhaq na dovq.</para>
   </article>
   <article number="19">
      <title>CEILHHYUQ QIQ KAOL</title>
      <para>Aqsol liq yoqhhaq halmeil nyuq,halmeil zaolma leil e doqmee doqzaq eilduv sso:Xil kaoq laoq hal nyuq e dyul aqnu col maq bi lavkavq leil e qeiqlif kevq nga,aqnu alka col yaol dal alnei,yoqhhaq e neenyuq dyul goqjal maq paoq colmav bi hevma bi qeq ma leil e qieiqlif liq kevq.</para>
   </article>
   <article number="20">
      <title>NIQCEIL E QIQ KAOL</title>
      <orderedlist>
         <listitem>
            <para>Aqsol liq laolzav nei ssaoq ssolnei jol e qieiqlif jav.</para>
         </listitem>
         <listitem>
            <para>Aqsol liq aqya maq xul meil xilmeil bazaq yulmeil bazaq kalleil maqbi gul.</para>
         </listitem>
      </orderedlist>
   </article>
   <article number="21">
      <title>NIQCEILTIVQ QIQ KAOL</title>
      <orderedlist>
         <listitem>
            <para>Aqsol liq yoqhhaq buiduq meil liq hhaq,xul laq meil colceit ceilduv alneiliq hhaq laq meil,yoqhha goqjal e miqnieiq aolhaol e qieiqlif jav.</para>
         </listitem>
         <listitem>
            <para>Aqsol liq slqhel dei nei yoqhhaq e goqjal e miqnieiq aol e qieiqlif jav.</para>
         </listitem>
         <listitem>
            <para>Ngaldu ssaqlaol e neenyuq laoq zeiffu miqnieiq aolhhaq bi bo e daoqpeiq, daoqpeiq xil peiq laoq naomeeq ceil laq meil dalja gulssaoq taoqngaoq bi peiq,dalja neema dei nei teqpiaof teq alnei hha gee.</para>
         </listitem>
      </orderedlist>
   </article>
   <article number="22">
      <title>NIQCEILNIQ QIQ KAOL</title>
      <para>Ngaldu aqsol liq aoq milhaoq huvqlaq alka col qiq col ngeel,aqsol liq seifhyufbaozaf hha jav,aqsol liq yoqhha bal nei ziljifseiqhyuf ssolnei weiqhuaf meeniapyu meil hal guq e qieiqlif hha bi duv lal. Duv lal e xildyul laoq goqjal ssolneigoqjif hholqei zaoqgao meil hhaqhav tivq alnei pieivq lal laq e nga.</para>
   </article>
   <article number="23">
      <title>NIQCEILSAOL QIQ KAOL</title>
      <orderedlist>
         <listitem>
            <para>Aqsol liq miqnieiq aol,xul laq meil miqnieiq qo,loqleil nei ssol za'loq hevnei miqmieiq aol e colpyuq bo, miqnieiq aolnieiq maq bi ceiv leil e laolkaol liq hha bi hhyuq siq.</para>
         </listitem>
         <listitem>
            <para>Aqsol liq miqnieiq halmiav nei aol ngaoq zeiq halmiav nei hha,qaq liq maq bi hu nil hhaq.</para>
         </listitem>
         <listitem>
            <para>Miqnieiq aolssaq aqsol liq saqbaol dei nei leevzav nei zeiq ssol zal hha, eilceiv alnei yoqbhaq ssolnei yoqhhaq laqhyul col e aolzaq hovqdol e galquv qiq kaol hha bi daol,daov guq ngaoq aqnu galquv e seiqhyufbaozaf hha bivq.</para>
         </listitem>
         <listitem>
            <para>Aqsol liq yoqhha moeqduq bal nei, gaolhyuf seqto sso, aolzaq sso.</para>
         </listitem>
      </orderedlist>
   </article>
   <article number="24">
      <title>NIQCEILYUVQ QIQ KAOL</title>
      <para>Aqsol liq hhaqnaq naq leil bo, lovhaqhaq leil bo, hhaqkyuq hhaqma siv nei miqnieiq yulna meil maq aol leil liq eilduvsso,pyuq bo laq meil hhaqnaq cev cev nei naq ma leil liq eilduv sso.</para>
   </article>
   <article number="25">
      <title>NIQCEILNGAVQ QIQ KAOL</title>
      <orderedlist>
         <listitem>
            <para>Miqnieiq aolnieiq hede'le nei ceiv, nalgol nal leeq,keellavq yuvqseil maqdol, miqcyuq cyuq,byuldaoq daoq,alhuvq laqhuvq lal ssolnei miqnieiq maq aol zaqnia meil duv alngaoq,aqsol liq wuqdeiq qiq siq maq meivq sso laq meil loldal duqjav,zaqdu jolduq,peilhaoq daoduq, nalgol huduq ssolnei guq wuq bo e baollaol xilmavq saq nei aol qivq.</para>
         </listitem>
         <listitem>
            <para>Ssaq bo aqma ssolnei ssaqguq yaol aqzeiq meil hha hu meeq miq. Ssaqguq leilhal ngeel e,sulmil yil laq meil deivq laq e hao maq yil meil deivq laq e hao,saqnei qiq kov dei nei hha hu meeq miq.</para>
         </listitem>
      </orderedlist>
   </article>
   <article number="26">
      <title>NIQCEILKUVQ QIQ KAOL</title>
      <orderedlist>
         <listitem>
            <para>Aqsol liq soqhhaq zol leil taq, zolpyuq maq duv wuq bo,zolbei qiq taq, ssolnei zaoma nei zolpieiv hholqei zol e yil taq,zolpyuq taq salmiq. Aolzaq hovqdol ssolnei miaoq'aol yo'liq zolduq dyu nei zaol taq movq. Zaoma nei zolpieiv hultav dav, li zolduq,zoldav nia e col qiq kov dei nei hha bi zol.</para>
         </listitem>
         <listitem>
            <para>Soqhhaq meiq e ngaoq col e neema bi gaol lal movq balnei meiq e nga,goqjalkalla,colqa kalla ssolnei aqpyuq bavqhel e colba kalla,gaq ssol hhyul bi meeqlal movq,col ssolnei col alka maq bi deiqzaq, maq bi eilzzaq movq balnei soqhhaq meiq</para>
         </listitem>
         <listitem>
            <para>Miqyo soqhhaq hal qa bi zol leil dama na dovq.</para>
         </listitem>
      </orderedlist>
   </article>
   <article number="27">
      <title>NIQCEILSIIVQ QIQ KAOL</title>
      <orderedlist>
         <listitem>
            <para>Aqsol liq huvqlavq hholqei e soqdo yo'liq miqnieiq ba zaq sso,hhyuq jivq ceil qa e zaqlul zaqqul taolli sso,soqdo yolkol ssolnei yolkol nei aol duv laq e saqhel liq tovzavq sso.</para>
         </listitem>
         <listitem>
            <para>Yoqdu hhaq nei aolduv laq e zeiq ssol zal,aqya maqbi koqmeil haoqleev sso.</para>
         </listitem>
      </orderedlist>
   </article>
   <article number="28">
      <title>NIQCEILXEFVQ QIQ KAOL</title>
      <para>Huvqlavq ssolnei aoq milhaoq e alciivq allo galquv qiq qa lo'qo meil,eildoq xil kaoq a dav e colpyuq ssolnei yoqjol yoqpyuq pyuq qivq.</para>
   </article>
   <article number="29">
      <title>NIQCEILHHYUQ QIQ KAOL</title>
      <orderedlist>
         <listitem>
            <para>Aqsol liq huvqlavq bal nei hhaq duv movq,huvqlavq yaol maq dal meil yoqhha jivjol maq aol qiv,qhuvqlavq yaol maq dal meil,col e colpyuq qiq gal nei maq pyuq lal qivq.</para>
         </listitem>
         <listitem>
            <para>Yoqhhaq e colpyuq ssolnei yoqjol yoqpyuq bi pyuq lal e taq,faqliq galma loqo laolkaol hha laol,xilmeil laol e ngaoq aqnu col e pyuqlul liq bi jav movq balnei laol e nga,yoq pyuq ngaoq sul pyuq,sul pyuq ngaoq yoq pyuq,halpyu liq saqmal bi dei lal movq taoqngaoq,colpyuq baollaol xilmeil aol e nga.</para>
         </listitem>
         <listitem>
            <para>Colpyuq ssolnei yoqpyuq aol e,halmeil leil e qiq quv hev liq,lieiqhoqgoq e eildoq yaol naqleiq maq leiq haoq,lieiqhoqgoq e eildoq lo'qo hha aol.</para>
         </listitem>
      </orderedlist>
   </article>
   <article number="30">
      <title>SAOQCEILKAOL E QIQ KAOL</title>
      <para>Eildoq xil kaoq meeqzav zol,goljal,colba ssolnei colhhaq,hal qa leil maq bil,eildoq xil kaoq e doqkaol qiq kaol liq maq bi lav siv.</para>
   </article>
</udhr>