<?xml version="1.0" encoding="UTF-8"?>

<!--© The Office of the High Commisioner for Human Rights-->

<udhr iso639-3='quh' xml:lang='quh' key='qxa' n='Quechua, South Bolivian' xmlns="http://www.unhchr.ch/udhr">
  <title>LLAJTANCHEJNINTINPAJ QHELQESQA TUKUY RUNAJPA ATIYNINKUTA SUT'INCHASPA</title>
  <preamble>
    <title>[Preamble]</title>
    <para>Kaytaqa jatun tantakuypi, tukuynin llajtasmanta ujllachasqa runa qhelqerqanku, imakunachus kay pachapi atiyninghej kasqanta yachananchejpaj. Kay qhelqesqanku qhalichakurqa iskay chunka ujniyoj p'unchayllaña kasajtin waranqa jisq'on pachaj tawa chunka pusajniyoj wata tukukunanpaj.</para>
    <para>Manaraj runaj atiynin imachus kasqanta rimayta qallarisasparaj, qhepallanpi qhelqesunchej imakunatachus runa masikuna qhatinanku kasqanta, tukuynejpi allin kay kawsayllapuni kananpaj.</para>
    <para>Munaspa tukuypaj walej kawsay kananpaj.</para>
    <para>Munaspa tukuy ujllachasqallapuni kawsakunankuta.</para>
    <para>Munaspa qheshpi kay tukuypaj kananta.</para>
    <para>Munaspa tukuypaj khuskamanta uj munaylla junt'akunanta.</para>
    <para>Munaspa tukuy mana ujniyoj, uj llajtayojllapis kankuman jina, ayñillapipuni yanaparikuspa kawsakunankuta.</para>
    <para>Munaspa cheqan kay tukuynejpi kananta, ama kawsaqe masikuna millay pejtuspi rikhurinankupajtaj, kay jinata riman, runaj allin kayninpaj atiyninkunaqa.</para>
  </preamble>
  <article number="1">
    <title>Ñawpaj kay rimay (1)</title>
    <para>Tukuy kay pachaman paqarimujkuna libres nasekuntu tukuypunitaj kikin obligacionesniycjllataj, jinakamalla honorniyojtaj atiyniyojtaj, chantaqa razonwantaj concienciawantaj dotasqa kasqankurayku, kawsaqe masipura jina, tukuy uj munakuyllapi kawsakunanku tian.</para>
  </article>
  <article number="2">
    <title>Iskay kay rimay (2)</title>
    <para>Kay pachapi kaj chhika, tukuy mana ujniyojpata atiyninku tian kay Declaracionespi qhaparikusqanman; yana qarayojpis, yuraj qarayojpis, puka kunkapis kachun chayri warmipis qharipis kachun, qheshwa simiyojpis, aymara simiyojpis, yuraj paralyniyojpis, mayqen religionllamantapis kayta atin, chayri mayqen polìtica yuyayllapipis atisqa kayta atinman chayri waj laya runa qollumanpis. Kayta atin maynejllamantapis ima rijch'aj llawartapis sirk'asninpi apaykachaspa, qhapaj kachun, wajcha kachun, mana chijllasqachu kanan tian.</para>
    <para>Chantapis, ima rijch'aj polìtica qotumanchus uj runa atisqa kasqanraykupis, chay jawaqa mana qhawapayasqachu kanqa, jina uj qhapaj llajtamanta kachun, pay kikillanmantataj purikuj llajtayoj kachun, mana kay rimaykunamanta chijllasqachu pillapis kanqa.</para>
  </article>
  <article number="3">
    <title>Kinsa kay rimay (3)</title>
    <para>Pillapis kay kawsayman atiyniyoj, mana ujllapatachu; tukuy runaspata atiynin tian qheshpisqataj, mana walej paypaj kaymantataj karuncharikuspa puririyta, sumj kawsaypi kananpaj jina.</para>
  </article>
  <article number="4">
    <title>Tawa kay rimay (4)</title>
    <para>Mana pipis ujpaj kamachisqallanmanchu watasqa kanan tian munarisqallantapuni qhatispa, mana pipis esclavitud nisqaman sujituchu kanqa nitaj servidumbreman.</para>
  </article>
  <article number="5">
    <title>Phishqa kay rimay (5)</title>
    <para>Mana pipis mayqen laya muchuykunaman nitaj llakiykunaman ñak'arinanpaj jina tanqasqachu kanqa, mana pitapis usuchinqankuchu chayri k'umuykachachinqankuchu sua alqota jinaqa.</para>
  </article>
  <article number="6">
    <title>Sojta kay rimay (6)</title>
    <para>Tukuy kaj chhika atiyniyoj, may cheqanejllapipis, chay atiynin sumaj qhawarisqataj maynejllapipis yupaychasqataj kananpaj.</para>
  </article>
  <article number="7">
    <title>Qanchis kay rimay (7)</title>
    <para>Mayqen runa masillapis leypa ñawpaqenpi kikin derechosniyojllapuni, chayraykutaj tukuy khuskamanta atinku kay kamachisqa leyespi atikuyta, kay leyes mana allin kajmanta jark'arinanpaj. Tukuy atiyniyoj kanku kikin amaprollamantaj pillapis mana kay declaracionesta uyarispa, munasqanman jina apaykachayta munanman chayqa, munankumantaj chayqa wajchakunata qhapajkunamanta, llank'ajkunata atiyniyoj qolqesapakunamanta, ñawiyojkuna mana ñawiyojkunamanta t'aqarayta, pillapis munaspa, kay Declaracionesta mana uyarispa, munasqanman jina apaykachariyta.</para>
  </article>
  <article number="8">
    <title>Pusaj kay rimay (8)</title>
    <para>Pillapis atiyniyoj justiciata purichijkuna ñawpaqenkupi rimarinanpaj, ima juchapipis pejtusqa rikhurinman chayqa; jinamanta amparasqa llajta masisninwan khuska sumaj kawsaypi tiakunanpaj, kamachisqa leyes rimasqanman jina.</para>
  </article>
  <article number="9">
    <title>Jisq'on kay rimay (9)</title>
    <para>Mana pipis mana kajllamanta presuchasqa kanqachu, nitaj wisq'asqa manataj llajtanmanta wajnejman qharqorparisqa.</para>
  </article>
  <article number="10">
    <title>Chunka kay rimay (10)</title>
    <para>Pillapis atin, mashkha ukhu qayllankupipis kachun tukuy justiciawan rimasqanta uyarichikuyta, chijllasqa leyespi yachayniyoj kajkuna cheqan justiciata ruanankupaj; imachus derechusnin obligacionesnintaj sut'inchakunanpaj, chayri imatachus tumpasasqankuta unanchanankupaj, ley penal rimasqanman jinalla.</para>
  </article>
  <article number="11">
    <title>Chunka ujniyoj kay rimay (11)</title>
    <orderedlist>
      <listitem>
	<para>Mayqen juchawan atiykusqa runallapis, manaraj juchayojpuni kasqanta yachakusaspa, maynejllapipis atiyniyoj tukuy uyarinankupaj jina tapuykachakunanpaj ima juchasninmantachus tumpasasqankumanta, tukuy laya garantiastataj waqaychapunanku tian, mana manchikuyniyojta tukuy ima cheqan kasqanta parlananpaj jina.</para>
      </listitem>
      <listitem>
	<para>Mana pipis juchaman tanqasqachu kanqa, ruasqasninmanta, chayri ruanan kasajtin mana ruasqanmanta, mana chay ruasajtinpacha Derecho Nacional chayri Internacional rimasqanman jina jucha karqa chayqa, manataj juchan kasqanman jina asllawan llakiyta yapakunqachu.</para>
      </listitem>
    </orderedlist>
  </article>
  <article number="12">
    <title>Chunka iskayniyoj kay rimay (12)</title>
    <para>Mana pipis kawsaynin ukhupi t'ojpisqachu kanqa, nitaj llawar masisnin ukhupi, manpunitaj wasinpi sat'ikusqankurayku abususta pillapis muchunanchu tian; chayri masisninwan jinapurasqanwan ichus honranta t'akariyta munasqankumanta. Tukuy laya runa atiyniyoj leyeswan qhawachikunapaj, chay mana kaj millay, runaj kawsakuyninpi chajrukuyta munasqankumanta jark'asqa kananpaj.</para>
  </article>
  <article number="13">
    <title>Chunka kinsayoj kaj rimay (13)</title>
    <orderedlist>
      <listitem>
	<para>Pillapis atiyniyoj mana manchikuyniyoj mayllapipis purikunanpaj, kikillantaj wasichakuyta mayqen rijch'aj llajtallapipis.</para>
      </listitem>
      <listitem>
	<para>Pillapis atin mayqen llajtallamantapis llojsipuyta, kikin llajtanmantapis kachun, munaspari llajtanmantaj kutimpuyta.</para>
      </listitem>
    </orderedlist>
  </article>
  <article number="14">
    <title>Chunka tawayoj kaj rimay (14)</title>
    <orderedlist>
      <listitem>
	<para>Pitapis ayqeykachachisanku chayqa, tukuy runa kaj chhikajpata atiynin tian mayqen wasillamanpis wajyarichikunanpaj, kikin llajtanpipis kachun wajnejpipis, chay wasipi pakasqa karikunanpaj.</para>
      </listitem>
      <listitem>
	<para>Kay tukuy nisqaqa manamin runa wañuchi runaspaj jinachu rimasqa kasan, manataj pipajchus ima juchanraykupis justicia ayqeykachachisan, nitaj imatachus Naciones Unidas allin kananpaj rimayninkuna contranpi juchachakujkunapajchu.</para>
      </listitem>
    </orderedlist>
  </article>
  <article number="15">
    <title>Chunka phishqayoj kaj rimay (15)</title>
    <orderedlist>
      <listitem>
	<para>Pillapis atiyniyoj uj llajtata legitimun llajtanta jina rejsikapunanpaj.</para>
      </listitem>
      <listitem>
	<para>Mana pitapis sajramanta kallpaykuspa llajtanta wajnojtachinankuchu tian, nillataj oponekunankuchu tian waj llajtata llajtanta jina rejsikapuyta munanqa chayqa.</para>
      </listitem>
    </orderedlist>
  </article>
  <article number="16">
    <title>Chunka sojtayoj kaj rimay (16)</title>
    <orderedlist>
      <listitem>
	<para>Mana riparaspalla ima rijch'aj runa kasqanta nitaj ima laya religiontachus paypaj rejsikapusqanta, chayri ima llajtayojchus kasqanta, qharispis warmispis kallpañojña kaspaqa atiyniyoj kanku yananchakunankupaj, casamientomanta parlaspari khuskamanta kikin derechosniyojllataj kanqanku, tantallapuni kawsakusaspapis, t'aqakunqanku chaypis.</para>
      </listitem>
      <listitem>
	<para>(missing)</para>
      </listitem>
      <listitem>
	<para>Aylluqa llajtaspaj sapin kaqanrayku, atiynin tian yanapachikunanpaj tukuy llajtayoj runakunawan Estadovan ima.</para>
      </listitem>
    </orderedlist>
  </article>
  <article number="17">
    <title>Chunka qanchisniyoj kaj rimay (17)</title>
    <orderedlist>
      <listitem>
	<para>Pillapis atiyniyoj tukuy ima kapuyllamanpis, ujpallatapis kachun ashkhakunajpatapis.</para>
      </listitem>
      <listitem>
	<para>Sajramantaqa mana pij kapuyninpis t'ojpisqa kanqachu.</para>
      </listitem>
    </orderedlist>
  </article>
  <article number="18">
    <title>Chunka pusajniyoj kaj rimay (18)</title>
    <para>Pijpallatapis atiynin tian yuyasqantawan concienciantawan religionnintawan sut'inchananpajtaj qhatinanpajtaj; kay atiyqa khuskachan ima religionpis creenciapis waj jina religionmanpis creenciamanpis tukuykunanpaj, chantapis kay religiontawan creenciatawanqa mayllapipis qhapariyta atikusqanta, pipis yachananpaj chay yuyasqanwanpis, chay concienciawanpis chay religionwanpis khuskallapuni purisqanta.</para>
  </article>
  <article number="19">
    <title>Chunka jisq'onniyoj kaj rimay (19)</title>
    <para>Tukuy runakaj chhikajpata atiynin tian yuyasqanta mayllapipis qhaparinanpaj, kay atiy kamachillantaj ama pipis rimarisqanrayku t'ojpisqa kananpaj, kamachillantajmin puriyta atisqanta tapuykachaspataj unancharispataj ujkuna waillasqankuta, chayri chay tukuy rimasqata maykamallapis ninrimanta ninri purichiyta.</para>
  </article>
  <article number="20">
    <title>Iskay chunka kaj rimay (20)</title>
    <orderedlist>
      <listitem>
	<para>Pillapis atiyniyoj runa masisninwan khuska tantakuypi kananpaj, paykunawantajri, sumaj kawsaypaj kanqa chayqa, ujllachakuyta.</para>
      </listitem>
      <listitem>
	<para>Mana pipis kallparparisqachu kanqa, mayqen runa qollumantapis ujnin kaj kananpajqa.</para>
      </listitem>
    </orderedlist>
  </article>
  <article number="21">
    <title>Iskay chunka ujniyoj kaj rimay (21)</title>
    <orderedlist>
      <listitem>
	<para>Mayqen llajtayojllapis atiyniyoj llajtanta cheqa yanninta puriysichinanpaj, pay kikin kamachispa chayri munayninmanta chijllasqa llajta masisninnejta.</para>
      </listitem>
      <listitem>
	<para>Pillapis atiyniyoj, kikin derechosllawantaj, llajtanpa llajta kamachis qotuman yaykunanpaj.</para>
      </listitem>
      <listitem>
	<para>Llajta masikunaj munayninkuqa, tukuynin aylluspata sapin kasqanrayku, chay munayqa mana imaynapi kallpasqachu nitaj jark'asqachu kanqa, llajta masikuna mana manchikuyniyojta, walej kasqallanta qhawaspataj apusninta chijllanankupaj, chay chijllasqa runa llajtanku ukhupi, leyes rimasqanman jina kamachinankupaj. Kay elecciones sutiyojqa, sapa llajta kamachista chijllarina mit'a chayamujtillan ruakunan tian.</para>
      </listitem>
    </orderedlist>
  </article>
  <article number="22">
    <title>Iskay chunka iskayniyoj kaj rimay (22)</title>
    <para>Pillapis, llajta masisnin qotumanta ujnin kasqanrayku, atiynin tial llajtanpi qhawaykachayta tukuy ima walej kananpaj jina, puriytataj yacharinankama imawanchus, imaynatachus, payllamantachus chayri waj laajtaswan yanapachikuspachus llajtan kawsasqanta, chaykunata unanchaspa, allin kayta ruaspataj tukuy imapi kikin llajta masi astawan astawan runayayta atinanpaj.</para>
  </article>
  <article number="23">
    <title>Iskay chunka kinsayoj kaj rimay (23)</title>
    <orderedlist>
      <listitem>
	<para>Tukuy runaspata atiynin tian munasqanman jina llank'ananpaj, maynejllapipis llank'aspa kaswayninta mask'ananpaj, llank'aspallapunitaj kawsakuyman; chay llank'asqanmantatajri yupachikuyta, llank'ay patapitaj wasinpitaj runa jina kawsakuyta atinanpaj.</para>
      </listitem>
      <listitem>
	<para>Ujkunawan khuska llank'ay patapi ruasqanmantaqa, pillapis a tiyniyoj kikin lllank'asqanmatna, ujkuna jap'isqankuman jina kikillantataj yupachikunanpaj.</para>
      </listitem>
      <listitem>
	<para>Mayqen llank'aj runallapis llank'asqanmanta walej sonqochasqa kanan tian, paytaj yawar masisnintaj p'unchaymanta p'unchay runayaspallapuni kawsakunankupaj jina.</para>
      </listitem>
      <listitem>
	<para>Pillapis atiyniyoj, ima sajra kaymantapis jark'arikunanpaj, uj sindicatupi apuntachikuspa chay sindicatumanta ujnin kananpaj, chayri munaspa pay kikin uj sindicatuta rikhurichispa.</para>
      </listitem>
    </orderedlist>
  </article>
  <article number="24">
    <title>Iskay chunka tawayoj kay rimay (24)</title>
    <para>Mana ujllachu, tukuy atiyniyoj kanku samarinkunankupaj samarikusaspataj munaynillanku ruasqa kunanpaj, ña ruanasninta junt'aykuspaqa pillapis atiyniyoj mana munanpaj, ruasqan patapi asllawan unayta llank'anallantapuni munanqanku chayqa. Watapi uj kuti samarikuy mit'a kanqapuni, chay samarikuy mit'amantapis llank'aj runa qolqeta jap'inapuri tian, samarikuy mit'atinta lllank'anmanpis karqa jina.</para>
  </article>
  <article number="25">
    <title>Iskay chunka phishqayoj kaj rimay (25)</title>
    <orderedlist>
      <listitem>
	<para>Pillapis atiyniyoj, allin kay kawsay patapi tiakuyta munananpaj llawar masisninwan khuska, mana imamanta usurispalla runa jina kawsakuyta atinanpaj, mana mikhunamanta, mana pìachamanta nillataj jampichikuymanta; kikin atiyniyojllataj llajtanpa Seguro Social nisqawan yanapachikunanpaj, mana paypaj ima ruanapis kasqanraykuchus, onqorparisqanraykuchus, manaña llank'ananpaj jina qheparparikusqanraykuchus, imanta k'irikusqanraykuchus, warmi mana qosayoj qharichus mana warmiyoj qhepakusqankurayku, icha machuyarparisqanrayku chaychus mana paymantapuni kapuyninta runa jina kawsakunanpaj jina chinkachisqanraykuchus manaña llank'ayta atinqa chayqa.</para>
      </listitem>
      <listitem>
	<para>Onqoj warmikunawan, wawataña uywasanku warmikunawan, tukuy wawaswan imaqa, atiyniyoj kanku may chhika sumaj qhawasqa kanankupaj, tukuy ima rijch'aj millay sajrakunamantataj jark'asqa kanankupaj. Wawaspis tukuy atiyniyoj kanku, k'ipa wawasnintin rejsisqa tatasniyoj wawasnintin, tukuypuni atiyniyoj kanku llajtanku ukhupi tiakujkunawan yanapachikunankupaj.</para>
      </listitem>
    </orderedlist>
  </article>
  <article number="26">
    <title>Iskay chunka sojtayoj kaj rimay (26)</title>
    <orderedlist>
      <listitem>
	<para>Tukuypata atiynin tian uj yachay wasipi kaspa runayanankama yachakunanpaj. Pillapis qhasilla, mana uj phatata mañarispalla yachachinanku leeytawan qhelqeytawan yupaytawan yachakunankukamallapis. Kay nisqataqa mana ujniyoj qhatinanku tian. Instrucción técnica y profesional castellani simipi sutiyojqa tukuy taripanankupaj jina kanan tian. Aswan yachayniyoj kayta munajkunapajqa jatun yachay wasispa punkusnin kicharisqa kanan tian.</para>
      </listitem>
      <listitem>
	<para>Educación sutiyoj yannin tukuy runa masista, uj munakuyllapi ujllachasqa kawsakunankupaj jina, pusanantaj yanapanantaj tian p'unchaymanta p'unchay allinta runayanpaj. Educación nisqaqa yanapanan tian tukuy runa ujllachakunankupaj, mana pipis chijllaspalla may llajtayojchus runa masin kasqanta, ima religiontachus apasqanta chayri ima ayllumantachus kasqanta, jina kaspa tukuy uj llajtayojllapis kankuman jina uj munakuyllapi kawsakunankupaj Ujllachasqa Llajtaspa ruanasninta kallpachaspa, tukuy allin kayllapipuni tiakunankupaj.</para>
      </listitem>
      <listitem>
	<para>Tataswan mamaswanqa aswan atiyniyoj, ujkunamanta nisqa kanqanku, chijllanankupaj mayqen yachay wasillatapis wawasninku munayninkuman jina yachakunakupaj.</para>
      </listitem>
    </orderedlist>
  </article>
  <article number="27">
    <title>Iskay chunka qanchisniyoj kaj rimay (27)</title>
    <orderedlist>
      <listitem>
	<para>Pillapis atiyniyoj, kikin munayninmanta, khuskachakunanpaj pejtukunanpajtaj llajtanpa yachasqasninwan, yuyasqasninwan imachus llajtanpi k'acha kasqanwan ima, llajtanpata ujnin kaj kasqanraykuri atiyniyojllataj, kawsaqe masisninwan khuska, llajtanmanta sumaj kayninta jap'ikuyta, pìunchaymanta p'unchay astawan astawan jatunyachiytataj.</para>
      </listitem>
      <listitem>
	<para>Pillapis imata jinasqanmanta, ruasqanmanta, imata qhelqesqanmanta chayri parlaspa yuyayta qosqnmanta kikin pay chay nisqata ruaj jina, ruasqasninmanta jinaqasmantapis tukuy atiyniyoj qhawakapunanpaj jayk'ajllapis poqoyninta pallananpaj.</para>
      </listitem>
    </orderedlist>
  </article>
  <article number="28">
    <title>Iskay chunka pusajniyoj kaj rimay (28)</title>
    <para>Pillapis atiyniyoj, kay Declaraciones ama nisqalla jina qhepaykukunanpaj, sayachiyta ima rijch'aj runa qotusllatapis kay Declaraciones tukuy runakunaj kawsayninta allinchananpajpuni.</para>
  </article>
  <article number="29">
    <title>Iskay chunka jisq'onniyoj kaj rimay (29)</title>
    <orderedlist>
      <listitem>
	<para>Tukuj runa kaj chhika, comunidadmanta ujnin kasqanrayku, ashkha obligacionesniyoj comunidad ukhupi: runa masisnillanwan khuska kawsakuspa pillapis sumaj kayninta tariparqoytataj runayaytataj atisqanrayku.</para>
      </listitem>
      <listitem>
	<para>Democraciayoj llajta ukhupiqa pillapis leyes rimasqallanman purinqa, waqaychanapaj runaj derechosnintam ama pejtus kananpaj, tukuy llajta masikuna cheqan yannillantapuni purisqankuraykutaj llajta masikunapaj mana walej kay chinkapunanpaj.</para>
      </listitem>
      <listitem>
	<para>Tukuy kay derechostawan libertadestawanqa, mana imarayku pipis apaykachanqachu Ujllachasqa Llajtas rimasqanta wajninchayta munaspa.</para>
      </listitem>
    </orderedlist>
  </article>
  <article number="30">
    <title>Kinsa chunka raj rimay (30)</title>
    <para>Mana mayqen kay Declaracionpi rimasqa kasqan unanchakunanchu tian yuyaspa Estadowan, ima qotullamanpis, chayri pillamanpis atiyta qosqanta, mayqen rimasqa derechosnillanpis mana yupasqa kananpajqa.</para>
  </article>
</udhr>
