<?xml version="1.0" encoding="UTF-8"?>

<!--© The Office of the High Commisioner for Human Rights-->

<udhr iso639-3='cof' xml:lang='cof' key='cof' n='Colorado' xmlns="http://www.unhchr.ch/udhr">
   <title>JERA TOTE PIYANLE TSA'CHILACHI MANTA</title>
   <note>
      <para>1948 wa'tate, diciembre pete, 10 ma jo'sa, Man Junín Junla, wa sanbeleya ke'to, jera tote piyanle, Tsa'chila chuminlachi, manta larelakenue, aman ya mantalari, inte joe, jun tsankenatenchi, ya sanbeleyanann jera payilaka, in mantaka pila lare'to, yalachi tobi tileti merawola ke'sa, mantanue, pila yalabi, junshi tileti.</para>	
   </note>
   <preamble>
      <title>Niya i'to in manta lonun pa'tinun</title>
      <para>Ten ila inue, paka i'tuto nenanci, jera tote panshi jono, yari jeralela miranun joe, piyanle tsa'chilachi mantaka, monanti aratalu wini i'to, tsa'chi bolonlaka, yu'kapiyarechike tenfeno i'tonunka.</para>
      <para>Ten ila inue, piyanle tsa'chilachi mantaka, mi i'toto, junshi mira'tonan kumana kurato, layan tsa'chilaka, layan se i'ton kilakenae, junto tsa'chila fe munaranunka, panshi junshi wepanatu'to, nena'sa, tsankenan tikati ya'chi tenka janunka pano pode i'sa joe.</para>
      <para>Ten ila inue, piyanle tsa'chilachi mantaka, sonban manta shuwachun, yape tsa'chila, mantaminlaka be'ko pala ke'tusa.</para>
      <para>Ten ila inue, piyanle payila sele sonrala'sa, a'ko kuwenta jonola jonunka.</para>
      <para>Ten ila inue, tsa'chi bolonla, Man Junnín jominlachi, to tenpe chuminlari, yala tala, sen manta lare'to, sonala junshi unilala, man inin i'to, tikati se lare'to, panshi sonano junshi tileti nenano pode inolajo eke.</para>
      <para>Ten ila inue, jera payila, yala tala pura ikala jonunka, in mantaka sele kirato, junshi merato, piyanlela sele sonrala'sa, shuwachun. Junshi</para>
      <para>Ten ila inue, in mantaka, tenkachike shuwato, sejoe ti'to, layan fe sele kirala ke'chuna eke.</para>
      <para>Wa sanbeleya</para>
	  <para>Larenae</para>
	  <para>Jera tote, piyanle tsa'chilachi manta</para>
      <para>Yape, piyanle payila, tenkachikenan, kechike tenfela ke'sa, tsano pode i'chun, yalari, pila mi inaminlaka mikarenolajoe, yape, tenkachike shuwato, inte junshi orachinan, uyan payila, tsan joe ti'to, yalanan in mantaka, yalachi pe shuwalake'sa.</para>
   </preamble>
   <article number="1">
      <title>1. Manta</title>
      <para>Piyanle tsa'chila, mankarijun, junshi manta tan, in tobi jaminlajoyoe, titi mi, tenka kano min, junshi, tsa'chila tala, sen jono min.</para>
   </article>
   <article number="2">
      <title>2. Manta</title>
      <para>Jera Tsa'chila, in mantabiri, panshi junshi tileti nenano pode inojoe, kirano i'toe, ti fi'ki, nunchi nechi jonunka, ti kere imin jonunka, ti mi tanunka, na ika jonunka, o niyanti jonunka kirano i'toe</para>
      <para>Tsankenan, kirano i'toe, ya chununte ti payi jonunka o mani man tsa'kumin shiri jonunka, weyanteri tenkachike tobi, junshi payi i'to chununka, tsanjominlabinan in manta kiranojoe.</para>
   </article>
   <article number="3">
      <title>3. Manta</title>
      <para>Jera tsa'chila, panshi, tileti nenano junshi niyan nanti kela ke'tusa, manta taralae.</para>
   </article>
   <article number="4">
      <title>4. Manta</title>
      <para>Monanti, peyon junshi, eskalabo ta'sa, junshi jo'sa, manta i'toe.</para>
   </article>
   <article number="5">
      <title>5. Manta</title>
      <para>Mokananti, a'sota, padesa i'sakarin junshi pa i'to, ta'sa manta i'toe.</para>
   </article>
   <article number="6">
      <title>6. Manta</title>
      <para>Piyanle tsa'chila, ya'chi jonunka, tileti, se tila ti'sa manta tae	.</para>
   </article>
   <article number="7">
      <title>7. Manta</title>
      <para>In mantabiri, piyanlela jun tsan nan jolajoe, junto panshile kiratu'to, niyaketi se i'ton kelake nanan, ti mantaminlabeti pano pode inolajoe.</para>
   </article>
   <article number="8">
      <title>8. Manta</title>
      <para>Jara tsa'chila, panshile, yalachi manta jominka meratu'to, titi sa i'ton kela kenanan, yalachi tobi, mantamin chuminlabe pano pode inolajoe.</para>
   </article>
   <article number="9">
      <title>9. Manta</title>
      <para>Mokananti, sele kiratuminan, dono jushi lare'to eresa manta i'toe.</para>
   </article>
   <article number="10">
      <title>10. Manta</title>
      <para>Panshile tsa'chi mankaka, se i'ton joe ti'to, dochi tilatinanan, jera fetola kuwentanan, tenkachike i'sha ino, piyanle merala ke'sa, manta tae, tsankenan jun manta kiraminlaka, tuka keminlaka ta'sa, mantanan pe joe.</para>
   </article>
   <article number="11">
      <title>11. Manta</title>
      <orderedlist>
         <listitem>
            <para>Panshile tsa'chi mankaka, se kiratuminan, se i'ton kurato dochila tinanan, yari, tuka juwishiyo ke'sa manta ta e. tsankenan, ka'sale tikati sele jera kirasa, pan ano manta tae, junka tulo'tunari, yari, panshinan tileti nenano pode inojoe.</para>
         </listitem>
         <listitem>
            <para>Mokananti, ka'sale tsa nan, se i'ton kika jonunka sele mi i'tuminan, dobi eresa manta i'toe, tsankenan, panshile dono pa'tinari, nantanan, se i'tonke, dosa mantano i'toe.</para>
         </listitem>
      </orderedlist>
   </article>
   <article number="12">
      <title>12. Manta</title>
      <para>Mokananti, ya sonanunka, pu'kaka, ya'chi nalaka junshi ya'chi yaka, yu'ka kurato, pa'to nena'sa, manta i'toe. Tsanke pa'sa ina'tori, in mantaka ka'to be'ko niyaketi pano pode inojoe.</para>
   </article>
   <article number="13">
      <title>13. Manta</title>
      <orderedlist>
         <listitem>
            <para>Mo tsa'chiti, ya'chi payibi, panshi, junshi, monanti pa'tusa nenano, pode inojoe.</para>
         </listitem>
         <listitem>
            <para>Mo tsa'chiti, ya'chi payibinechi lo'to ji'to, man Jano, pode inojoe.</para>
         </listitem>
      </orderedlist>
   </article>
   <article number="14">
      <title>14. Manta</title>
      <orderedlist>
         <listitem>
            <para>Mo tsa'chiti, panshile, bene shu tanjala inanan, nun payibiti, ashilo pan a'to, chuno pode inojoe.</para>
         </listitem>
         <listitem>
            <para>In mantari, payila, bolon i'to, kika jun joe, junto tsa'chi manka, junto se i'ton pa'tinari, in mantaka jamo jino pode inola i'toe.</para>
         </listitem>
      </orderedlist>
   </article>
   <article number="15">
      <title>15. Manta</title>
      <orderedlist>
         <listitem>
            <para>Piyanle tsa'chila, nashiyonalida tano, manta taralae.</para>
         </listitem>
         <listitem>
            <para>Mokananti, nashiyonalida i'tosa tino, junshi uyan nashiyonalidaka ka'sa, mantano pode inola i'toe.</para>
         </listitem>
      </orderedlist>
   </article>
   <article number="16">
      <title>16. Manta</title>
      <orderedlist>
         <listitem>
            <para>Piyanle unilala junshi sonala, uwan i'tobi, mobe, niyan kiranbeti, junshi nunchi nechí jominka kiratu'to, ka'sala i'to, nalabe bolon i'to sona'sa manta joe,
tsankenan panshile puraka i'tonan, panshi man nena'sa manta joe.</para>
         </listitem>
         <listitem>
            <para>Ka'sala i'chunin, unilabe junshi sonabe shiri miranolajoe.</para>
         </listitem>
         <listitem>
            <para>Bolonlari, manto tsanla, se lo'sa jolajoe, junto payila, layan se ti'to kiranolajoe.</para>
         </listitem>
      </orderedlist>
   </article>
   <article number="17">
      <title>17. Manta</title>
      <orderedlist>
         <listitem>
            <para>Jera tsa'chila, mankari jono, o bolon i'to, sonano manta taralae.</para>
         </listitem>
         <listitem>
            <para>Mokananti, ya'chi tobinechi, lare'to eresa manta i'toe.</para>
         </listitem>
      </orderedlist>
   </article>
   <article number="18">
      <title>18. Manta</title>
      <para>Jera Tsa'chila, niyake tenka kano mo'kenan, Dioshika niyake kere ino mo'kinan, bolon i'to o mankari, tsankenan, tile Dioshika pa'to nenano mo'kenati, manta ta e.</para>
   </article>
   <article number="19">
      <title>19. Manta</title>
      <para>Jera tsa'chila, yalachi tenka janunka, pano manta taralae, junka monanti pashuwano i'toe, tsankenan, tibiti junshi,ya'chi tenka janunka, pano pode inojoe.</para>
   </article>
   <article number="20">
      <title>20. Manta</title>
      <orderedlist>
         <listitem>
            <para>Jera tsa'chila, tileti panshi nenano, junshi, bolon ino, manta tae.</para>
         </listitem>
         <listitem>
            <para>Mokananti, pa i'to, man bolonbi pewi'sa mantanola i'toe.</para>
         </listitem>
      </orderedlist>
   </article>
   <article number="21">
      <title>21. Manta</title>
      <orderedlist>
         <listitem>
            <para>Jera Tsa'chila, wentekajun o wini ino, ya'chi payi tenchi, mantamin ino, pode inojoe.</para>
         </listitem>
         <listitem>
            <para>Jera tsa'chila, yachi payibi, tibiti titi kena'to weyanlaka kuwentanan, sele kirala ke'sa manta taralae.</para>
         </listitem>
         <listitem>
            <para>Tsa'chi bolonla miranolajoe, niyake yalachi mantaminlaka mumun no, jun mumunchun, voto ke'to wenteno lajoe, jun wentena'sa monanti kirano i'to, ya voto kemin shiri miranojoe.</para>
         </listitem>
      </orderedlist>
   </article>
   <article number="22">
      <title>22. Manta</title>
      <para>Jera tsa'chi, tsa'chi bolonbinechi jo'to, yaka se tilati'sa manta tae, ya chunun tobi junshi orachinan, tsankenan man payibi titi jomin, junbi chumin tsa'chilachi joe, yape titi ke'to kala kano, terano, mi jonunka kirawono junshi ya jonun se lo'sa.</para>
   </article>
   <article number="23">
      <title>23. Manta</title>
      <orderedlist>
         <listitem>
            <para>Jera Tsa'chila, titi keno manta taralae, ya kiranojoe ti keno mo'kenati, aman yari, senbi jonojoe, jun titi kenan nunbinechi, lare'to eresa manta i'toe.</para>
         </listitem>
         <listitem>
            <para>Jera Tsa'chila, titi kika tenchi, sele pakara kela ke'sa, manta taralae.</para>
         </listitem>
         <listitem>
            <para>Jera tsa'chila, titi kenun tenchi, kala kano manta taralae, ya'chi sona junshi nalanan sekuro tanolajoe, aman panshile i'tonari, uyanchi nechi sekuro neyanojoe, yape ya'chi nalabe, sele chuno pode ila i'sa.</para>
         </listitem>
         <listitem>
            <para>Jera tsa'chila, ya'chi se tenchi, tibiti bolon ino pode inolajoe.</para>
         </listitem>
      </orderedlist>
   </article>
   <article number="24">
      <title>24. Manta</title>
      <para>Jera Tsa'chila, ja'sa ino, sen jonunbi titi keno, junshi pakara ke'to, nenabi erelake'sa manta taralae.</para>
   </article>
   <article number="25">
      <title>25. Manta</title>
      <orderedlist>
         <listitem>
            <para>Jera tsa'chila sene sonano, nalabe panshi jono, kiya i'tuto, sen ano fino, sen ya tano, sele se ino, junshi janpe ino manta taralae, tsankenan panshile, kiya i'to, unika i'to, titi keno pode i'tuto, mankari pura i'to, sele kiralake'sanan, manta tae.</para>
         </listitem>
         <listitem>
            <para>Ayan na ke'to junshi nanan, sele kirato, wa i'sa karela ke'sa manta joe, tsankenan jera nala, a'pa, ayan tan kuwentanan, se kirato wa i'sa karela ke'sa manta pejoe.</para>
         </listitem>
      </orderedlist>
   </article>
   <article number="26">
      <title>26. Manta</title>
      <orderedlist>
         <listitem>
            <para>Jera tsa'chila pila mi ino manta taralae, yari e'pe jonojoe, fe munaranunti,e'pe jo'sa joe, aman pila mi ibi jino kuwenta joe, tsankenan jeralela, layan pila mi ino manta taralae, yala mira la'chunae, ti mi ino mo'kinati.</para>
         </listitem>
         <listitem>
            <para>Pilari, tsa'chilaka sen junshi tuka jo'sa, jonojoe, pata i'tuto sona'chun, panshi jo'chun, tikati entede i'chun, piyanlelabe, a'ko kuventa jo'chun. Tsankenan man Junnin jun lari, layan kiranolajoe, yape piyanle payila, pata i'tuto sonrala'sa.</para>
         </listitem>
         <listitem>
            <para>A'pala miranolajoe, ya'chi na, ti junshi niyake pila mi i'sa tenjanan.</para>
         </listitem>
      </orderedlist>
   </article>
   <article number="27">
      <title>27. Manta</title>
      <orderedlist>
         <listitem>
            <para>Jera tsa'chila, chununte mi taralanunka, pe kino pode ino joe, miranunkanan mi inojoe, aman panshi1e, junbinechi titi se lonari, yanan pe kano manta tae.</para>
         </listitem>
         <listitem>
            <para>Jera Tsa'chila, titi miranunka, tanunka, junshi ten kachike lareka junka, sele kirato kuwala ke'sa manta taralae.</para>
         </listitem>
      </orderedlist>
   </article>
   <article number="28">
      <title>28. Manta</title>
      <para>Jera Tsa'chila, manta talarae, in manta piyanlelachi jo'sa, aman yakari tileti, fi'ki arare'to, merawola ke'sa, yape i'tsanleri pura i'tusa.</para>
   </article>
   <article number="29">
      <title>29. Manta</title>
      <orderedlist>
         <listitem>
            <para>Jera tsa'chila, yalachi komunabi manta taralae, junka merato, ya jonunka, jaminkanan se larede ji'chunae.</para>
         </listitem>
         <listitem>
            <para>Tsankenan, manta ta'tonan, miranojoe, weyan mantalari ya se jo'sa jo eke, junto shiri, panshi junshi ya ti manta tanunka kirato, weyan tsa'chilabe, panshi jono pode i'chunae.</para>
         </listitem>
         <listitem>
            <para>In mantalari, numatoti, man Junin Junlaka, be'ko pa'to, se i'toe tino i'tolajoe, jun tsanchunin mirano lajoe, niya i'to in manta lare kalajonunka. </para>
         </listitem>
      </orderedlist>
   </article>
   <article number="30">
      <title>30. Manta</title>
      <para>In mantakari, monanti, ti payilati junshi bolonlati, tenka muna, se i'toe ti'to, piyarechike, tenfenola i'toe.</para>
   </article>
</udhr>