<?xml version="1.0" encoding="UTF-8"?>

<!--© The Office of the High Commisioner for Human Rights-->

<udhr iso639-3='war' xml:lang='war' key='war' n='Waray-Waray' xmlns="http://www.unhchr.ch/udhr">
  <title>Sangkalibutan Nga Pag-Asoy Bahin Han Kanan Tawo Mga Katungod</title>
  <preamble>
    <title>Pasiuna</title>
    <para>Tungod han pagkilal-a nga an tiunay nga dignidad ug katpong ngan diri-maiwasan nga mga katungod hadton mga kaapihan kanan tawo pamilya amo an pinatatamakan han katalwasan, hustisya kalinawan han kalibutan;</para>
    <para>Tungod han pagpasibaya ug pagbiay-biaya han kanan mga tawo katungod nga nahingadto hin mga magpakarima-dima nga mga buhat ug nakapahangit han katawhan, ug dumangat han pag-abot hin bag-o nga panahaon diin an mga katawhan magpapahimulos han ira katadungan pagyakan ug pagtuo hin waray ikahahadlok ug an katalwas tikang hin mga kabaraka ug pahingulang iginsaysay nga amo an pinakahitaas nga hingyap han mga molupyo;</para>
    <para>Tungod nga kinahanglan gud, agud an tawo diri mapiritan paggapil, ha iya katapusan nga paningkamot, pag-ato pagraugdauga ha iya, igan an mga katadungan han tawo panalipdan gud ha balaud;</para>
    <para>Tungod nga kinahanglanon gud an pagpaudway han nagtutubo nga pagkasarangkay han mga nasud;</para>
    <para>Tungod kay an mga katawhan han un nagotco pagtangdo han ira tuluohan bahin han kanan tawo panguna nga mga katungod, sugad man han iya pagkatawo ug dignidad, an pareho nga mga katadungan han lalake ug babaye, ug naguuungara hin mauro-upay nga kinabuhi ubos han katalwasan;</para>
    <para>Tungod nga an mga kaapi han hini nga kapunungan, nagsaad man han ira pag-urusa paningkamot kaupod han UN, pagpasamwak agud respetohan hin mahugot an kanan tawo panguna nga mga katungod;</para>
    <para>Tungod nga an paggisinabtanay hini nga mga katungod importante gud kaupay basi matuman ini nga panaad;</para>
    <para>Sanglit, an ASSEMBLEYA HENERAL nag-aasoy hin pagsering;</para>
    <para>KANAN KALIBUTAN DEKLARASYON BAHIN HAN KANAN TAWO MGA KATUNGOD</para>
    <para>Nga an ngatanan nga mga nasud ug katawhan magkakau-urusa agud matuman ini nga panuyo, nga diin kada tagsa-tagsa nga kaapihan katilingban, magtatalinguha pagtutdo basi dumukwag ini nga mga katungod, pinaagi hin mga mapinulsanon nga mga buhat, ha nasyonal ug internasyonal nga mga kalibungan, nga ini kilal-on ngan tumanon hadton mga katawhan nga ira nasasakupan.</para>
  </preamble>
  <article number="1">
    <title>Artikulo 1</title>
    <para>Nga an ngatanan nga mga tawo, nahimugso talwas ug katpong ha ira dignidad ug katdungan. Hira natawo dinhi ha tuna mayda konsensya ug isip ug kaangayan gud la nga an ira pagtagad ha tagsatagsa sugad hin magburugto.</para>
  </article>
  <article number="2">
    <title>Artikulo 2</title>
    <para>Nga kada osa may-ada katadungan ngada hini nga mga katungod ug mga katalwasan nga nahiaasoy dida hini nga Deklarasyon ha waray bale han iya kolor ha panit, yinaknan, tuluohan, mababaye man o lalake, kori amo man an iya isip-politikal, an iya gintikangan nga nasud, an iya mga bahandi, kon ano hiya o ano pa dida nga mga suklanan.</para>
    <para>Labut hini, an pagtagad diri hihimuon pinaagi han politikal, tuna o tindog pagkalibutan han nasud, o kon taga diin ito nga tawo, o sino kon ito nga nasyon independiente, may tag-mangno, o may kakulangan han ira pangobyerno.</para>
  </article>
  <article number="3">
    <title>Artikulo 3</title>
    <para>An kada tagsa may katadungan ngada ha kinabuhi, ngada ha katalwasan ug hin kinabuhi nga waray kahadlokan.</para>
  </article>
  <article number="4">
    <title>Artikulo 4</title>
    <para>Waray hin-o man nga magigin uripon. An paguripon ug an pamaligya o pagpalit hin mga uripon ha bisan ano nga paagi igindidiri gud.</para>
  </article>
  <article number="5">
    <title>Artikulo 5</title>
    <para>Waray tawo nga igpapailarum hin pagpakuri-i o hin diri tinawo o sobra hin kamaka-aalo riga pagkastiguha.</para>
  </article>
  <article number="6">
    <title>Artikulo 6</title>
    <para>An kada tagsa may katadungan kilal-on nga usa nga tawo, ha stubangan han balaud, bisan biin hiya makadto.</para>
  </article>
  <article number="7">
    <title>Artikulo 7</title>
    <para>Papreho an tawo ha stuban-gan han belaud ug an bisan hin-o mahihimo pangaro han bulig ug pananlipud han balaud. An usa ka fawo nga gin-iiba o nakakasering nga gintutuyo hiya pag-ibaha makakahimo peghangyo han bulig han balaud.</para>
  </article>
  <article number="8">
    <title>Artikulo 8</title>
    <para>Pinaagi han mga nasyonal nga mga buhatan, an kada usa may katadungan pamiling hin hingpit nga katalwasan ngadto hin mga pagsupak han iya mga katadungan pamiling hin hingpit nga katalwasan ngadto hin mga pagsupan ha iya mga katadungan nga hatag ha iya han batakan balaud.</para>
  </article>
  <article number="9">
    <title>Artikulo 9</title>
    <para>Iguin didiri an waray ha rason nga pagdakop, pagpreso ug pagpagawas han nasud.</para>
  </article>
  <article number="10">
    <title>Artikulo 10</title>
    <para>Dida han pagturotimbang han iya mga katadungan ug mga obligasyon, ug mga kiha kriminal kontra ha iya, an kada usa may katadungan ngadto hin waray trampa ug ha publiko nga pamati han iya kaso pinaagi hin independyente ug waray inu-ugupan nga buhatan.</para>
  </article>
  <article number="11">
    <title>Artikulo 11</title>
    <orderedlist>
      <listitem>
	<para>In himo-an nga nakasala may katadungan nga diri sidngon nga salaan tubtob nga diri pa hiya naproybahan nga salaan dida hin ha publiko nga pamati diin hiya gintagan han nga tanan nga mga habulig para han iya depensa.</para>
      </listitem>
      <listitem>
	<para>Diri pagsasalaon in usa mahitungod hin sala o binuhatan o waray buhata, nga dire pasinisering nga sala ubos in nasyonal o internasyonal nga balaud, badton panahon han pagbuhata hito. Sugad man liwat, diri mahihimo ipatong in maburobug-at nga patok kay nga pena han buhatan into nga sala.</para>
      </listitem>
    </orderedlist>
  </article>
  <article number="12">
    <title>Artikulo 12</title>
    <para>Waray hin-o man nga igpapailarum nga diri nahalulugar nga paghimasok ha pamilya, panimalay, han pribado nga kalugaringon, ha mga sinurat o paghugaw han iya ngaran o honor. An kada usa may katadungan pagpanalipdi han balaud supak hini nga mga pagsamuk-samok o pagtamaya.</para>
  </article>
  <article number="13">
    <title>Artikulo 13</title>
    <orderedlist>
      <listitem>
	<para>Ha sakob han iya nasud nga ginpupuy-an, an kada usa may katadungan hin paglakat-lakat kon pagpuyo hain man hiya maruyag;</para>
      </listitem>
      <listitem>
	<para>An kada usa may katadungan pagbaya han iya nasud, upod an iya kalugaringon ug pagbalik ngada hito.</para>
      </listitem>
    </orderedlist>
  </article>
  <article number="14">
    <title>Artikulo 14</title>
    <orderedlist>
      <listitem>
	<para>An kada usa may katadungan pangaro hin panalipod kontra hin pagraugdauga tikang ha iba nga nasud;</para>
      </listitem>
      <listitem>
	<para>Ini nga katadungan diri mahihimo igrason dumata hin mga pagkiha gumikan hin mga krimen nga diripolitikali o mga buhat dupak hari mga prinsipyo ug mga panuyo han UN.</para>
      </listitem>
    </orderedlist>
  </article>
  <article number="15">
    <title>Artikulo 15</title>
    <orderedlist>
      <listitem>
	<para>An kada usa may katadungan ngada han iya nasyonalidad;</para>
      </listitem>
      <listitem>
	<para>In usa nga tawo diri mahihimo kahukasan han iya paggka nasudnon hin waray ha rason ug waray liwat maka-agpugong ha iya pagbalhin han iya pagka nasudnon.</para>
      </listitem>
    </orderedlist>
  </article>
  <article number="16">
    <title>Artikulo 16</title>
    <orderedlist>
      <listitem>
	<para>An mga lalake o babaye nga aada na ha igo nga panuigon an may katadungan ag-awawa ngan magka-ada hin familya ha waray bale han iya kolor ha panit, nasyonalidad o tuluohan. Hira an mayada purupareho nga mga katadungan mahi-unong ha pag-awawa, samtang nga mag-asawa ngan han pagpawaray bale hito nga ira pag-asawa;</para>
      </listitem>
      <listitem>
	<para>An kasal an pagbobohaton la ha talwas ug tim-os nga pag-ayon han mga pagkakasion;</para>
      </listitem>
      <listitem>
	<para>An familya an unob ngan panguna nga hupo han katilingban ngan may katadungan nga panalipdan han katilingban ngan han gobyerno.</para>
      </listitem>
    </orderedlist>
  </article>
  <article number="17">
    <title>Artikulo 17</title>
    <orderedlist>
      <listitem>
	<para>An kada usa may katadungan pagtag-iya hin bagay ha iya kalugarinhon o kaupod an iba;</para>
      </listitem>
      <listitem>
	<para>Waray hin-o man nga tawo nga kukuhaan han iya pag-tagiya hin waray-ha-rason.</para>
      </listitem>
    </orderedlist>
  </article>
  <article number="18">
    <title>Artikulo 18</title>
    <para>An kada usa may katadungan hin ha iya pag-isip, konsensya ug relihiyon; kaupod hin an katadungan pagbalhin han iya relihiyon, pagtuo ug katal-wasan, mahiya la nga usa o kaupod in iba, ha publiko o pribado agud igpasamwak an iya tuluohan ha pagtutdo, paghalad o pagsingba.</para>
  </article>
  <article number="19">
    <title>Artikulo 19</title>
    <para>An kada tagsa may katadungan pag-isip o pagsaysay; ini nga katadungan naglalakip han iya pagpasamwak han iya mga opinyon nga diri pagsasamukon sugad man pagpamiling, pagkara-wat ug paghatag hin mga impormasyon o mga ideya pinaagi ha media hin waray pinili.</para>
  </article>
  <article number="20">
    <title>Artikulo 20</title>
    <orderedlist>
      <listitem>
	<para>An kada tagsa may katadungan hin mamingawon nga pagtitirok ug paguurosa;</para>
      </listitem>
      <listitem>
	<para>Diri mapipirit in usa ka tawo pagpiriton pagbulig hin usa nga kapunungan.</para>
      </listitem>
    </orderedlist>
  </article>
  <article number="21">
    <title>Artikulo 21</title>
    <orderedlist>
      <listitem>
	<para>An kada tagsa may katadungan pag-api dida han pan-gobyernohan, ha directa o pinaagi han mga pinili nga mga tumindog;</para>
      </listitem>
      <listitem>
	<para>An kada usa may katadungan kumarawat han mga serbisyo publiko ha iya nasud;</para>
      </listitem>
      <listitem>
	<para>An ungara han mga tawo amo an pinatatamakan han gahum han gobyerno; Ini tutumanon pinaagi hin tunay ug pinanahon nga pinilay bubuhaton hin sekreto nga butosay o puropareho nga paagi hin panmutos.</para>
      </listitem>
    </orderedlist>
  </article>
  <article number="22">
    <title>Artikulo 22</title>
    <para>Kada usa, tungod han hiya kaapi han katilingban, may katadungan han iya seguridad nga sosyal, tubtob han kaya han nasyonal ug internasyonal nga pagkaurosa subay han mga organisasyon ug mga bahandi han kada gobyerno, mga katadungan nga sosyal, kultural ug sosyal nga dir-gud-maiiwasan dida han talwas nga pagtubo han iya pagatawo.</para>
  </article>
  <article number="23">
    <title>Artikulo 23</title>
    <orderedlist>
      <listitem>
	<para>An kada tagsa may katadungan pagtrabaho, pagpili hin trabahu-an ngadto hin mga-makatawo-nga-kahimtang-hin panarabahuan ug panalipdi hin kawaray trabaho;</para>
      </listitem>
      <listitem>
	<para>An tagsa-tagsa, may katadungan ngada hin eksakto nga suho para hin eksakto nga trabaho; hin diri hiya pag-iibahan;</para>
      </listitem>
      <listitem>
	<para>An hin-o man nga natrabaho may katadungan kumarawat hin eksakto ug may-bintaha nga bayad, agud magseguro para ha iya ug han iya pamilya hin kinabuhi kaangayan hin tawo, ngan kon kinahanglan madudugangan pa hin iba nga mga paagi hin sosyal nga mga panalipud;</para>
      </listitem>
      <listitem>
	<para>An kada tagsa may katadungan pagtindog o pagbulig hin mga unyon agud maproteheran an iya mga intereses.</para>
      </listitem>
    </orderedlist>
  </article>
  <article number="24">
    <title>Artikulo 24</title>
    <para>An kada tagsa may katadungan hin pagpahuway ug pagpahalibway, kaupod in pagtakon han iya mga oras hin pagtrabaho ug ha mga panahon nga adlaw nga mga lu-an nga binaydan.</para>
  </article>
  <article number="25">
    <title>Artikulo 25</title>
    <orderedlist>
      <listitem>
	<para>An kada tagsa may katadungan ngada hin igo ug kaangayan nga panginabuhi para ha iya kalugaringon ug han kanan iya pamilya panlawas, sugad man han pamanapton, balay, urokyan ug mga pagataman nga sosyal ngan medical, ug katadungan ngada hin kaseguro ha panahon hin paghi-iwas han trabaho, kasakit, kabaldado, ka balo kalagas o kawar-ayan o ano la nga remalaso;</para>
      </listitem>
      <listitem>
	<para>An pagin iroy ug pagin bata nahipapailarum hin espesyal nga pagtimangno. An ngatanan nga mga bata, natawo sakub o gawas ha kasal, nahasisirong gihapon hini nga sosyal nga panalipud.</para>
      </listitem>
    </orderedlist>
  </article>
  <article number="26">
    <title>Artikulo 26</title>
    <orderedlist>
      <listitem>
	<para>An kada tagsa mayda katadungan ngada hin edukasyon. An edukasyon amo in libre, por los menos, ha elementarya ug ha syahan nga mga balitang. An edukasyon ha elementarya kinahanglan piriton gud. An pag-aram han teknolohiya ug profesyonal nga edukasyon abyerto para han ngatanan ug man an huro-hitaas nga pag-aradman maarabut hin usa sugad han iya maakos;</para>
      </listitem>
      <listitem>
	<para>An panuyo han edukasyon amo an bug-os nga pagtubo han kanan tawo personalidad ug an pagpabaskug han pagrespeto han kanan stawo mga katungod ngan han mga unob nga mga katalwasan, lgpapadukwag an paggisi-nabtanay, paggipuro- paasensyan ug an pagsarangkay han mga nasud, mga hugpo sugad han relihoyoso ug magkadugo nga mga hugpo, ug maniningkamot nga magpabilin an kanurayaw;</para>
      </listitem>
      <listitem>
	<para>An mga kag-anak may katungod pagpili han klase nga edukasyon para han ira mga anak.</para>
      </listitem>
    </orderedlist>
  </article>
  <article number="27">
    <title>Artikulo 27</title>
    <orderedlist>
      <listitem>
	<para>An kada tagsa may katadungan pagbulig dida han mga buruhaton nga kultural han katilngban, pagpulos han mga artes ug pakigsasaro han mga siyentipiko-nga-mga-bintaha sugad man han mga iba nga kaupayan.</para>
      </listitem>
      <listitem>
	<para>An kada tagsa mayda katadungan magpanalipud han mga bintaha tikang han mga siyentipiko nga imbento, mga sinurat o producksyon n mga aristiko nga iya.</para>
      </listitem>
    </orderedlist>
  </article>
  <article number="28">
    <title>Artikulo 28</title>
    <para>An kada tagsa may katadungan ngada hin kahimtang nga sosyal of internasyonal diin an mga katadungan ug katal-wasa dida hin nga Deklarasyon mahihimo katuman.</para>
  </article>
  <article number="29">
    <title>Artikulo 29</title>
    <orderedlist>
      <listitem>
	<para>An kada tagsa may mga turumanon ngada han katiling-ban diin aada gud la an bug-os nga pagtubo han iya pagkatawo matutuman.</para>
      </listitem>
      <listitem>
	<para>Dida han iya pagtuman han iya mga katalwasan ug mga katadungan, an kada tagsa matataknan subay han mga aludayday han balaud, kanay tiunay nga panuyo amo la an pagpakilala ug pagparespeto han mga katadungan ug mga katawasan han iba ug pagtuman han mga kinahanglanon han moralidad, an kahimyangan han publiko ug an kaupayan ha katilingban nga demokratiko.</para>
      </listitem>
      <listitem>
	<para>Waray hini dinhi ngamga katadungan ug mga katalwasan bubuhaton supak han mga panuyo ug mga prinsipyo han UN.</para>
      </listitem>
    </orderedlist>
  </article>
  <article number="30">
    <title>Artikulo 30</title>
    <para>Waray hini dinhi nga Deklarasyon in intyendihon nga naghahatag ngada hin bisan ano nga Gobyerno, hugpo o tawo hin katadungan pagbuhat hin bisan ano nga makakabungkag hin ano dida nga katadungan ug katalwasan nga nailagda dinhi</para>
  </article>
</udhr>
