<?xml version="1.0" encoding="UTF-8"?>

<!--© The Office of the High Commisioner for Human Rights-->

<udhr iso639-3='ban' xml:lang='ban' key='ban' n='Bali' xmlns="http://www.unhchr.ch/udhr">
   <title>Pangawedar indik Hak-Hak Azasi Manusia</title>
   <note>
      <para>Sami manusane mijil maduluran hak-hak sane pateh lan pastika tur malarapan kebebasan-kebebasan sane mabuat pisan. Perserikatan Bangsa-Bangsa maduwe tatuwek pacang nginggilang (nyunjung) nabdabang tur ngayomin hak azasi manusia saking swang-swang manusa. Tatuwek puniki ngawit saking Piagem Perserikatan Bangsa-Bangsa sane negesin unteng pakayun wangsa-wangsa ring jagatpada ngenenin hak azasi manusia sane mabuat pisan tur ring martabat lan kamatmian manusa. Ring sajeroning pangawedar indik hak azasi manusia, Perserikatan Bangsa-Bangsa mapiteges pastika pisan miwah sadarana ngenenin hak-hak sane pinaka druwen i manusa sacara adil. Hak-hak punika wantah druwen ida dane. Punika wantah hak ida dane. Hak-hak ida dane punika mangda kauningin. Patut sareng-sareng nyobiakang tur ngukuhang kawentenanipun gumanti mabuat ring ida dane miwah mantuk ring sasaman jana sane seosan.</para>
   </note>
   <preamble>
      <title>Saracita</title>
      <para>Manimbang riantukan pangangken ring subhakarma lan hak-hak sane pateh tur pastika saking paguyuban kulawarga manusa sami inggih punika dasar kemerdekaan, keadilan lan perdamaian ring jagat.</para>
      <para>Manimbang riantukan ngelempasang lan ngandapang hak azasi manusia janten ngawinang parilaksana-parilaksana sane kaon sane ngawinang rasa kroda sajeroning herdaya (unteng pekayunan) manusapada, tur kamanggehang jagat genah manusa pacang muponin bebas mawicara lan maagama tur luput saking rasa ajrih miwah kakirangan, punika sampun kajantenang pinaka tatujon pilih utama saking para jana.</para>
      <para>Manimbang riantukan hak-hak manusa patut kaayomin malarapan peraturan hukum mangda para jana nenten kadulumuk milih pamargi andaga utsaha penguntat maka panungkas kaduratmakan miwah penjajahan.</para>
      <para>Manimbang riantukan ngupapira paiketan pasawitran ring sajeroning negara-negara patut kautsahayang.</para>
      <para>Manimbang riantukan wangsa-wangsa saking Perserikatan Bangsa-Bangsa sajeroning Piagem Perserikatan Bangsa-Bangsa sampun mategesang malih kepercayaannyane ngenenin hak-hak dasar manusa, tur hak-hak sane pateh, ring sang lanang miwah istri, miwah sampun mutusang pacang nuwekang kasuketan jagat lan kahuripane sane utama sajeroning kemerdekaan sane ngalimbak.</para>
      <para>Manimbang riantukan paguyuban negara-negara sampun masemaya pacang nyujur kemajuan sajeroning pangargan miwah pangubaktian marep ring hak azasi manusia lan kebebasan sane ngarojong sareng Perserikatan Bangsa-Bangsa.</para>
      <para>Manimbang riantukan pahaning wirasa sane pateh ngenenin indik hak-hak lan kebebasan-kebebasan punika mabuat pisan maka panglaksana sane sumeken pisan saking semaya punika, mawinan,</para>
      <para>MAJELIS UMUM</para>
      <para>Malarapan punika nyobiahang</para>
      <para>Pangawedar Indik Hak-Hak Azasi Manusia</para>
      <para>Pinaka anceng sane katah maka sidaning wangsa sami lan panegara sami, maka tatujon mangda saluiring janma lan saluiring paguyuban sajeroning pakraman nityakala eling ring pangawedar puniki, pacang ngutsahayang majalaran tata cara ngajahin lan ngicenin pendidikan ngapti nincapang pangargan marepe ring hak-hak lan kebebesan-kebebasan punika, tur pamargi sane gancang gelitik urati sane manggeh nasional wiadin internasional, nyamin pangangken lan pangabaktianipun sane luih tur sumeken, inggilan olih wangsa-wangsa saking swanegara anggota wiadin olih wangsa-wangsa saking wawidangan sane wenten ring sajeroning wawengkon hukumipun.</para>
   </preamble>
   <article number="1">
      <title>Paos 1</title>
      <para>Sami manusane sane nyruwadi wantah merdeka tur maduwe kautamaan lan hak-hak sane pateh. Sami kalugrain papineh lan idep tur mangdane pada masawitra melarapan semangat pakulawargaan.</para>
   </article>
   <article number="2">
      <title>Paos 2</title>
      <para>Satunggil para janma wenang ring hak-hakipun sami lan kebebasan-kebebasan sane mungguh ring jeroning pangawedar puniki, makadi pabinaan ring ras, warnan carma, lanang-wadon, basa, agama, politik utawi pamarnan maseosan, witning kewangsaan utawi pakraman (kemasyarakat), hak, padruwean, palekadan wiadin linggih seosan.</para>
      <para>Selantur ipun nenten pacang kawentenang pabinayan sangkaning linggih (kedudukan) politik, hukum, utawi kedudukan internasional saking negara utawi daerah saking dija ugi kawit nyane manusa, inggian saking negara sane merdeka sane merupa wewidangan-wewidangan perwalian, jajahan, utawi sane wenten ring sajeroning wates kedaulatan sane seosan.</para>
   </article>
   <article number="3">
      <title>Paos 3</title>
      <para>Saluiring manusa wenang ring hak hidup, kebebasan lan kerahayuan suwang-suwang.</para>
   </article>
   <article number="4">
      <title>Paos 4</title>
      <para>Sapasira ugi nenten kayogya kadadosang budak utawi parekan, perbudakan lan pedagangan budak, yadian marupa napi ja musti kalarang.</para>
   </article>
   <article number="5">
      <title>Paos 5</title>
      <para>Sapasira ugi nenten dados kasiksa utawi kabayang-bayang utawi katiwakin danda sane tan nganutin sulur kamanusan utawi kanistayang.</para>
   </article>
   <article number="6">
      <title>Paos 6</title>
      <para>Saluiring janma kawenang ring pangangken sajeroning hukum pinaka manusa niri ring dija ugi magenah.</para>
   </article>
   <article number="7">
      <title>Paos 7</title>
      <para>Samian manusane pateh ring sajeroning hukum lan pateh maduwe hak ring pangayoman hukum tanpa pabinayan. Sami manusane maduwe hak ring pangayoman marep saluiring bentuk pabinayan sane tungkas ring pangawedar puniki tur marep saluir hasutan sane nyujur pabinayan inucap.</para>
   </article>
   <article number="8">
      <title>Paos 8</title>
      <para>Saluiring janma maduwe hak ring pemulihan saking pengadilan nasional sane maduwe kawenangan marep saparisolah sane ngelanggar hak-hak dasar sane kapaica olih undang-undang dasar wiadin hukum.</para>
   </article>
   <article number="9">
      <title>Paos 9</title>
      <para>Sapasira ugi nenten dados ketangkep, ketahan wiadin kakutang sakita arep.</para>
   </article>
   <article number="10">
      <title>Paos 10</title>
      <para>Saluiring janma sajeroning sasama pada maduwe hak ring peradilan sane adil lan terbuka saking pengadilan sane bebas tur nenten memihak, sajeroning ngerajegang hak lan swadharmanipun tur ring saluiring danda (tuntutan pidana) sane katiwakang ring ragane.</para>
   </article>
   <article number="11">
      <title>Paos 11</title>
      <orderedlist>
         <listitem>
            <para>Saluiring janma sane katuntut sangkaning katarka maparisolah ngelanggar hukum durung dados kasengguh salah, sadurung kabuktiang kasalahanipun manut hukum olih pengadilan, tur ring pengadilan inucap polih jaminan sane kasaratang nindihan raga.</para>
         </listitem>
         <listitem>
            <para>Nenten wenten janma sane dados kasalahang kadalih melaksana ngelanggar hukum sangkaning pelaksana utawi kalengahan sane nenten marupa pelanggaran hukum manut undang-undang nasional wiadin internasional, ritatkala saparisolah punika kalaksanayang. Taler nenten kapatutang niwakang danda sane lebih abot saking danda sane sepatutipun katiwakang ritatkala pelanggaran hukum punika kalaksanayang.</para>
         </listitem>
      </orderedlist>
   </article>
   <article number="12">
      <title>Paos 12</title>
      <para>Saluiring janma nenten dados kausak-asik urusannyane swang-swang, kulawarganipun, pakurenanipun, utawi paiketan swalapatraipun sakita arep, taler nenten kadadosang mariceda. Saluiring janma maduwe hak polih pengayoman hukum sane jagi kaanggen ngarepang saparisolah kaon ring arep.</para>
   </article>
   <article number="13">
      <title>Paos 13</title>
      <orderedlist>
         <listitem>
            <para>Saluiring janma maduwe hak kabebasan malaksana (sane patut) tur magenah ring wawidangan swang-swang negara.</para>
         </listitem>
         <listitem>
            <para>Saluiring janma maduwe hak melancaran ring swang-swang negara, makta padruwenipun, tur mewali malih ring panegara duwene.</para>
         </listitem>
      </orderedlist>
   </article>
   <article number="14">
      <title>Paos 14</title>
      <orderedlist>
         <listitem>
            <para>Saluiring janma maduwe hak ngaruruh tur ngerasanin suaka (pengayoman) saking negara seosan jagi kaanggen ngayomin deweknyane saking katut buri.</para>
         </listitem>
         <listitem>
            <para>Hak punika nenten kedadosang kaangge marep ring sungketa tutburi sane sumeken medal sangkaning saparisolah sane kaon, sane tan wenten paiketan ring politik, utawi sangkaning saparisolah sane piwal ring tujuan miwah dasar Perserikatan Bangsa-Bangsa.</para>
         </listitem>
      </orderedlist>
   </article>
   <article number="15">
      <title>Paos 15</title>
      <orderedlist>
         <listitem>
            <para>Saluiring janma maduwe hak kewarganegaraan (kewangsaan).</para>
         </listitem>
         <listitem>
            <para>Saluiring janma nenten dados sakama-kama kabancut kewarganegaraanipun (kewangsanipun) wiadin maduwe hak ngentosin kewarganegaraan (kewangsaan).</para>
         </listitem>
      </orderedlist>
   </article>
   <article number="16">
      <title>Paos 16</title>
      <orderedlist>
         <listitem>
            <para>Lanang lan istri sane sampun daha-truna, tanpa kawatesin kewangsaanipun, kewarganegaraanipun wiadin agama, maduwe hak makurenan utawi mawiwaha tur ngewangun kulawarga. Ipun maduwe hak sane pateh ring sapari indik pawiwahan, ring sajeroning makurenan, wiadin ritatkala palas makurenan.</para>
         </listitem>
         <listitem>
            <para>Pawiwahan wantah dados kalaksanayang yaning calon penganten pada saling lulut asih.</para>
         </listitem>
         <listitem>
            <para>Kulawarga inggih punika paiketan sangkaning titah ring sajeroning pagubugan, tur maduwe hak polih pengayoman saking pagubugan wiadin negara.</para>
         </listitem>
      </orderedlist>
   </article>
   <article number="17">
      <title>Paos 17</title>
      <orderedlist>
         <listitem>
            <para>Saluiring janma maduwe hak maderbe artha, ndiri (newek) wiadin sareng-sareng janma lianan.</para>
         </listitem>
         <listitem>
            <para>Saluiring janma nenten dados kerampas padruwenannyane sakita karep.</para>
         </listitem>
      </orderedlist>
   </article>
   <article number="18">
      <title>Paos 18</title>
      <para>Saluiring janma maduwe hak kebebasan mapaidep, unteng kayun lan ngagem agama, hak kabebasan magentos agama utawi kepercayaan, lan kebebasan nyengguhang agama utawi kepercayaan malarapan ngajahin, ngelaksanayang, ngaturang bakti tur nganutin ajaran agama punika, ndiri-ndiri wiadin sareng-sareng janma seosan, ring arep pagubugan wiadin ndiri (ndewek).</para>
   </article>
   <article number="19">
      <title>Paos 19</title>
      <para>Saluiring janma bebas maduwe tetimbangan wiadin ngamedalang tetimbangan, tanpa gangguan ngeruruh, nerima tur ngamedalang gatra lan pakayunan malarapan sarana napi ja, tanpa ngetang wates-wates wewidangan.</para>
   </article>
   <article number="20">
      <title>Paos 20</title>
      <orderedlist>
         <listitem>
            <para>Saluiring janma maduwe hak kebebasan mapupul lan ngewangun sekha tanpa ngangge kekerasan.</para>
         </listitem>
         <listitem>
            <para>Saluiring janma nenten dados kapaksa mangda ngiring nyarengin sekha.</para>
         </listitem>
      </orderedlist>
   </article>
   <article number="21">
      <title>Paos 21</title>
      <orderedlist>
         <listitem>
            <para>Saluiring janma maduwe hak nyarengin ngemargiang pemerintahan negarannyane secara langsung utawi malarapan wakil-wakil sane kapilih secara bebas.</para>
         </listitem>
         <listitem>
            <para>Saluiring janma sami-sami pateh maduwe hak kabisekayang utawi kalinggihang dados prajuru ring sajeroning ngemargiang pemerintahan negarannyane.</para>
         </listitem>
         <listitem>
            <para>Pakayunan para janma musti kadadosang pinaka dasar kewenangan pemerintah; pakayun puniki musti kasinahang marupa pemilihan umum sane kamargiang sangkaning manah lascarya tur nirmala, malarapan hak pilih tur dudonan sane pateh, malarapan pemungutan suara sane singid utawi ngangge tata cara seosan sane nyamin kebebesan nguwehin suara.</para>
         </listitem>
      </orderedlist>
   </article>
   <article number="22">
      <title>Paos 22</title>
      <para>Saluiring janma, pinaka krama pagubugan, maduwe hak jaminan sosial, ngelaksanayang hak ekonomi, sosial lan budaya sane pinih kabuatang jagi ngawangiang kaprabawan lan numbuhang kepribadian, malarapan utsaha-utsaha nasional wiadin nyarengin utsaha internasional (sajagat), manut kadi tata cara lan kekuatan swang-swang negara.</para>
   </article>
   <article number="23">
      <title>Paos 23</title>
      <orderedlist>
         <listitem>
            <para>Saluiring janma maduwe hak ring pekaryan, maduwe hak kabebasan milih pakaryan, maduwe hak ring tata cara ngelaksanayang pekaryan sane adil miwah ngewetuang aget lan maduwe hak pangayoman sumangdane tan kicalan pangupajiwa.</para>
         </listitem>
         <listitem>
            <para>Saluiring janma, tanpa pabinayan, maduwe hak ring pangupahan sane pateh ring pakaryan sane pateh.</para>
         </listitem>
         <listitem>
            <para>Saluiring janma sane makarya maduwe hak ring pangupahan sane adil tur ngewetuang aget sane nyamin kahidupan sane dahat mapikenoh ring padewekan wiadin kulawargannyane, pingkalih yaning wantah perlu kewewehin antuk pengayoman sosial sane siosan.</para>
         </listitem>
         <listitem>
            <para>Saluiring janma maduwe hak ngewangun tur ngeranjing ring paguyuban utawi sekha buruh sane jagi ngayomin saluir pabuatannyane.</para>
         </listitem>
      </orderedlist>
   </article>
   <article number="24">
      <title>Paos 24</title>
      <para>Saluiring janma maduwe hak mesandekan wiadin liburan, pingkalih wates-wates galah mekarya sane patut pingkalih polih libur berkala, tur tetep nampi upah.</para>
   </article>
   <article number="25">
      <title>Paos 25</title>
      <orderedlist>
         <listitem>
            <para>Saluiring janma maduwe hak ring taraf hidup sane cukup, mangda sida nemu kerahayuan lan kesejahteraan padewekan wiadin kulawarganipun, taler hak ring pangan, paumahan, pangupapira kerahajengan pingkalih pelayanan sosial sane kabuatang, tur maduwe hak ring jaminan ritatkala nganggur/magang, sungkan, cacad, balu, sampun lingsir, utawi kehanan siosan sane mekhawinan kekirangan pangupajiwa.</para>
         </listitem>
         <listitem>
            <para>Ibu lan anak-anak maduwe hak polih pangupapira wiadin wantuan sane dahat istimewa. Saluiring anak alit sane embas saking pawiwahan wiadin babinjat, musti polih pengayoman sosial tanpa pabinayan.</para>
         </listitem>
      </orderedlist>
   </article>
   <article number="26">
      <title>Paos 26</title>
      <orderedlist>
         <listitem>
            <para>Saluiring janma maduwe hak polih pendidikan. Pendidikan punika musti gratis, paling nenten ring tingkat sekolah rendah wiadin pendidikan dasar. Pendidikan rendah musti kewajibang (nenten dados tan kelaksanayang). Pendidikan teknik lan jurusan sane sampun ketah mangda kabukak ring saluiring janma, taler pendidikan tinggi mangda prasida keranjingang olih para janmane sami nganutin tata cara sane pateh medasar antuk kepatutan.</para>
         </listitem>
         <listitem>
            <para>Pendidikan punika musti matatujon ngewerdiang angga sarira tur mangda prasida ngajiang hak azasi manusia wiadin kebebasan-kebebasan. Pendidikan punika mangda prasida ngewetuang saling pengertian, mulatsarira, tur pasawitran ring saluiring wangsane sami, paguyuban ras pingkalih agama, tur musti ngemajuang pemargin Perserikatan Bangsa-Bangsa ring sajeroning ngupapira perdamaian.</para>
         </listitem>
         <listitem>
            <para>Irerama utawi guru rupaka maduwe hak sane mautama ring sajeroning milih saluiring pendidikan sane pacang katiwakang ring okan-okannyane.</para>
         </listitem>
      </orderedlist>
   </article>
   <article number="27">
      <title>Paos 27</title>
      <orderedlist>
         <listitem>
            <para>Saluiring janma maduwe hak nyarengin ring sajeroning kehidupan kebudayaan, ngerasayang kaluihan kesenian, lan sareng ngerasayang kemajuan tur namtamin pakenoh ilmu pengetahuan.</para>
         </listitem>
         <listitem>
            <para>Saluiring janma maduwe hak pangayoman marep ring keuntungan moril wiadin material, sane kamoling antuk hasil karya ilmiah, kesusastraan wiadian kesenian sane prasida kaortayang.</para>
         </listitem>
      </orderedlist>
   </article>
   <article number="28">
      <title>Paos 28</title>
      <para>Saluiring janma maduwe hak marep ring tatanan sosial wiadin internasional, tur hak-hak lan kebebasan-kebebasan sane mungguh ring sajeroning pangawedar puniki prasida kalaksanayang.</para>
   </article>
   <article number="29">
      <title>Paos 29</title>
      <orderedlist>
         <listitem>
            <para>Saluiring janma sami maduwe swadarma marep ring pagubugan ring dija ugi ipun prasida ngewerdiang kepribadianipun malarapan antuk kabebasan sane banget pisan.</para>
         </listitem>
         <listitem>
            <para>Ring sajeroning ngelaksanayang hak-hak lan kebebasan-kebebasanipun, swang-swang manusa musti nganutin wates-wates sane kapagehang olih undang-undang sane matatujon nyamin pangangken wiadin ngewangiang hak-hak lan kebebasan-kebebasan manusa seosan, lan ring pakraman nganutin tata cara sane adil ngenenin kesusilaan, ketreptian miwah kejagaditaan jagat sajeroning sane demokratis.</para>
         </listitem>
         <listitem>
            <para>Hak-hak lan kebebesan-kebebasan puniki ring sajeroning pelaksanaanipun nenten dados matungkasan ring tatujon lan prinsip-prinsip Perserikatan Bangsa-Bangsa.</para>
         </listitem>
      </orderedlist>
   </article>
   <article number="30">
      <title>Pasal 30</title>
      <para>Ring sajeroning pangawedar puniki tan dados katarka tur nguwehin inggian negara, paguyuban, utawi silih tunggal janma, hak nyarengin saluir pekaryaan, utawi ngelaksanayang saparisolah sane matujon ngerusak hak-hak lan kebebasan-kebebasan sane mungguh ring sajeroning pangawedar puniki.</para>
   </article>
</udhr>