<?xml version="1.0" encoding="UTF-8"?>

<!--© The Office of the High Commisioner for Human Rights-->

<udhr iso639-3='nya' xml:lang='ny' key='nya_chinyanja' n='Nyanja (Chinyanja)' xmlns="http://www.unhchr.ch/udhr">
  <title>CHIBVOMEREZO CA LAMULO LOSAMALIRA KHALIDWE LA MUNTHU PA DZIKO LONSE LA PANSI</title>
  <preamble>
    <title>CIYAMBI</title>
    <para>Popeza kuti citsimikizo ca khalidwe loyenera la munthu mu banja lonse ndico tsinde la ufulu, ungwiro ndi mtendere pa dziko liri lonse la pansi,</para>
    <para>Popeza kuti kusalabadira ufulu wa munthu kwabweretsa khalidwe la nkhalwe pa umoyo wa munthu, ndi kutinso kusintha kwa zinthu pa dziko la pansi mwakufuna kupereka ufulu weni-weni pa umoyo wa munthu aliyense ndilo funo la munthu wamba aliyense,</para>
    <para>Popeza kuti ndi kofunikira kuti ufulu wa munthu ucinjirizidwe ndi lamulo pofuna kupewa nkhondo yomenyera ufulu kukhala ngati njira yomwe munthu angagwiritse nchito pofuna kumasulidwa ku nsinga za nkhalwe,</para>
    <para>Popeza kuti ndi kofunikira kukweza umodzi pakati pa mitundu ya maiko osiyana-siyana pa dziko lonse la pansi,</para>
    <para>Popeza kuti anthu a m' maiko amene ali mamembala a bungwe la United Nations anabvomereza za kufunikira kwa ufulu wa munthu mu makhalidwe ace onse ndiponso kuti sipayenera kukhala kusiyana pakati pa mwamuna ndi mkazi m' makhalidwe ao ndikutinso maikowa anadzipereka kukweza nchito za cisangalalo ndi makhalidwe ena pa ufulu wa munthu,</para>
    <para>Popeza kuti maiko amene ali mamembala a bungweli la United Nations anatsimikiza kugwirizana ndi bungweli pa nchito zokweza ufulu wa munthu pa umoyo wace ndi kutsatira zofunikira zonse mu lamuloli lopereka ufulu weni-weni pa umoyo wa munthu,</para>
    <para>Popeza kuti kumvetsetsa cifuniro ca kufunika kwace kwa ufulu wa munthu pa umoyo wace kuli kofunikira kwambiri pofuna kuti cibvomerezoci cigwire nchito yace moyenera.</para>
    <para>Motero tsopano, bungwe lalikulu la General Assembly likulengeza</para>
    <para>Chibvomerezoci pakati pa imitundu ya antu onse a dzikoli la pansi, ndikuti munthu aliyense mokumbukira chibvomerezoci nthawi zonse adzakhoza kuthandiza kukweza ndi kukwaniritsa lamuloli pakati pa maiko onse amene ali mamembala a bungwe la United Nations ndiponso ku anthu okhala m' maiko ena amene sakhudzidwa ndi nchito za bungweli pa dziko lonse la pansi.</para>
  </preamble>
  <article number="1">
    <title>Mutu 1</title>
    <para>Anthu onse amabadwa mwa ufulu ndiponso olinganga m' makhalidwe ao. Iwo amakhala ndi nzeru za cibadwidwe kotero ayenera kucitirana zabwino wina ndi mnzace.</para>
  </article>
  <article number="2">
    <title>Mutu 2</title>
    <para>Munthu aliyense ali ndi danga lokhala ndi ufulu onse ofunikira pa umoyo wace molingana ndi zofunikira mu chibvomerezoci kopanda tsankho liri lonse monga la mtundu, khungu, kukhala mwamuna kapena mkazi, cilankhulidwe, cuma kapena maonekedwe ena ace onse.</para>
    <para>Ndiponso tsankho lina liri lonse monga la malire a maiko, ndale kapena malo opezeka maikowo mosayang' ana pa ulamuliro wace wa dzikolo pai nkhani za ufulu kapena kayendetsedwe ka ulamuliro wace.</para>
  </article>
  <article number="3">
    <title>Mutu 3</title>
    <para>Munthu aliyense ali nao ufulu wapa umoyo m' makhalidwe ace onse mocinjirizidwa.</para>
  </article>
  <article number="4">
    <title>Mutu 4</title>
    <para>Palibe munthu amene adzakhala monga kapolo kapena kugwira nchito yopanda malipiro mokakamizidwa; Ukapolo kapena cibalo sizidzaloledwa ngakhale pang' ono.</para>
  </article>
  <article number="5">
    <title>Mutu 5</title>
    <para>Palibe munthu aliyense amene adzayenera kuzunzidwa mu njira iriyonse pa nthawi ya moyo wace.</para>
  </article>
  <article number="6">
    <title>Mutu 6</title>
    <para>Munthu aliyense ali obvomerezedwa mu umoyo wace wa umunthu molingana ndi lamulo loyang' ana pa makhalidwe a munthu.</para>
  </article>
  <article number="7">
    <title>Mutu 7</title>
    <para>Anthu onse ali olingana m' makhalidwe a umoyo wao kotero kuti palibe kusiyana kuli konse mu lamulo la kasamalidwe ka umoyo wao. Motero munthu aliyense ali nalo danga lokhala ndi cisamaliro coyenera molingana ndi chibvomerezo ca lamulo losamalira khalidwe la umoyo wa munthu aliyense.</para>
  </article>
  <article number="8">
    <title>Mutu 8</title>
    <para>Munthu aliyense ali nalo danga lodandaula pa khalidwe la umoyo wace ku mabungwe akulu-akulu oyang' ana pa madandaulo osiyana-siyana mu dziko malinga ndi ufulu wa munthu aliyense opatsidwa mwa lamulo pa umoyo wace.</para>
  </article>
  <article number="9">
    <title>Mutu 9</title>
    <para>Munthu aliyense sayenera kumangidwa, kusungidwa mu ndende kapena kuthamangitsidwa mu dziko lace mosayenera.</para>
  </article>
  <article number="10">
    <title>Mutu 10</title>
    <para>Munthy aliyense ali ndi danga lopereka dandaulo lace lokhudza za ufulu wa moyo wace ku bungwe la padera la cilungamo pofuna kulandira ciweruzo coyenera pa mlandu uli onse umene munthu angapezeke nao.</para>
  </article>
  <article number="11">
    <title>Mutu 11</title>
    <orderedlist>
      <listitem>
	<para>Munthu aliyense akazengedwa mlandu wofika nao mu khoti, munthuyo ayenera kuyesedwa osacimwa kufikira pataoneka umboni otsimikiza kuti iyeyo anacita cimolo.</para>
      </listitem>
      <listitem>
	<para>Munthu aliyense sayenera kuzengedwa mlandu osayenera motsutsana ndi lamulo la dziko lace kapena dziko lonse la pansi. Ndipo munthu aliyense ocimwila lamulo ayenera kupatsidwa cilango colingana ndi mlanduyo mosapitilira malire a lamulo la mlandu wace.</para>
      </listitem>
    </orderedlist>
  </article>
  <article number="12">
    <title>Mutu 12</title>
    <para>Munthu aliyense ayenera kulemekezedwa pa umoyo wace wa mseri (private life), banja kapena nyumba yace ndiponso umoyo wina wa iye yekha, mwinanso kudzudzulidwa pa khalidwe la umoyo wace wa mseri. Aliyense ali nalo danga locinjirizidwa ku khalidwe losokoneza umoyo wace mwa lamulo.</para>
  </article>
  <article number="13">
    <title>Mutu 13</title>
    <orderedlist>
      <listitem>
	<para>Munthu aliyense ali nalo danga loyenda kapena kukhala kuli konse mu dziko lace.</para>
      </listitem>
      <listitem>
	<para>Munthu aliyense ali ndi danga locoka mu dziko lace kapena dziko lina liri lonse ndiponso ali nalo danga lobwelera mu dziko lace mwakufuna kwace.</para>
      </listitem>
    </orderedlist>
  </article>
  <article number="14">
    <title>Mutu 14</title>
    <orderedlist>
      <listitem>
	<para>Munthu aliyense angathe kupita kukakhala ku dziko liri lonse mwakuthawa mazunzo mu dziko lace.</para>
      </listitem>
      <listitem>
	<para>Komatu danga lotereli siridzaperekedwa ku munthu ofuna kulangidwa kaamba ka zolakwa zina zobvomerezedwa ndi bungwe la United Nations.</para>
      </listitem>
    </orderedlist>
  </article>
  <article number="15">
    <title>Mutu 15</title>
    <orderedlist>
      <listitem>
	<para>Munthu aliyense ali ndi danga lokhala nzika ya dziko.</para>
      </listitem>
      <listitem>
	<para>Munthu aliyense sayenera kuletsedwa kapena kulandidwa unzika wa dziko lace ndiponso kuletsedwa kusintha unzika wace.</para>
      </listitem>
    </orderedlist>
  </article>
  <article number="16">
    <title>Mutu 16</title>
    <orderedlist>
      <listitem>
	<para>Mwamuna ndi mkazi wa msinkhu obvomerezeka ali ndi danga lokwatira kapena kukwatiwa ndi kukhala ndi banja kopanda tsankho la mtundu, unzika kapena mpingo. Anthu awiriwa ali ndi danga lomanga banja ndiponso kumasula banja lao.</para>
      </listitem>
      <listitem>
	<para>Cikwati ciri conse cidzamangidwa mobvomerezedwa ndi anthu awiri ofuna kukwatirana mwa ufulu.</para>
      </listitem>
      <listitem>
	<para>Banja ndilo maziko eni-eni a mtundu wa dziko kotero kuti liyenera kukhala locinjirizidwa mokwanira ndi Boma la dziko.</para>
      </listitem>
    </orderedlist>
  </article>
  <article number="17">
    <title>Mutu 17</title>
    <orderedlist>
      <listitem>
	<para>Munthu aliyense ali nalo danga lokhala ndi cuma pa iye yekha kapena mwakukhala gulu ndi anzace.</para>
      </listitem>
      <listitem>
	<para>Palibe munthu amene ayenera kulandidwa cuma cace mosayenera.</para>
      </listitem>
    </orderedlist>
  </article>
  <article number="18">
    <title>Mutu 18</title>
    <para>Munthu aliyense ali ndi danga lokhala ndi maganizo, nzeru kapena mpingo wa kukhosi kwace; ufuluwu ndi osintha mpingo kapena cipembedzo cace ndiponso ufulu wofalitsa nchito ndi cikhulupiliro ca mpingo mwa iye yekha kapena mogwirizana ndi anzace kupsyolera m' maphunziro, kacitidwe ka zinthu, cipembedzo ndiponso mu kaonekedwe ka nchitoyo.</para>
  </article>
  <article number="19">
    <title>Mutu 19</title>
    <para>Munthu aliyense ali ndi danga la ufulu wa maganizo ndi malankhulidwe; ufuluwu ukhudza maganizo a munthu kopanda msokonezo wina wace, kupempha ndi kulandira nzeru ndiponso kuphunzitsa ena nzeru kapena maganizo mogwiritsa nchito njira iriyonse.</para>
  </article>
  <article number="20">
    <title>Mutu 20</title>
    <orderedlist>
      <listitem>
	<para>Munthu aliyense ali ndi danga lopezeka pa msonkhano kapena bungwe liri lonse.</para>
      </listitem>
      <listitem>
	<para>Munthu aliyense sayenera kukakamizidwa kukhala membala wa bungwe liri lonse.</para>
      </listitem>
    </orderedlist>
  </article>
  <article number="21">
    <title>Mutu 21</title>
    <orderedlist>
      <listitem>
	<para>Munthu aliyense ali ndi danga logwapo pa kayendetsedwe ka Boma la dziko lace mwakudzipereka pa nchito zace kapena mwakusankhako atsogoleri olankhulira nchito za Bomalo.</para>
      </listitem>
      <listitem>
	<para>Aliyense ali ndi ufulu olandira thandizo la Boma mu dziko lace.</para>
      </listitem>
      <listitem>
	<para>Boma liri lonse lidzayenera kuyendetsedwa molingana ndi zofuna za anthu amu dzikolo; zofuna za anthuwo zidzaonetsedwa kupsyolera mu masankho oyenera amene adzayenera kucitika mwa cilungamo mwa ufulu wa munthu aliyense wa dziko.</para>
      </listitem>
    </orderedlist>
  </article>
  <article number="22">
    <title>Mutu 22</title>
    <para>Munthu aliyense pokhala nzika ya dziko ali ndi danga lolandira citetezo pa nchito za cisangalalo ca moyo wace ndi kuti ayenera kuzindikira za ufulu wace pa nchito za cuma, cisangalalo ndi miyambo cinthu comwe ciri cofunikira kwambiri pa ubwino ndi citukuko ca moyo wace.</para>
  </article>
  <article number="23">
    <title>Mutu 23</title>
    <orderedlist>
      <listitem>
	<para>Munthu aliyense ali ndi danga logwira nchito yaku khosi kwace, kugwira nchito ya malamulo oyenera ndiponso kuthandizidwa pa bvuto la kusowa kwa nchito.</para>
      </listitem>
      <listitem>
	<para>Munthu aliyense kopanda tsankho liri lonse ali ndi danga lolandira malipiro molingana ndi anzace ogwira nao nchito imodzi.</para>
      </listitem>
      <listitem>
	<para>Munthu aliyense ogwira nchito ali ndi danga lolandira malipiro okwanira kusamalira banja lace mopatsidwanso thandizo lina la padera losamalira umoyo wace.</para>
      </listitem>
      <listitem>
	<para>Munthu aliyense ali ndi danga lokhala membala wa bungwe liri lonse lothandiza pa umoyo wace.</para>
      </listitem>
    </orderedlist>
  </article>
  <article number="24">
    <title>Mutu 24</title>
    <para>Munthu aliyense ali ndi danga lopeza mpumulo ndi cisangalalo mwakupatsidwa maola okwanira ogwiliramo nchito ndi masiku a chuti ca malipiro.</para>
  </article>
  <article number="25">
    <title>Mutu 25</title>
    <orderedlist>
      <listitem>
	<para>Muthu aliyense ali ndi danga lokhala ndi umoyo wabwino mu banja lace, mwakukhala ndi cakudya, zobvala, nyumba yogonamo ndiponso thandizo la mankhwala, kudzanso thandizo loyenera pa nthawi yosowa nchito, nthawi ya matenda, nthawi yopuwala (kulemala), nthawi ya umasiye, nthawi ya ukalamba kapena nthawi yosowa thandizo liri lonse lofunikira pa umoyo wa munthu kaamba ka zobvuta zina zodziwika bwino.</para>
      </listitem>
      <listitem>
	<para>Anakubala pamodzi ndi ana ayenera kupatsidwa cisamaliro ca padera pa umoyo wao. Ana onse pamodzi ndi aja amene abadwa mu njira zosayenera ayenera kutetezedwa mu njira imodzi.</para>
      </listitem>
    </orderedlist>
  </article>
  <article number="26">
    <title>Mutu 26</title>
    <orderedlist>
      <listitem>
	<para>Munthu aliyense ali ndi ufulu wa kupata maphunziro. Maphunziro oyamba adzayenera kukhala a ulere komanso mokakamiza mwana aliyense kupata maphunzirowa. Maphunziro a nchito za luso adzayenera kupatsidwa kwa aliyense pamene maphunziro a pamwamba adzapatsidwa ku ana molingana ndi nzeru zao.</para>
      </listitem>
      <listitem>
	<para>Munthu aliyense adzaphunzitsidwa za kasamalidwe ndi kakulidwe ka umoyo wa munthu ndi kakwezedwe ka ulemu wa munthu ndi ufulu wa umoyo wace. Maphunziro oterewa adzakhala ofuna kukweza umodzi, cikhululukiro ndi ubwenzi pakati pa anthu a maiko, magulu a mipingo ndi ena osiyana-siyana ndiponso kulimbikitsa nchito za bungwe la United Nations pofuna kukhazikitsa mtendere.</para>
      </listitem>
      <listitem>
	<para>Makolo ali ndi danga losankha maphunziro ofunikira ku ana ao.</para>
      </listitem>
    </orderedlist>
  </article>
  <article number="27">
    <title>Mutu 27</title>
    <orderedlist>
      <listitem>
	<para>Munthu aliyense ali ndi ufulu wogwapo pa umoyo wa zisangalalo za magulu a anthu, kusangalala kapena kudzipereka pa nchito zokweza nchito za zisangalalo zosiyana-siyana pakati pa anthu.</para>
      </listitem>
      <listitem>
	<para>Aliyense ali ndi danga lopeza citetezo pa citukuko ca nchito zace za citukuko cosiyana-siyana mokomera dziko.</para>
      </listitem>
    </orderedlist>
  </article>
  <article number="28">
    <title>Mutu 28</title>
    <para>Munthu aliyense ali nalo danga kapena ufulu wa cisangalalo ca moyo wace molingana ndi chibvomerezo ca zofuna za lamulo losamalira khalidwe la umoyo wa munthu.</para>
  </article>
  <article number="29">
    <title>Mutu 29</title>
    <orderedlist>
      <listitem>
	<para>Munthu aliyense ali ndi nchito yothandiza kukweza citukuko ca umoyo wa anthu molingana ndi mphamvu yace.</para>
      </listitem>
      <listitem>
	<para>Mogwiritsa nchito ufulu wace, munthu aliyense adzayenera kugwira nchito molingana ndi malamulo a Boma pofuna kuthandiza pa nchito zokweza umoyo wa anthu onse amu dziko ndi lingo lofuna kubweretsa cimvano ndi citukuko coyenera pakati pa anthu.</para>
      </listitem>
      <listitem>
	<para>Ufulu wa kagwiridwe ka nchito zothandiza kukweza citukuko ca dziko uyenera kulingana ndi zolinga za bugwe la United Nations.</para>
      </listitem>
    </orderedlist>
  </article>
  <article number="30">
    <title>Mutu 30</title>
    <para>Zosindikizidwa zonse za chibvomerezo ca lamulo losamalira khalidwe la umoyo wa munthu, sizitanthauza kuti Boma, kagulu ka anthu kapena munthu wina aliyense ali ndi danga kapena ufulu ocita zinthu zina zonse zofuna kuononga cilingo ca chibvomerezoci ai.</para>
  </article>
</udhr>
