<?xml version="1.0" encoding="UTF-8"?>

<!--© The Office of the High Commisioner for Human Rights-->

<udhr iso639-3='swe' xml:lang='sv' key='swe' n='Swedish' xmlns="http://www.unhchr.ch/udhr">
   <note>
      <para>Förenta Nationernas generalförsamling antog och kungjorde den 10 december 1948 en allmän förklaring om de mänskliga rättigheterna. Förklaringen antogs med 48 ja-röster. Inget land röstade emot. Åtta länder avstod.</para>
      <para>Omedelbart efter denna historiska händelse uppmanade generalförsamlingen alla medlemsstater att offentliggöra förklaringens text och att "göra den spridd, känd, läst och förstådd framför allt i skolor och andra undervisningsinstitutioner utan hänsyn till olika länders eller regioners politiska förhållanden".</para>
      <para>Förklaringens officiella text finns tillgänglig på FN:s sex officiella språk: arabiska, engelska, franska, kinesiska, ryska och spanska. Vidare har en rad enskilda medlemsländer hörsammat generalförsamlingens uppmaning och översatt förklaringen. Den svenska översättningen påföljande sidor har godkänts av svenska regeringen.</para>
      <para>Vid hänvändelse till FN:s nordiska informationskontor i Köpenhamn kan gratis-exemplar beställas av förklaringen på FN:s sex språk, svenska och övriga nordiska språk samt ett begränsat antal andra språk.</para>
   </note>
   <title>ALLMÄN FÖRKLARING OM DE MÄNSKLIGA RÄTTIGHETERNA</title>
   <preamble>
      <title>INLEDNING</title>
      <para>Enär erkännandet av det inneboende värdet hos alla medlemmar av människosläktet och av deras lika och oförytterliga rättigheter är grundvalen för frihet, rättvisa och fred i världen,</para>
      <para>enär ringaktning och förakt för de mänskliga rättigheterna lett till barbariska gärningar, som upprört mänsklighetens samvete, och enär skapandet av en värld, där människorna åtnjuta yttrandefrihet, trosfrihet samt frihet från fruktan och nöd, kungjorts som folkens högsta strävan,</para>
      <para>enär det är väsentligt för att icke människan skall tvingas att som en sista utväg tillgripa uppror mot tyranni och förtryck, att de mänskliga rättigheterna skyddas genom lagens överhöghet,</para>
      <para>enär det är väsentligt att främja utvecklandet av vänskapliga förbindelser mellan nationerna,</para>
      <para>enär Förenta Nationernas folk i stadgan ånyo uttryckt sin tro på de grundläggande mänskliga rättigheterna, den enskilda människans värdighet och värde samt männens och kvinnornas lika rättigheter, ävensom beslutat främja socialt framåtskridande och bättre levnadsvillkor under större frihet,</para>
      <para>enär medlemsstaterna åtagit sig att i samverkan med Förenta Nationerna säkerställa allmän och effektiv respekt för de mänskliga rättigheterna och de grundläggande friheterna,</para>
      <para>enär en gemensam uppfattning av dessa fri- och rättigheters innebörd är av största betydelse för uppfyllandet av detta åtagande,</para>
      <para>kungör</para>
      <para>GENERALFÖRSAMLINGEN</para>
      <para>denna ALLMÄNNA FÖRKLARING OM DE MÄNSKLIGA RÄTTIGHETERNA såsom en gemensam riktlinje för alla folk och alla nationer, på det att varje individ och varje samhällsorgan må med denna förklaring i åtanke ständigt sträva efter att genom undervisning och uppfostran befordra respekten för dessa fri- och rättigheter samt genom framstegsfrämjande inhemska och internationella åtgärder säkerställa deras allmänna och verksamma erkännande och tilllämpning såväl bland folken i medlemsstaterna som bland folken i områden under deras överhöghet.</para>
   </preamble>
   <article number="1">
      <title>Artikel 1.</title>
      <para>Alla människor äro födda fria och lika i värde och rättigheter. De äro utrustade med förnuft och samvete och böra handla gentemot varandra i en anda av broderskap.</para>
   </article>
   <article number="2">
      <title>Artikel 2.</title>
      <para>Envar är berättigad till alla de fri- och rättigheter, som uttalas i denna förklaring, utan åtskillnad av något slag, såsom ras, hudfärg, kön, språk, religion, politisk eller annan uppfattning, nationellt eller socialt ursprung, egendom, börd eller ställning i övrigt.</para>
      <para>Ingen åtskillnad må vidare göras på grund av den politiska, juridiska eller internationella ställning, som intages av det land eller område, till vilket en person hör, vare sig detta land eller område är oberoende, står under förvaltarskap, är icke-självstyrande eller är underkastat någon annan begränsning av sin suveränitet.</para>
   </article>
   <article number="3">
      <title>Artikel 3.</title>
      <para>Envar har rätt till liv, frihet och personlig säkerhet.</para>
   </article>
   <article number="4">
      <title>Artikel 4.</title>
      <para>Ingen må hållas i slaveri eller träldom; slaveri och slavhandel i alla dess former äro förbjudna.</para>
   </article>
   <article number="5">
      <title>Artikel 5.</title>
      <para>Ingen må utsättas för tortyr eller grym, omänsklig eller förnedrande behandling eller bestraffning.</para>
   </article>
   <article number="6">
      <title>Artikel 6.</title>
      <para>Envar har rätt att allestädes erkännas som person i lagens mening.</para>
   </article>
   <article number="7">
      <title>Artikel 7.</title>
      <para>Alla äro lika inför lagen och äro utan åtskillnad berättigade till lika skydd från lagens sida. Alla äro berättigade till lika skydd mot varje åtskillnad i strid med denna förklaring och mot varje framkallande av sådan åtskillnad.</para>
   </article>
   <article number="8">
      <title>Artikel 8.</title>
      <para>Envar har rätt till verksam hjälp från sitt lands behöriga domstolar mot handlingar, som kränka de grundläggande rättigheter, vilka tillkomma honom genom lag eller författning.</para>
   </article>
   <article number="9">
      <title>Artikel 9.</title>
      <para>Ingen må godtyckligt anhållas, fängslas eller landsförvisas.</para>
   </article>
   <article number="10">
      <title>Artikel 10.</title>
      <para>Envar är under full likställdhet berättigad till rättvis och offentlig rannsakning inför oavhängig och opartisk domstol vid fastställandet av såväl hans rättigheter och skyldigheter som varje anklagelse mot honom för brott.</para>
   </article>
   <article number="11">
      <title>Artikel 11.</title>
      <orderedlist>
         <listitem>
            <para>Envar, som blivit anklagad för straffbar gärning, har rätt att betraktas som oskyldig, till dess hans skuld blivit lagligen fastställd vid offentlig rättegång, under vilken han åtnjutit alla för sitt försvar nödiga garantier.</para>
         </listitem>
         <listitem>
            <para>Ingen må dömas för handling eller underlåtenhet, som vid tidpunkten för dess begående icke var straffbar enligt inhemsk eller internationell rätt. Ej heller må högre straff utmätas än vad som var tillämpligt vid tidpunkten för den straffbara gärningens begående.</para>
         </listitem>
      </orderedlist>
   </article>
   <article number="12">
      <title>Artikel 12.</title>
      <para>Ingen må utsättas för godtyckliga ingripanden i fråga om privatliv, familj, hem eller korrespondens, ej heller angrepp på heder och anseende. Envar har rätt till lagens skydd mot sådana ingripanden eller angrepp.</para>
   </article>
   <article number="13">
      <title>Artikel 13.</title>
      <orderedlist>
         <listitem>
            <para>Envar har rätt att inom varje stats gränser fritt förflytta sig och välja sin vistelseort.</para>
         </listitem>
         <listitem>
            <para>Envar har rätt att lämna varje land, inbegripet sitt eget, och att återvända till sitt eget land.</para>
         </listitem>
      </orderedlist>
   </article>
   <article number="14">
      <title>Artikel 14.</title>
      <orderedlist>
         <listitem>
            <para>Envar har rätt att i andra länder söka och åtnjuta fristad från förföljelse.</para>
         </listitem>
         <listitem>
            <para>Denna rätt må icke åberopas vid laga åtgärder, reellt grundade på icke-politiska brott eller på handlingar, som strida mot Förenta Nationernas ändamål och grundsatser.</para>
         </listitem>
      </orderedlist>
   </article>
   <article number="15">
      <title>Artikel 15.</title>
      <orderedlist>
         <listitem>
            <para>Envar har rätt till en nationalitet.</para>
         </listitem>
         <listitem>
            <para>Ingen må godtyckligt berövas sin nationalitet eller förmenas rätten att ändra nationalitet.</para>
         </listitem>
      </orderedlist>
   </article>
   <article number="16">
      <title>Artikel 16.</title>
      <orderedlist>
         <listitem>
            <para>Fullvuxna män och kvinnor har rätt att utan någon inskränkning på grund av sin ras, nationalitet eller religion ingå äktenskap och bilda familj. De äga lika rättigheter vid giftermål, under äktenskap och vid äktenskaps upplösning.</para>
         </listitem>
         <listitem>
            <para>Äktenskap må ingås endast med de blivande makarnas fria och fullständiga samtycke.</para>
         </listitem>
         <listitem>
            <para>Familjen är den naturliga och grundläggande enheten i samhället och äger rätt till skydd från samhället och staten.</para>
         </listitem>
      </orderedlist>
   </article>
   <article number="17">
      <title>Artikel 17.</title>
      <orderedlist>
         <listitem>
            <para>Envar har rätt att äga egendom såväl ensam som i förening med andra.</para>
         </listitem>
         <listitem>
            <para>Ingen må godtyckligt berövas sin egendom.</para>
         </listitem>
      </orderedlist>
   </article>
   <article number="18">
      <title>Artikel 18.</title>
      <para>Envar har rätt till tankefrihet, samvetsfrihet och religionsfrihet. Denna rätt innefattar frihet att byta religion eller tro och att ensam eller i gemenskap med andra offentligt eller enskilt utöva sin religion eller tro genom undervisning, andaktsövningar, gudstjänst och iakttagande av religiösa sedvänjor.</para>
   </article>
   <article number="19">
      <title>Artikel 19.</title>
      <para>Envar har rätt till åsiktsfrihet och yttrandefrihet. Denna rätt innefattar frihet för envar att utan ingripanden hysa åsikter och frihet att söka, mottaga och sprida upplysningar och tankar genom varje slags uttrycksmedel och utan hänsyn till gränser.</para>
   </article>
   <article number="20">
      <title>Artikel 20.</title>
      <orderedlist>
         <listitem>
            <para>Envar har rätt till frihet i fråga om fredliga möten och sammanslutningar.</para>
         </listitem>
         <listitem>
            <para>Ingen må tvingas att tillhöra en sammanslutning.</para>
         </listitem>
      </orderedlist>
   </article>
   <article number="21">
      <title>Artikel 21.</title>
      <orderedlist>
         <listitem>
            <para>Envar har rätt att taga del i sitt lands styrelse direkt eller genom fritt valda ombud.</para>
         </listitem>
         <listitem>
            <para>Envar har rätt till lika tillträde till allmän tjänst i sitt land.</para>
         </listitem>
         <listitem>
            <para>Folkets vilja skall utgöra grundvalen för statsmakternas myndighet. Denna vilja skall uttryckas i periodiska och verkliga val, vilka skola äga rum med tillämpning av allmän och lika rösträtt samt hemlig röstning eller likvärdiga fria röstningsförfaranden.</para>
         </listitem>
      </orderedlist>
   </article>
   <article number="22">
      <title>Artikel 22.</title>
      <para>Envar äger i sin egenskap av samhällsmedlem rätt till social trygghet och är berättigad till att de ekonomiska, sociala och kulturella rättigheter, som äro oundgängliga för hans värdighet och för en fri utveckling av hans personlighet, förverkligas genom nationella åtgärder och mellanfolkligt samarbete med hänsyn tagen till varje stats organisation och resurser.</para>
   </article>
   <article number="23">
      <title>Artikel 23.</title>
      <orderedlist>
         <listitem>
            <para>Envar har rätt till arbete, till fritt val av sysselsättning, till rättvisa och tillfredsställande arbetsförhållanden och till skydd mot arbetslöshet.</para>
         </listitem>
         <listitem>
            <para>Envar har utan åtskillnad rätt till lika lön för lika arbete.</para>
         </listitem>
         <listitem>
            <para>Envar, som arbetar, har rätt till rättvis och tillfredsställande ersättning, som tillförsäkrar honom själv och hans familj en människovärdig tillvaro och som, där så är nödvändigt, kompletteras med andra medel för socialt skydd.</para>
         </listitem>
         <listitem>
            <para>Envar har rätt att bilda och ansluta sig till fackföreningar till skydd för sina intressen.</para>
         </listitem>
      </orderedlist>
   </article>
   <article number="24">
      <title>Artikel 24.</title>
      <para>Envar har rätt till vila och fritid, innefattande rimlig begränsning av arbetstiden och regelbunden semester med bibehållen lön.</para>
   </article>
   <article number="25">
      <title>Artikel 25.</title>
      <orderedlist>
         <listitem>
            <para>Envar har rätt till en levnadsstandard, som är tillräcklig för hans egen och hans familjs hälsa och välbefinnande, däri inbegripet föda, kläder, bostad, hälsovård och nödvändiga sociala förmåner, vidare rätt till trygghet i händelse av arbetslöshet, sjukdom, invaliditet, makes död, ålderdom eller annan förlust av försörjning under omständigheter, över vilka han icke kunnat råda.</para>
         </listitem>
         <listitem>
            <para>Mödrar och barn äro berättigade till särskild omvårdnad och hjälp. Alla barn, vare sig födda inom eller utom äktenskap, skola åtnjuta samma sociala skydd.</para>
         </listitem>
      </orderedlist>
   </article>
   <article number="26">
      <title>Artikel 26.</title>
      <orderedlist>
         <listitem>
            <para>Envar har rätt till undervisning. Undervisningen skall vara kostnadsfri, åtminstone på de elementära och grundläggande stadierna. Den elementära undervisningen skall vara obligatorisk. Yrkesundervisning och teknisk undervisning skall vara allmänt tillgänglig. Den högre undervisningen skall stå öppen i lika mån för alla på grundval av deras duglighet.</para>
         </listitem>
         <listitem>
            <para>Undervisningen skall syfta till personlighetens fulla utveckling och till att stärka respekten för människans grundläggande fri- och rättigheter. Undervisningen skall främja förståelse, tolerans och vänskap mellan alla nationer, rasgrupper och religiösa grupper samt befordra Förenta Nationernas verksamhet för fredens bevarande.</para>
         </listitem>
         <listitem>
            <para>Rätten att välja den undervisning, som skall ges åt barnen, tillkommer i främsta rummet deras föräldrar.</para>
         </listitem>
      </orderedlist>
   </article>
   <article number="27">
      <title>Artikel 27.</title>
      <orderedlist>
         <listitem>
            <para>Envar har rätt att fritt taga del i samhällets kulturella liv, att njuta av konsten samt att bli delaktig av vetenskapens framsteg och dess förmåner.</para>
         </listitem>
         <listitem>
            <para>Envar har rätt till skydd för de moraliska och materiella intressen, som härröra från varje vetenskapligt, litterärt eller konstnärligt verk, till vilket han är upphovsman.</para>
         </listitem>
      </orderedlist>
   </article>
   <article number="28">
      <title>Artikel 28.</title>
      <para>Envar har rätt till en social och internationell ordning, i vilken de fri- och rättigheter, som uttalas i denna förklaring, till fullo kunna förverkligas.</para>
   </article>
   <article number="29">
      <title>Artikel 29.</title>
      <orderedlist>
         <listitem>
            <para>Envar har plikter mot samhället, i vilket den fria och fullständiga utvecklingen av hans personlighet ensamt är möjlig.</para>
         </listitem>
         <listitem>
            <para>Vid utövandet av sina fri- och rättigheter må envar underkastas endast sådana inskränkningar, som blivit fastställda i lag i uteslutande syfte att trygga tillbörlig hänsyn till och respekt för andras fri- och rättigheter samt för att tillgodose det demokratiska samhällets rättmätiga krav på moral, allmän ordning och allmän välfärd.</para>
         </listitem>
         <listitem>
            <para>Dessa fri- och rättigheter må i intet fall utövas i strid med Förenta Nationernas ändamål och grundsatser.</para>
         </listitem>
      </orderedlist>
   </article>
   <article number="30">
      <title>Artikel 30.</title>
      <para>Intet i denna förklaring må tolkas såsom innebärande rättighet för någon stat, grupp eller person att ägna sig åt verksamhet eller utföra handling, som syftar till att omintetgöra någon av häri uttalade fri- och rättigheter.</para>
   </article>
</udhr>