<?xml version="1.0" encoding="UTF-8"?>

<!--© The Office of the High Commisioner for Human Rights-->

<udhr iso639-3='ktu' xml:lang='ktu' key='ktu' n='Kituba' xmlns="http://www.unhchr.ch/udhr">
  <title>Luzayisu Ya Yinza Muvimba Ya Baluve Ya Muntu</title>
  <preamble>
    <title>Dyambu ya ntete</title>
    <para>Nakutalaka ti kutambula ngenda ya binama nyonso ya dikanda na ya baluve ya bawu ya kudedakana mpe yina balenda kuyimina bawu ve ke lufulu ya kimpwanza, ya budedede mpe ya ngemba na kati ya yinza muvimba,</para>
    <para>Nakutalaka ti bunzimbu mpe mvwezolo baluve ya muntu metumisa kusala mavanga ya bunyama, yina ke dasukisaka bantu mpe na kutalaka dyaka ti nkwizulu ya yinza, sika bantu kevwandaka na kimpwanza ya kuzonza mpe ya kukwikila, sika bantu kekuluka na boma mpe na bumputu ya kulutila zababakana mutindu dikani mosi yanene ya muntu,</para>
    <para>Nakutalaka ti ya ke mfumu samu ti baluve ya muntu fwana kukengidilwa na luyalu yina kezitisaka misiku samu na kusala ti muntu fwana kutombuka ve ntangu nyonso na luyalu yina kezitisaka ve misiku,</para>
    <para>Nakutalaka ti ya ke mfumu na kukindisa nkudusulu ya kinkundi kati ya bayinsi,</para>
    <para>Nakutalaka ti na kati ya Mukanda ya Misiku, makamba ya Bayinsi ya Yinza zabisaka dyaka kiminu ya bawu na baluve ya mfumu ya muntu, na ngenda mpe buzitu ya muntu na budedede ya baluve ya babakala na ua bakento, dyaka mpe yayi mebaka lukanu ya kuzangula, ya babakala na ya bakento, dyaka mpe makamba yai mebaka lukanu nya kuzangula mabuta mpe kukotisa luzingu ya kulutila mbote na kati ya kimpwanza mosi ya nene,</para>
    <para>Nakutalaka ti bayinsi-binama kwizaka kubaka lukanu samu na kunwanina kisika mosi na kimvuka ya Bayinsi ya Yinza nzitusulu, na bantu nyonso ya yinzo, ya baluve ya muntu mpe ya bimvuka ya mfumu,</para>
    <para>Nakutalaka ti kuvwanda na ngwilu na ngwilu na mutindu mosi na yina metadila baluve mpe bimpwanza yayi ke mfumu samu na kunungisa lukanu yayi.</para>
    <para>LUKUTAKANU YA NENE ke na kuzabisa</para>
    <para>LUZAYISU YAYI YA BALUVE YA MUNTU NA YINZA</para>
    <para>Mutindu dikani ya kintwadi yina fwana kulandama na makamda nyonso mpe na bayinsi nyonso samu ti bantu nyonso mpe binama nyonso ya dibundu mabuta, kana babambukila moyo ntangu ni ntangu Luzayisu yayi, basadila ngolo, na nzila ya ndongokolo mpe ngyundululu, na kusadila ti baluve mpe bimpwanza yayi kuzituswa dyaka mpe samu na kusyamisa fyoti-fyoti ntambulu mpe nsalulu ya baluve yina na bantu nyonso kati ya bawu mosi bantu ya Bayinsi-Binama kimvuka mpe kati ya bantu babwala, yina ke na lutumu ya bayinsi yina.</para>
  </preamble>
  <article number="1">
    <title>Kibuku yantete</title>
    <para>Bantu nyonso, na mbutukulu kevwandaka na kimpwanza ya bawu, ngenda mpe baluve ya mutindu mosi. Mayela na mbanzulu je na bawu, ni yawu yina bafwana kusalasana na bumpangi.</para>
  </article>
  <article number="2">
    <title>Kibuku ya 2</title>
    <para>Muntu muntu lenda kusadila baluve nyonso mpe bimpwanza nyonso. Luzayisu yayi ke na kuzabikisa, nkondwa luswaswani ata mosi, mingi na yina metadila mukanda ya nzutu, kibakala to kikento, bandinga, mabundu ya Nzambi, mabanza ya politiki to mabanza yankaka metadila yinsi to mabuta, kimvwama mbutukulu to nkadulu yankaka.</para>
    <para>Dyaka, diswaswani ata mosi lenda ve kuvwanda na kitezo ya politiki ya lufundusu to ya yinza muvimba yina ke na kusadilwa na yinsi to bwala yina muntu katukakan, ata yinsi yina to bwala yina vwanda na kimpwanza, ata ya vwanda na lutumu ya yinsi yankaka, ata ya zwaka dipanda to ya vwanda kaka na mwa-ndambu ya kimpwanza.</para>
  </article>
  <article number="3">
    <title>Kibuku ya 3</title>
    <para>Konso muntu ke na luve ya kuzinga, ya kuvwanda na kimpwanza mpe ya kuvwanda na kizunu ya bumumtu ya yandi.</para>
  </article>
  <article number="4">
    <title>Kibuku ya 4</title>
    <para>Ata muntu ve lenda kuvwanda na bundongo to na bungamba; bundongo mpe mumbungu ya bandongo ya mutindu ni mutindu mekanikunwa.</para>
  </article>
  <article number="5">
    <title>Kibuku ya 5</title>
    <para>Ata muntu mosi ve lenda kunyekulwa, kana ve kusafulwa to kubakama mutindu kibulu yina kekatula yandi buzitu na nzutu.</para>
  </article>
  <article number="6">
    <title>Kibuku ya 6</title>
    <para>Muntu muntu ke na baluve kisika ni kisika yandi kele.</para>
  </article>
  <article number="7">
    <title>Kibuku ya 7</title>
    <para>Bantu nyonso ke mutindu mosi na ntadisi ya musiku, mpe musiku fwana kukengidila bawu kaka mutindu mosi nkondwa diswaswani kati na bawu. Bantu nyonso fwana kukengidilwa mutindu mosi samu na kubedisa konso kingambula, yina lenda kuzitisa ve Luzayisu yayi, mpe samu na kukabikisa dibanza nyonso kelanda yayi ya kugambula bampangi.</para>
  </article>
  <article number="8">
    <title>Kibuku ya 8</title>
    <para>Konso muntu ke na luve ya kufunda mavanga yina ke na kuzitisa ve baluve ya yandi ya mfumu, yina ke na kupesa yandi musiku to musiku ya ngui, na lufundusu ya yinsi ya yandi yina mefwanana na kutala mambu ya mutindu yayi.</para>
  </article>
  <article number="9">
    <title>Kubiku ya 9</title>
    <para>Ata muntu mosi ve lenda, mpamba-mpamba, kukangama kukota boloko to kukimisisa na yinsi ya nzenza.</para>
  </article>
  <article number="10">
    <title>Kubiku ya 10</title>
    <para>Konso muntu na tangu ya lufundusu, ke na luve na budedede nyonso, na kuzabikisa mabanza ya yandi na mutindu mefwanakana ntwala ya bantu nyonso ntete lufundusu yayi pesa, na kimpwanza nyonso, nzengolo to ya baluve ya yandi mpe bambindumunu, to butsyeleka mpe luvunu ya mambu yina bamefundila yandi.</para>
  </article>
  <article number="11">
    <title>Kubiku ya 11</title>
    <orderedlist>
      <listitem>
	<para>Konso muntu mefundamana dyambu yandi mesala ke na maboko mpembe ti ntangu bakefundisa yandi. Na lufundusu yayi, kesalamaka na meso ya bantu nyonso, yandi ke na yinswa ya kubokila nzonsi.</para>
      </listitem>
      <listitem>
	<para>Ata muntu mosi ve lenda kuzwa kitumbu ya mambu yandi mesala, kana na ntangu yayi salamaka, vwandaka ntete ve mbeba na kulandaka musiku ya yinsi to ya yinza. Dyaka, ata kitumbu mosi yanene lenda kubakama ve ya kulutila yina bakamaka na ntangu yina dyambu salamaka.</para>
      </listitem>
    </orderedlist>
  </article>
  <article number="12">
    <title>Kibuku ya 12</title>
    <para>Ata muntu ve lenda kukota mpamba-mpamba na mambu metadila luzingu, dikanda, yinzo mpe mikanda ya ngana, dyaka mpe kusafula yandi. Muntu nyonso ke na luve ya kukengidilwa na musiku na dyambu yayi ya bukota-kota mpe nsafula.</para>
  </article>
  <article number="13">
    <title>Kibuku ya 13</title>
    <orderedlist>
      <listitem>
	<para>Konso muntu ke luve ya kuzyeta kisika yandi mezola mpe luve ya kusola na kimpwanza nyonso kisika ya kuzinga na kati ya yinsi.</para>
      </listitem>
      <listitem>
	<para>Konso muntu ke na luve ya kubika yinsi ni yinsi, ata ya yandi mosi, samu na kukwenda na yinsi yankaka. Yandi ke na kimpwanza ya kuvutukila yinsi ya yandi.</para>
      </listitem>
    </orderedlist>
  </article>
  <article number="14">
    <title>Kibuku ya 14</title>
    <orderedlist>
      <listitem>
	<para>Na ntwala ya bankwamusu, konso muntu ke na luve ya kusosa mpe kuzwa kisika ya kubumba nzutu ya yandi na bayinsi yankaka.</para>
      </listitem>
      <listitem>
	<para>Luve yayi lenda kupesama ve na kilombi yina mefundama na dyambu mosi ya nene to samu na nsalulu ya mambu ke na kudelakana ve na musiku ya kimvuka ya Bayinsi ya Yinza.</para>
      </listitem>
    </orderedlist>
  </article>
  <article number="15">
    <title>Kibuku ya 15</title>
    <orderedlist>
      <listitem>
	<para>Konso muntu ke na luve ya bumwisi-nsi.</para>
      </listitem>
      <listitem>
	<para>Ata muntu mosi ve lenda kukatula yandi bumwisi-si mpamba-mpamba mpe kuyimina yandi na kusoba yawu samu na kukuma muntu ya yinsi yankaka.</para>
      </listitem>
    </orderedlist>
  </article>
  <article number="16">
    <title>Kibuku ya 16</title>
    <orderedlist>
      <listitem>
	<para>Kento mpe bakala kana bamelugisa yimene bamvula mefwanan samu na kukwelana, bake na luve ya kukwelana mpe kuyidika dikanda ya bawu kutala ve mukanda ya nzutu ya bawu, bumwisi-si to mabundu ya bawu ya Nzambi. Baka na baluve ya mutindu mosi na yina metala makwela kefwaka.</para>
      </listitem>
      <listitem>
	<para>Makwela lenda kusalama kaka kana kento na bakala bawu mosi mendima na ntima mosi.</para>
      </listitem>
      <listitem>
	<para>Dikanda ke lufulu ya dibundu ya mabuta mpe yafwana kukengidilwa na dibundu ya mabuta ya luyalu.</para>
      </listitem>
    </orderedlist>
  </article>
  <article number="17">
    <title>Kibuku ya 17</title>
    <orderedlist>
      <listitem>
	<para>Konso mutu ata yandi vwanda yandi mosi to yandi vwanda na kimvuka, ke na luve ya mvwilu.</para>
      </listitem>
      <listitem>
	<para>Balenda va kuyimina mpe kubotula mvwilu na muntu mpamba-mpamba.</para>
      </listitem>
    </orderedlist>
  </article>
  <article number="18">
    <title>Kibuku ya 18</title>
    <para>Konso muntu ke na luve ya mayindu, ya lukwikulu mpe ya lusambulu. Yandi ke na kimpwanza ya kusoba dibundu ya Nzambi to lukwikulu; mpe dyaka yandi lenda na kimpwaza nyonso yandi mosi to kintwadi na bampangi na yandi ata na meso ya bantu nyonso to na kinsweki, na nzila ya ndongosolo, ya bansalulu, ya bisambu mpe nsalulu ya mona ya dibundu.</para>
  </article>
  <article number="19">
    <title>Kibuku ya 19</title>
    <para>Konso muntu ke na luve ya kimpwanza ya mabanza mpe ya kinzonzi ni yawu yina yandi lenda ve kutala boma samu na mabanza ya yandi, dyaka mpe na kusosa kuzwa mpe kumwangisa nsangu ya mabanza ya yandi kisika ni kisika na mutindu yina yandizola kumwangisila nsangu ya yawu.</para>
  </article>
  <article number="20">
    <title>Kibuku ya 20</title>
    <orderedlist>
      <listitem>
	<para>Konso muntu ke na luve ya kuzwa kisika na lukutakanu mpe na kimvuka ya kuzuna.</para>
      </listitem>
      <listitem>
	<para>Ata muntu mosi lenda ve kundima kuvwanda kinama ya kimvuka ni kimvuka.</para>
      </listitem>
    </orderedlist>
  </article>
  <article number="21">
    <title>Kibuku ya 21</title>
    <orderedlist>
      <listitem>
	<para>Konso muntu ke na luve ya kutula maboko na twalusulu ya bisalu ya luyalu ya yinsi ya yandi mosi kana ve na kinima ya bimonikisi yina yandi solaka na kimpwanza nyonso.</para>
      </listitem>
      <listitem>
	<para>Konso muntu ke na luve mutindu bampangi nyonso ya kusala bisalu ya luyalu ya yinsi ya yandi.</para>
      </listitem>
      <listitem>
	<para>Luzolo ya dikamba ke lufulu ya ngolo ya lutumu ya luyalu, luzolo yayi fwana kumonika na bavoti yakedika, yina fwana kusalama ntangu na ntangu, na bantu nyonso ya yinsi mpe na kinsweki to na mutindu yankaka ya nsalulu mefwanakana, yina lenda sala ti luvoti salama na kimpwanza nyonso.</para>
      </listitem>
    </orderedlist>
  </article>
  <article number="22">
    <title>Kibuku ya 22</title>
    <para>Konso, yina ke kinama ya dibundu ya mabuta, ke na luve ya kuzwa lusalusu ya bayinzo-basadisi mabuta; lusalusu yayi fwana kuyukutisa bansatu ya baluve ya yandi ya kimvwama, ya mabuta mpe ya lusansu yina melunga samu na ngenda ya yandi mpe nkudusulu ya kimuntu ya yandi, yina lenda kusalama na lusalusu ya bangolo ya yinsi mpe na nsalasani ya bayinsi nyonso ya yinza, na kutalaka ntomosono mpe bimvwana ya konso yinsi.</para>
  </article>
  <article number="23">
    <title>Kibuku ya 23</title>
    <orderedlist>
      <listitem>
	<para>Konso muntu ke na luve ya kusala, yandi ke na kimpwanza ya kusola kisalu yina yandi zola, na bankadulu ya kufwanakana mpe ya mbote samu na kisalu. Yandi mpe fwana kukengidilwa samu ti yandi kukota ve na busomele.</para>
      </listitem>
      <listitem>
	<para>Na kisalu ya mutindu mosi, bantu nyonso nkondwa diswaswanu fwana kuzwa difuta ya mutindu mosi.</para>
      </listitem>
      <listitem>
	<para>Muntu ni muntu kesalaka fwana kuzwa difuta yina mefwanakana, yina kesala ti yandi na dikanda na yandi bakuzwa luzingu yina medelakana na ngenda ya muntu. Ntangu yankaka luyalu fwana kubwela lusalusu ya lukengolo mabuta.</para>
      </listitem>
      <listitem>
	<para>Konso muntu ke na luve ya kuyidika kintwadi na bantu yankaka, bimvuka ya bisadi mpe kukota na bimvuka ya bisadi samu na kunwanina bandandu ya yandi.</para>
      </listitem>
    </orderedlist>
  </article>
  <article number="24">
    <title>Kibuku ya 24</title>
    <para>Konso muntu ke na luve ya kuvundisa nzutu mpe kukiyangidika, mingi kisalu fwana kuzingila na bangunga kulutila ve, mpe bilumbu ya mvwandulu fwana kufutwa.</para>
  </article>
  <article number="25">
    <title>Kibuku ya 25</title>
    <orderedlist>
      <listitem>
	<para>Konso muntu fwana kuzinga mutindu mefwanakana, yina kepesa na yandi mpe na dikanda ya yandi mavimpi ya mbote, mawete vula-vula na dyambu ya madya, muvwatu, yinzo, mbukusulu na lupitalu mpe lusalusu ya kulunga kepesamaka na bayinzo ya luyalu yina kesadisaka mabuta. Luyalu fwana kusadisa konso muntu yina kesalaka ve, mbevo, muntu yakumanisa bangolo, mufwidi, kiboba to ntangu yankaka kana kimvwama ya yandi yayi mewombila na mambu yandi zolaka ve.</para>
      </listitem>
      <listitem>
	<para>Luyalu fwana kusadisa mama mpe mwana ya yandi. Bana nyonso ke na luve ya kuzwa lusalusu ya mutindu mosi, yina kekatukaka na bayinzo bisadi-mabuta, ata babutuka na bibuti ya kukwelana na komanda to ve.</para>
      </listitem>
    </orderedlist>
  </article>
  <article number="26">
    <title>Kibuku ya 26</title>
    <orderedlist>
      <listitem>
	<para>Konso muntu ke na luve ya kulonguka. Ndongokolo fwana kuvwanda ya mfutwa ve, vula-vula na lukolo ya mbatukulu mpe kolezi. Konso mwana fwana kusala lukolo ya mbatukulu. Ndongokolo ya tekiniki mpe ya bisalu fwana kuvwanda bisika nyonso; ndongokolo na lukolo ya nene ke na bantu nyonso nakutalaka lenda ya bawu.</para>
      </listitem>
      <listitem>
	<para>Ndongokolo fwana kulanda ndubukulu ya muntu mpe nkobosolo ya nzitusulu ya baluve ya muntu mpe bimpwanza ya mfumu. Ya fwana kupesa nzila na ngwilu, nzitusulu mpangi mpe kinkundi kati ya bayinsi nyonso mpe makanda nyonso ya bantu to mabundu ya Nzambi, kuzimbana ve nzangululu ya bisalu ya Kimvuka ya Bayinsi ya Yinza sa nkebolo kizunu.</para>
      </listitem>
      <listitem>
	<para>Bibuti ke bantu yantete na kuvwanda na luve ya kusola mutindu ya malonga yina fwana kupesama na bana ya bawu.</para>
      </listitem>
    </orderedlist>
  </article>
  <article number="27">
    <title>Kibuku ya 27</title>
    <orderedlist>
      <listitem>
	<para>Konso muntu ke na luve ya kuzangula lusansu ya kifumba yandi mevwilva, kusadila weto mpe kudyatikisa manunga ya luzabu.</para>
      </listitem>
      <listitem>
	<para>Bandanda ya kimpeve mpe ya bima ya muntu, yina mekatuka kuzwa na manima ya kisalu ya luzabu to weto fwana kukengidilwa.</para>
      </listitem>
    </orderedlist>
  </article>
  <article number="28">
    <title>Kibuku ya 28</title>
    <para>Konso muntu fwana kusalati, ata ya vwanda na kitini ya mabuta to na kitini ya yinza muvimba, baluve mpe kimpwanza yina metangama na luzayisu yayi kusalama na mutindu mefwanakama.</para>
  </article>
  <article number="29">
    <title>Kibuku ya 29</title>
    <orderedlist>
      <listitem>
	<para>Konso muntu ke na bambindumunu na ntadisi ya kifumba yandi mevwilwa, sika nkudusulu ya kimuntu ya yandi lenda kusalama na kimpwanza nyonso.</para>
      </listitem>
      <listitem>
	<para>Konso muntu fwana kusadila baluve ya yandi mpe bimpwanza ya yandi na bitezo ya musiku samu na kutambula mpe kusitisa baluve mpe bimpwanza ya bangana mpe dyaka samu kuzitisa luyalu mpe mawete na bantu nyonso na kati ya dibundu ya bumbongi ya mabuta.</para>
      </listitem>
      <listitem>
	<para>Baluve mpe bimpwanza yayi lenda kusalama ata ve kana yawu kedyatila ve kintwadi na makani ya Kimvuka ya Bayinsi ya Yinza.</para>
      </listitem>
    </orderedlist>
  </article>
  <article number="30">
    <title>Kibuku ya 30</title>
    <para>Ata musiku mosi ya luzayisu yayi lenda kubangulwa bonso luve ni luve ya kusala kisalu ti dyambu lenda kunata mbebosolo ya baluve mpe ya bimpwanza yina metangama na mukanda yayi, yayi metadila muvimba, kimvuka to muntu.</para>
  </article>
</udhr>
