<?xml version="1.0" encoding="UTF-8"?>

<!--© The Office of the High Commisioner for Human Rights-->

<udhr iso639-3='est' xml:lang='et' key='est' n='Estonian' xmlns="http://www.unhchr.ch/udhr">
   <title>Inimõiguste ülddeklaratsioon</title>
   <preamble>
      <title>Preambula</title>
      <para>Pidades silmas, et inimkonna kõigi liikmete väärikuse, nende võrdsuse ning võõrandamatute õiguste tunnustamine on vabaduse, õigluse ja üldise rahu alus; ja</para>
      <para>pidades silmas, et inimõiguste põlastamine ja hülgamine on viinud barbaarsusteni, mis piinavad inimkonna südametunnistust, ja et sellise maailma loomine, kus inimestel on veendumuste ja sõnavabadus ning kus nad ei tarvitse tunda hirmu ega puudust, on inimeste üllaks püüdluseks kuulutatud; ja</para>
      <para>pidades silmas vajadust, et inimõigusi kaitseks seaduse võim selleks, et inimene ei oleks sunnitud viimase abinõuna üles tõusma türannia ja rõhumise vastu; ja</para>
      <para>pidades silmas, et on vaja kaasa aidata sõbralike suhete arendamisele rahvaste vahel ja;</para>
      <para>pidades silmas,et ühinenud rahvaste perre kuuluvad rahavad on põhikirjas kinnitanud oma usku inimese põhiõigustesse, inimisiksuse väärikusse ja väärtusse ning meeste ja naiste võrdõiguslikkusesse ning on otsustanud kaasa aidata sotsiaalsele progressile ja elutingimuste parandamisele suurema vabaduse juures; ja</para>
      <para>pidades silmas,et liikmesriigid on kohustatud koostöös Ühinenud Rahvaste Organisatsiooniga kaasa aitama inimõiguste ja põhivabaduste üldisele austamisele ja nendest kinnipidamisele; ja</para>
      <para>pidades silmas, et üldisel arusaamisel nende õiguste ja vajaduste iseloomust on suur tähtsus selle kohustuste täielikuks täitmiseks,</para>
      <para>kuulutab Peaassamblee välja</para>
      <para>käesolevaga Inimõiguste ülddeklaratsiooni kui ülesande, mida peavad püüdma täita kõik rahvad ja riigid.</para>
      <para>Iga inimene ja iga ühiskondlik organ peab käesolevat deklaratsiooni alati silmas pidades selgitus- ja haridustööga alati kaasa aitama nende õiguste ja vabaduste austamisele ning rahvuslike ja rahvusvaheliste progressiivsete abinõudega tagama, et need õigused ja vabadused leiaksid üldist ja efektiivset tunnustamist ja täitmist nii organisatsiooni liikmeiks kui ka nende jurisdiktsiooni alla olevate territooriumide rahvaste poolt.</para>
   </preamble>
   <article number="1">
      <title>Artikkel 1.</title>
      <para>Kõik inimesed sünnivad vabadena ja võrdsetena oma väärikuselt ja õigustelt. Neile on antud mõistus ja südametunnistus ja nende suhtumist üksteisesse peab kandma vendluse vaim.</para>
   </article>
   <article number="2">
      <title>Artikkel 2.</title>
      <para>Igal inimesel peavad olema kõik käesoleva deklaratsiooniga välja kuulutatud õigused ja vabadused, olenemata rassist, nahavärvusest, soost, usulisest, poliitilisest või muudest veendumustest, rahvuslikust või sotsiaalsest päritolust, varanduslikust, seisuslikust või muust seisundist.</para>
      <para>Lisaks sellele ei tohi inimeste vahel vahet teha riigi või territooriumi poliitilise, õigusliku või rahvusvahelise seisundi põhjal, olenemata sellest, kas territoorium, mille kodanik ollakse, on sõltumatu, hooldusalune või mõnel muul viisil oma suveräänsuses piiratud.</para>
   </article>
   <article number="3">
      <title>Artikkel 3.</title>
      <para>Igal inimesel on õigus elule, vabadusele ja isikupuutumatusele.</para>
   </article>
   <article number="4">
      <title>Artikkel 4.</title>
      <para>Kedagi ei või pidada orjuses või õigusteta seisundis; orjus ja orjakaubandus ükskõik millisel kujul on keelatud.</para>
   </article>
   <article number="5">
      <title>Artikkel 5.</title>
      <para>Kellegi suhtes ei tohi rakendada piinamisi või julma, ebainimlikku, tema väärikust alandavat kohtlemist või karistust.</para>
   </article>
   <article number="6">
      <title>Artikkel 6.</title>
      <para>Igal inimesel, ükskõik kus ta ka ei viibiks, on õigus oma õigussubjektsuse tunnustamisele.</para>
   </article>
   <article number="7">
      <title>Artikkel 7.</title>
      <para>Kõik inimesed on seaduse ees võrdsed ja neil on ilma igasuguse vahetegemiseta õigus seaduse võrdsele kaitsele. Kõigil inimestel on õigus olla võrdselt kaitstud ükskõik missuguse diskrimineerimise eest, mis on vastuolus käesoleva deklaratsiooniga, ja sellisele diskrimineerimisele kihutamise eest.</para>
   </article>
   <article number="8">
      <title>Artikkel 8.</title>
      <para>Igal inimesel on temale konstitutsiooniga või seadusega tagatud põhiõiguste rikkumise korral õigus efektiivsele õiguste ennistamisele kompetentsete rahvuskohtute kaudu.</para>
   </article>
   <article number="9">
      <title>Artikkel 9.</title>
      <para>Kedagi ei või meelevaldselt vahistada, kinni pidada või pagendada.</para>
   </article>
   <article number="10">
      <title>Artikkel 10.</title>
      <para>Igal inimesel on tema õiguste ja kohustuste määratlemiseks ja temale esitatud kriminaalsüüdistuste põhjendatuse kindlakstegemiseks täieliku võrdsuse alusel õigus sellele, et tema asi vaadataks avalikult ja kõiki õigluse nõudeid järgides läbi sõltumatu ja erapooletu kohtu poolt.</para>
   </article>
   <article number="11">
      <title>Artikkel 11.</title>
      <orderedlist>
         <listitem>
            <para>Igal kuriteos süüdistataval inimesel on õigus sellele, et teda loetakse süütuks kuni tema süülisuse kindlakstegemiseni seaduslikus korras avalikul kohtulikul arutamisel, kus talle on tagatud kõik võimalused kaitseks.</para>
         </listitem>
         <listitem>
            <para>Kedagi ei või süüdi mõista kuriteos mõne teo või tegevusetuse eest, mis nende kordasaatmise ajal ei olnud kuriteod rahvusliku seaduse või rahvusvahelise õiguse järgi. Samuti ei või määrata raskemat karistust, kui see, mida oleks võinud kohaldada kuriteo kordasaatmise ajal.</para>
         </listitem>
      </orderedlist>
   </article>
   <article number="12">
      <title>Artikkel 12.</title>
      <para>Kellegi isiklikku ja perekonnaellu ei või meelevaldselt vahele segada, kellegi korteripuutumatust, kirjavahetuse saladust või au ja reputatsiooni ei tohi meelevaldselt määrida. Igal inimesel on õigus seaduse kaitsele selliste vahelesegamiste ja rikkumiste eest.</para>
   </article>
   <article number="13">
      <title>Artikkel 13.</title>
      <orderedlist>
         <listitem>
            <para>Igal inimesel on õigus riigi piires vabalt liikuda ja oma elukoht valida.</para>
         </listitem>
         <listitem>
            <para>Igal inimesel on õigus lahkuda ükskõik milliselt maalt, kaasa arvatud kodumaa ja kodumaale tagasi pöörduda.</para>
         </listitem>
      </orderedlist>
   </article>
   <article number="14">
      <title>Artikkel 14.</title>
      <orderedlist>
         <listitem>
            <para>Igal inimesel on õigus tagakiusu ees varjupaika otsida teistes maades ja seda varjupaika kasutada.</para>
         </listitem>
         <listitem>
            <para>Seda õigust ei saa kasutada jälitamise puhul, mis tegelikult tuleneb mittepoliitilisest kuriteost või teost, mis on vastuolus Ühinenud Rahavaste Organisatsiooni eesmärkide ja põhimõtetega.</para>
         </listitem>
      </orderedlist>
   </article>
   <article number="15">
      <title>Artikkel 15.</title>
      <orderedlist>
         <listitem>
            <para>Igal inimesel on õigus kodakondusele.</para>
         </listitem>
         <listitem>
            <para>Kelleltki ei saa tema kodakondsust või kodakondsuse muutmise õigust meelevaldselt ära võtta.</para>
         </listitem>
      </orderedlist>
   </article>
   <article number="16">
      <title>Artikkel 16.</title>
      <orderedlist>
         <listitem>
            <para>Täisealiseks saanud meestel ja naistel on õigus ilma igasuguste kitsendusteta rassi, rahvuse või usu põhjal abielluda ja perekonda asutada. Neil on võrdsed õigused abiellu astumise suhtes, abielus olemise ja abielu lahutamise ajal.</para>
         </listitem>
         <listitem>
            <para>Abielu võib sõlmida vaid mõlema abielluva poole vabatahtlikul ja täielikul nõusolekul.</para>
         </listitem>
         <listitem>
            <para>Perekond on ühiskonna loomulik ja põhiline rakuke ning tal on õigus ühiskonna ja riigi kaitsele.</para>
         </listitem>
      </orderedlist>
   </article>
   <article number="17">
      <title>Artikkel 17.</title>
      <orderedlist>
         <listitem>
            <para>Igal inimesel on õigus vara omamisele nii üksikult kui ka teistega koos.</para>
         </listitem>
         <listitem>
            <para>Kelleltki ei tohi tema vara meelevaldselt ära võtta.</para>
         </listitem>
      </orderedlist>
   </article>
   <article number="18">
      <title>Artikkel 18.</title>
      <para>Igal inimesel on õigus mõtte-, südametunnistuse ja usuvabadusele; see õigus kätkeb vabadust oma usku või veendumusi muuta, samuti vabadust vabalt kuulutuada oma usku või veendumusi nii üksikult kui ka koos teistega avalikult või eraviisiliselt õpetuse, jumalateenistuse ja religioossete ning rituaalsete kombetalituste kaudu.</para>
   </article>
   <article number="19">
      <title>Artikkel 19.</title>
      <para>Igal inimesel on õigus veendumuste vabadusele ja nende veendumuste vabalt avaldamisele; see õigus kätkeb vabadust takistamatult oma veendumustest kinni pidada ja vabadust informatsiooni ja ideid otsida, saada ja levitada igasuguste abinõudega ja riigipiirist sõltumata.</para>
   </article>
   <article number="20">
      <title>Artikkel 20.</title>
      <orderedlist>
         <listitem>
            <para>Igal inimesel on õigus rahumeelse kogunemise ja liitumise vabadusele.</para>
         </listitem>
         <listitem>
            <para>Kedagi ei või sundida ükskõik millisesse assotsiatsiooni astuma.</para>
         </listitem>
      </orderedlist>
   </article>
   <article number="21">
      <title>Artikkel 21.</title>
      <orderedlist>
         <listitem>
            <para>Igal inimesel on õigus kas vahetult või siis vabalt valitud esindajate kaudu oma maa valitsemisest osa võtta.</para>
         </listitem>
         <listitem>
            <para>Igal inimesel on õigus võrdsele pääsule oma maa riigiteenistusse.</para>
         </listitem>
         <listitem>
            <para>Valitsuse võimu aluseks peab olema rahava tahe; see tahe peab väljenduma perioodislistes ja võltsimata valimistes, mis tuleb läbi viia üldise ja võrdse valimisõiguse alusel salajase hääletamise teel või teistes samatähenduslikes vormides, mis tagavad hääletamise vabaduse.</para>
         </listitem>
      </orderedlist>
   </article>
   <article number="22">
      <title>Artikkel 22.</title>
      <para>Igal inimesel kui ka ühiskonna liikmel on õigus sotsiaalsele kindlustatusele ja tema väärikuse säilitamiseks ning tema isiksuse vabaks arenemiseks vajalike õiguste teostamisele majanduslikul, sotsiaalsel ja kultuuri alal rahvuslike jõupingutustega ja rahvusvaheli koostöö kaudu ning vastavalt iga riigi struktuurile ja vahenditele.</para>
   </article>
   <article number="23">
      <title>Artikkel 23.</title>
      <orderedlist>
         <listitem>
            <para>Igal inimesel on õigus tööle, töö vabale valikule, õiglastele ja soodsatele töötingimustele ning kaitsele tööpuuduse eest.</para>
         </listitem>
         <listitem>
            <para>Igal inimesel on ilma igasuguse diskrimineerimiseta võrdsele tasule võrdse töö eest.</para>
         </listitem>
         <listitem>
            <para>Igal töötajal on õigus õiglasele ja rahuldavale tasule, mis tagab inimväärilise elatuse temale endale ja ta perekonnale ja mida vajaduse korral täiendatakse sotsiaalkindlustuse teiste vahenditega.</para>
         </listitem>
         <listitem>
            <para>Igal inimesel on õigus on luua ametühinguid ja oma huvide kaitseks ametühingutesse astuda.</para>
         </listitem>
      </orderedlist>
   </article>
   <article number="24">
      <title>Artikkel 24.</title>
      <para>Igal inimesel on õigus puhkeajale ja vaba aja veetmisele, kaasa arvatud tööpäeva mõistlik lühendamine ja tasutav perioodiline puhkus.</para>
   </article>
   <article number="25">
      <title>Artikkel 25.</title>
      <orderedlist>
         <listitem>
            <para>Igal inimesel on õigus sellisele elatustasemele, sealhulgas toit, riietus, korter, arstiabi ja vajalik sotsiaalne teenindamine, mis on nõutav tema enda ja perekonna tervise ja heaolu hoidmiseks, ja õigus kindlustatusele tööpuuduse, haiguse, invaliidsuse, lesestumise ja vanaduse saabumise korral või mõnel muul elatusvahenditest ilmajäämise juhul inimestest endast olenemata põhjustel.</para>
         </listitem>
         <listitem>
            <para>Emadus ja väikelapseiga annavad õiguse erilisele hooldusele ja abile. Kõigile lastele, olgu nad siis sündinud abielus või väljaspool abielu, peab osaks saama ühesugune sotsiaalne kaitse.</para>
         </listitem>
      </orderedlist>
   </article>
   <article number="26">
      <title>Artikkel 26.</title>
      <orderedlist>
         <listitem>
            <para>Igal inimesel on õigus haridusele. Haridus peab olema tasuta vähemalt alg- ja üldhariduse osas. Algharidus peab olema kohustuslik. Tehniline ja kutseharidus peab olema kättesaadav kõigile ja kõrgem haridus võrdselt kättesaadav kõigile vastavalt igaühe võimetele.</para>
         </listitem>
         <listitem>
            <para>Haridus peab olema suunatud inimisiksuse täielikule arendamisele ja inimõigustest ning põhivabadustest lugupidamise suurendamisele. Haridus peab kaasa aitama vastastikusele mõistmisele, sallivusele ja sõprusele kõigi rahavaste, rassilise ja usuliste rühmituste vahel ning soodustama Ühinenud Rahvaste Organisatsiooni tegevust rahu säilitamisel.</para>
         </listitem>
         <listitem>
            <para>Vanematel on oma laste hariduse valikul eesõigus.</para>
         </listitem>
      </orderedlist>
   </article>
   <article number="27">
      <title>Artikkel 27.</title>
      <orderedlist>
         <listitem>
            <para>Igal inimesel on õigus ühiskonna kultuurielust vabalt osa võtta, kunsti nautida, teaduse progressi oma panus anda ja selle progressi hüvesid kasutada.</para>
         </listitem>
         <listitem>
            <para>Igal inimesle on õigus oma moraalsete ja materiaalsete huvide kaitsele, mis johtuvad teaduslikest töödest, kunsti- ja kirjandusteostest, mille autoriks ta on.</para>
         </listitem>
      </orderedlist>
   </article>
   <article number="28">
      <title>Artikkel 28.</title>
      <para>Igal inimesle on õigus sotsiaalsele ja rahvusvahelisele korraldusele, kus käesolevas deklaratsioonis toodud õigusi ja vabadusi on võimalik täies ulatuses rakendada.</para>
   </article>
   <article number="29">
      <title>Artikkel 29.</title>
      <orderedlist>
         <listitem>
            <para>Igal inimesel on kohustused ühiskonna ees, kus ainuüksi ongi võimalik tema isiksuse vaba ja täielik arenemine.</para>
         </listitem>
         <listitem>
            <para>Oma õiguste ja vabaduste teostamisel peab iga inimene alluma vaid sellistele piiramistele, mis on seadusega kehtestatud ainsa eesmärgiga tagada teiste inimeste õiguste ja vabaduste tarvilik tunnustamine ja austamine ning moraalist, avalikust korrast ja üldise heaolu nõuetest kinnipidamine demokraatlikus ühiskonnas.</para>
         </listitem>
         <listitem>
            <para>Nende õiguste ja vabaduste rakendamine ei või mingil juhul olla vastuolus Ühinenud Rahvaste Organisatsiooni eesmärkide ja põhimõtetega.</para>
         </listitem>
      </orderedlist>
   </article>
   <article number="30">
      <title>Artikkel 30.</title>
      <para>Käesolevas deklaratsioonis ei tohi midagi tõlgendada kui õiguse andmist mõnele riigile, isikute rühmale või üksikisikutele tegutsemiseks või tegudeks, mis on suunatud kaesolevas deklaratsioonis toodud õiguste ja vabaduste kaotamisele.</para>
   </article>
</udhr>