<?xml version="1.0" encoding="UTF-8"?>

<!--© The Office of the High Commisioner for Human Rights-->

<udhr iso639-3='lao' xml:lang='lo' key='lao' n='Lao' xmlns="http://www.unhchr.ch/udhr">
  <title>ປະກາດສາກົນ ກ່ຽວກັບສິດຂອງມະນຸດ</title>

  <note>
    <para>ວັນທີ 20 ທັນວາ ຄ.ສ 1958</para>
    <para>ກອງປະຊຸມໃຫຍ່ສະຫະປະຊາຊາດໄດ້ຮັບຮອງ ແລະ ປະກາດສິດຂອງມວນມະນຸດຊື່ງພວກເຮົາໄດ້ຈັດພິມຂື້ນຕະຫຼອດບົດຫຼັງການປະກາດອັນເປັນປະຫວັດການນີ້ກອງປະຊຸມໃຫຍ່ໄດ້ຊີ້ແຈງກັບສະມາຊິກທຸກໆທ່ານຂໍຈົ່ງຢ່າໄດ້ປະລະເລີຍໂອກາດ ແລະ ວິທີທາງອັນໃດຊື່ງສາມາດຈະໄດ້ຮັບໃນອານາຄົດ, ເພື່ອເຜີຍແຜ່ໃຫ້ປະຊາຊົນໄດ້ຮັບແຈກຈ່າຍອ່ານ ແລະ ວິຈານສີ່ງສຳຄັນໃນໂຮງຮຽນ ແລະ ສະຖານສຶກສາໃດໆໂດຍບໍ່ຄຳນືງເຖິງລັດທິ, ການເມືອງຂອງເຮົາ ຫຼື ປະເທດໃດເລີຍ.</para>
    <para>ສຳນັກງານຖະແຫຼງຂ່າວຂອງອົງການສະຫະປະຊາຊາດ ຄ.ສ 1958.</para>
  </note>

  <preamble>
    <title>ບົດນຳ</title>
    <para>ດ້ວຍເຫດວ່າ: ການຮັບຮູ້ກຽດຕິສັກອັນມີປະຈຳຢູ່ຕົວບຸກຄົນໃນວົງສະກຸນຂອງມະນຸດທຸກໆຄົນ ແລະ ການຮັບຮູ້ສິດສະເໝີພາບ ແລະ ສະເຖຍລະພາບຂອງບຸກຄົນເຫຼົ່ານັ້ນ ປະກອບເປັນຮາກຖານຂອງສິດເສລີພາບ ຍຸດຕິທຳ ແລະ ສັນຕິພາບຂອງໂລກ.</para>
    <para>ດ້ວຍເຫດວ່າ: ການບໍ່ຮັບຮູ້ ແລະ ໜີ່ນປະໝາດຕໍ່ສິດຂອງມະນຸດນັ້ນໄດ້ເປັນຕົ້ນເຫດໃຫ້ເກີດການກະທຳຢ່າງປ່າເຖື່ອນຊື່ງຈະເຮັດໃຫ້ແຄ້ນໃຈຕໍ່ມະໂນທຳຂອງມະນຸດ ແລະ ເຫັນວ່າການນຳຊື່ງໂລກມະນຸດທີ່ຈະມີອິດສະຫຼະໃນການສະແດງຄວາມເວົ້າ ແລະ ຄວາມເຊື່ອຖືຊື່ງຈະພົ້ນຈາກຄວາມຫວາດຫວັ່ນ ຢ້ານກົວ ແລະ ຍາກຈົນຂົ້ນແຄ້ນນັ້ນໄດ້ຖືກປະກາດວ່າ: ເປັນຄວາມປາຖະໜາອັນຍອດຍີ່ງຂອງມະນຸດ.</para>
    <para>ດ້ວຍເຫດວ່າ: ມີຄວາມສຳຄັນທີ່ຕ້ອງລະບຽບສິດປ້ອງກັນສິດທັງຫຼາຍຂອງມະນຸດເພື່ອບໍ່ໃຫ້ບຸກຄົນຖືກບັງຄັບໃຈໃຫ້ຕໍ່ສູ້ຄວາມບຽດບຽນຂ້ຽວແຂ້ນແລະຄວາມກົດຂີ່ຂົ່ມເຫງຈົນເຫຼືອວິໃສ.</para>
    <para>ດ້ວຍເຫດວ່າ: ເປັນຂໍ້ສຳຄັນທີ່ຕ້ອງເຊີດຊູສຳພັນທະໄມຕີລະຫວ່າງປະເທດຊາດໃຫ້ດີຍີ່ງຂື້ນ;</para>
    <para>ດ້ວບເຫດວ່າ: ໃນກົດໝາຍໂລກນັ້ນປະຊາຊົນແຫ່ງສະຫະປະຊາຊາດໄດ້ປະກາດຢືນຢັນຄວາມເຊື່ອຖືຂອງຕົນອີກໃນສິດສຳຄັນຂອງມະນຸດ ໃນກຽດຕິສັກ ແລະ ຄຸນຄ່າຂອງບຸກຄົນໃນຄວາມສະເໝີພາບຂອງສິດສ່ວນບຸກຄົນຜູ້ຊາຍ ຫຼື ຜູ້ຍິງ ແລະ ເຫັນວ່າ:ປະຊາຊົນເຫຼົ່ານັ້ນໄດ້ປະກາດຕົນເປັນຜູ້ຈະເລີນພໍແລ້ວທີ່ຈະຊ່ວຍສະໜັບສະໜູນຄວາມກ້າວໜ້າທາງດ້ານສັງຄົມປະລະຈະຈັດຕັ້ງມາດຕະຖານການຄອງຊີບໃຫ້ດີຍີ່ງຂື້ນໂດຍເສລີພາບອັນກວ້າງຂວາງ:</para>
    <para>ດ້ວຍເຫດວ່າ: ລັດສະມາຊິກຕ່າງໆໄດ້ໃຫ້ຄວາມໝັ້ນສັນຍາວ່າຈະຮ່ວມມືກັບອົງການສະຫະປະຊາຊາດເພື່ອຈັດດຳເນີນການໃຫ້ການນັບຖືສິດທັງຫຼາຍຂອງມະນຸດ ແລະ ສິດເສລີພາບອັນສຳຄັນທັງມວນໄດ້ເປັນໄປທົ່ວໂລກຢ່າງປະຈັກ.</para>
    <para>ດ້ວຍເຫດວ່າ: ຄວາມເຂົ້າໃຈໃນສິດເສລີພາບເຫຼົ່ານີ້ໂດຍທົ່ວກັນເປັນຂໍ້ສຳຄັນຍີ່ງເພື່ອປະຕິບັດຕາມສັນຍານີ້ຢ່າງສົມບູນ.</para>
    <para>ກອງປະຊຸມໃຫຍ່ຈື່ງປະກາດວ່າ:</para>
    <para>ປະກາດສາກົນກ່ຽວກັບສິດຂອງມະນຸດສະບັບນີ້ເປັນອຸດົມຂະຕິຮ່ວມກັນທີ່ຈະໃຫ້ຊົນຊາດ ແລະ ປະເທດຊາດທຸກໆຊາດບັນລຸເຖິງ ເພື່ອຈະໃຫ້ບຸກຄົນທຸກຄົນ ແລະ ອົງການສັງຄົມທຸກອົງການ ຊື່ງຖືເອົາປະກາດນີ້ເປັນນິໃສປະຈຳໃຈສະເໝີນັ້ນພະຍາຍາມຈັດການໃຫ້ມີຜູ້ນັບຖືສິດ ແລະ ເສລີພາບເຫຼົ່ານີ້ໃຫ້ກວ້າງຂວາງອອກໄປໂດຍການສຶກສາ ແລະ ການອົບຮົມ ແລະ ຈັດການໃຫ້ມີຜູ້ຮັບຮູ້ ແລະ ປະຕິບັດສິດ ແລະ ເສລີພາບນີ້ທົ່ວໄປຢ່າງປະຈັກໂດຍໃຊ້ລະບຽບຕາມຂັ້ນຂອງຊາດໃຫ້ໄດ້ຜົນເປັນລຳດັບຂື້ນໄປ; ການນັບຖືສິດ ແລະ ເສລີພາບນີ້ໃຫ້ດຳເນີນໄປໃນທ່າມກາງຊາວຊົນພົນລະເມືອງຂອງບັນດາລັດສະມາຊິກນັ້ນເອງພ້ອມກັບທັງຊາວຊົນພົນລະເມືອງຂອງບັນດາດິນແດນທີ່ຢູ່ໃນອຳນາດແຫ່ງກົດໝາຍຂອງລັດເຫຼົ່ານັ້ນດ້ວຍ.</para>
  </preamble>

  <article number="1">
    <title>ມາດຕາ 1:</title>
    <para>ມະນຸດເກີດມາມີສິດເສລີພາບ ແລະ ສະເໝີໜ້າກັນໃນທາງກຽດຕິສັກ ແລະ ທາງສິດດ້ວຍມະນຸດມີສະຕິສຳປັດຊັນຍະ(ຮູ້ດີຮູ້ຊົ່ວ)ແລະມີມະໂນທຳຈື່ງຕ້ອງປະພຶດຕົນຕໍ່ກັນໃນທາງພີ່ນ້ອງ.</para>
  </article>

  <article number="2">
    <title>ມາດຕາ 2:</title>
    <para>ຂໍ້ 1.ຄົນຜູ້ໃດກໍ່ອ້າງຕົນໄດ້ວ່າ:ມີສິດ ແລະ ເສລີພາບທຸກຢ່າງທີ່ໄດ້ປ່າວຮ້ອງຢູ່ໃນປະກາດສະບັບນີ້ໂດຍບໍ່ເລືອກໜ້າ ບໍ່ຈຳກັດເຊື້ອຊາດ,ຜິວເນື້ອ,ເພດ,ສາສະໜາ ຄວາມຄິດເຫັນໃນດ້ານການເມືອງ ຫຼື ອື່ນໆ ກຳເນີດແຫ່ງຊາດຫຼື ສັງຄົມຖານະການມີຊັບສົມບັດມາກ ຫຼື ນ້ອຍ,ມີຕະກຸນ ຫຼື ຖານະອື່ນໆ.</para>

    <para>ຂໍ້ 2.ອີກປະການໜື່ງ ຈະບໍ່ຈຳກັດຢ່າງໃດໃນການແຕກຕ່າງກັນອັນເນື່ອງມາຈາກລະບຽບການເມືອງການປົກຄອງ ຫຼື ລະຫວ່າງຊາດຂອງປະເທດ ຫຼື ດິນແດນ ຊື່ງບຸກຄົນຜູ້ໃດຜູ້ໜື່ງສັງກັດຢູ່;ດິນແດນນັ້ນຈຳເປັນເອກະລາດຢູ່ໃນຄວາມອາລັກຂາຂອງມະຫາອຳນາດ ຫຼື ບໍ່ມີອິດສະຫຼະ ຫຼື ຖືກລົດອະທິປະໄຕລົງໂດຍຈຳກັດກໍ່ຕາມ.</para>
  </article>

  <article number="3">
    <title>ມາດຕາ 3.</title>
    <para>ບຸກຄົນທຸກຄົນມີສິດດຳລົງຊີວິດ ມີສິດເສລີພາບ ແລະ ຄວາມປອດໄພໃນຕົວ.</para>
  </article>

  <article number="4">
    <title>ມາດຕາ 4.</title>
    <para>ບໍ່ມີຜູ້ໃດເລີຍທີ່ຈະຕ້ອງຖືວ່າ:ມີອາການເປັນທາດ ແລະ ເປັນຂ້ອຍເປັນຂ້າການເປັນທາດ ແລະ ຂ້າທາດນັ້ນ ເປັນສີ່ງທີ່ຕ້ອງຫ້າມທຸກປະການ.</para>
  </article>

  <article number="5">
    <title>ມາດຕາ 5.</title>
    <para>ບໍ່ມີຜູ້ໃດເລີຍທີ່ຈະຕ້ອງຖືກທໍລະມານຕົວ ຖືກໂທດ ຫຼື ຂະນາບຢ່າງມາລຸນໂຫດຮ້າຍຢ່າງຂາດມະນຸດສະທຳ ຫຼື ເຊື່ອມເສຍກຽດຕິຍົດ.</para>
  </article>

  <article number="6">
    <title>ມາດຕາ 6.</title>
    <para>ບຸກຄົນຜູ້ໃດກໍລະນີມີສິດທີ່ຈະຮັບຮູ້ນິໃສປະຈຳບຸກຄົນທີ່ປະຕິບັດກັນໃນທາງກົດໝາຍນະສະຖານທີ່ທຸກແຫ່ງ.</para>
  </article>

  <article number="7">
    <title>ມາດຕາ 7.</title>
    <para>ບຸກຄົນສະເໝີກັນຕໍ່ໜ້າກົດໝາຍ ແລະ ມີສິດທີ່ຈະໄດ້ຮັບຄວາມຄຸ້ມຄອງຂອງກົດໝາຍເທົ່າທຽມກັນໂດຍບໍ່ມີການແຕກຕ່າງທຸກຄົນມີສິດທີ່ຈະໄດ້ຮັບຄວາມຄຸ້ມຄອງເທົ່າທຽມກັນຕໍ່ການກະທຳໃດໆທີ່ຖືກບຸກຄົນແຕກຕ່າງກັນອັນອາດເປັນການລະເມີດໃບປະກາດສະບັບນີ້ ແລະ ຕໍ່ການທ້າທາຍໃດໆທີ່ຈະຖືໃຫ້ແຕກຕ່າງກັນດັ່ງນີ້:</para>
  </article>

  <article number="8">
    <title>ມາດຕາ 8.</title>
    <para>ທຸກຄົນມີສິດທີ່ຈະເພີ່ງສານປະຈຳຊາດທີ່ມິອຳນາດເພື່ອຕໍ່ວ່າການກະທຳອັນເປັນການລະເມີດສິດສຳຄັນລັດຖະທຳມະນູນ ຫຼືກົດໝາຍໄດ້ຮັບຮູ້ແລ້ວນັ້ນ.</para>
  </article>

  <article number="9">
    <title>ມາດຕາ 9.</title>
    <para>ບຸກຄົນໃດບໍ່ອາດຖືກຈັບກຸມຄຸມຂັງ ແລະ ເນລະເທດໂດຍລຳພັງໃຈເລີຍ.</para>
  </article>

  <article number="10">
    <title>ມາດຕາ 10.</title>
    <para>ບຸກຄົນແຕ່ລະຄົນມີສິດເສລີພາບຢ່າງເຕັມທີ່ ທີ່ຈະໄຫ້ສານອິດສະຫຼະ ແລະ ທ່ຽງທຳຟັງຄວາມກ່າວຫາຂອງຕົນຢ່າງຍຸດຕິທຳ ແລະ ເປີດເຜີຍສານນັ້ນຈະພິຈາລະນາຕົກລົງຕາມສິດ ແລະ ໜ້າທີ່ຂອງບຸກຄົນ ຫຼື ຕາມຄຳກ່າວຫາໃສ່ບຸກຄົນຜູ້ນັ້ນຢ່າງມີເຫດຜົນພຽງພໍຢູ້ໃນພະແນກອາຍາ.</para>
  </article>

  <article number="11">
    <title>ມາດຕາ 11.</title>
    <orderedlist>
      <listitem tag='ຂໍ້ 1.'>
	<para>ບຸກຄົນຜູ້ໃດທີ່ຖືກກ່າວຫາກະທຳຜິດກົດໝາຍນັ້ນຕ້ອງໃຫ້ຖືວ່າບໍ່ມີຄວາມຜິດຈົນກວ່າຄວາມຜິດຂອງຜູ້ນັ້ນຈະປະກົດຂື້ນຕາມກົດໝາຍໃນລະຫວ່າງການດຳເນີນຄະດີຊ້ອງໜ້າປະຊາຊົນ ໃນລະຫວ່າງນັ້ນຕ້ອງໃຫ້ບຸກຄົນຜູ້ກ່ຽວຂ້ອງໄດ້ມີປະກັນອັນຄວນໃນການຕໍ່ສູ້ຄະດີຂອງຕົນ.</para>
      </listitem>
      <listitem tag='ຂໍ້ 2.'>
	<para>ຜູ້ໃດຜູ້ໜື່ງຈະບໍ່ຖືກໂທດເລີຍໃນການກະທຳ ຫຼື ການຫຼົງລືມຖ້າຫາກວ່າໃນຄະນະທີ່ທຳນັ້ນເຫັນວ່າບໍ່ຜິດຕໍ່ກົດໝາຍຂອງຊາດ ຫຼື ລະຫວ່າງຊາດໃນທຳນອງດຽວກັນ ບໍ່ຄວນຈະປັບໃໝໃສ່ໂທດບຸກຄົນຜູ້ນັ້ນໃຫ້ໜັກກວ່າໂທດທີ່ໃຊ້ປະຕິບັດໃນຄະນະທີ່ກະທຳຄວາມຜິດນັ້ນ.</para>
      </listitem>
    </orderedlist>
  </article>

  <article number="12">
    <title>ມາດຕາ 12.</title>
    <para>ບຸກຄົນຜູ້ໃດຈະຖືກຜູ້ອື່ນແຊກແຊງກ່ຽວຂ້ອງໂດຍລຳພັງໃຈໃນການດຳເນີນຊີວິດຂອງຕົນເອງຄອບຄົວຂອງຕົນກ່ຽວຂ້ອງນຳທີ່ພັກອາໃສຂອງຕົນ ຫຼື ນຳຈົດໝາຍທີ່ຂຽນໄປມາຫາກັນ ຫຼື ຈະຖືກບຽດບຽນກຽດຕິຍົດ ແລະ ຊື່ສຽງຂອງຕົນນັ້ນບໍ່ໄດ້ເລີຍບຸກຄົນທຸກຄົນມີສິດທີ່ຈະຢູ່ໃນຄວາມ ຄຸ້ມຄອງຂອງກົດໝາຍເພື່ອຕໍ່ວ່າການແຊກແຊງ ຫຼື ການບຽດບຽນເຊັ່ນນັ້ນ.</para>
  </article>

  <article number="13">
    <title>ມາດຕາ 13.</title>
    <orderedlist>
      <listitem tag='ຂໍ້ 1.'>
	<para> ບຸກຄົນທຸກຄົນມີສິດທີ່ຈະທ່ອງທ່ຽວໄປມາໂດຍເສລີ ແລະ ເລືອກທີ່ຕັ້ງພູມລຳເນົາຢູ່ພາຍໃນລັດ ຫຼື ລັດໜື່ງ.</para>
      </listitem>
      <listitem tag='ຂໍ້ 2.'>
	<para> ບຸກຄົນແຕ່ລະຄົນມີສິດທີ່ຈະຈາກປະເທດໃດປະເທດໜື່ງໄປ ນັບທັງປະເທດຂອງຕົນດ້ວຍ ແລະ ກັບຄືນມາໃນປະເທດຂອງຕົນໄດ້.</para>
      </listitem>
    </orderedlist>
  </article>

  <article number="14">
    <title>ມາດຕາ 14.</title>
    <orderedlist>
      <listitem tag='ຂໍ້ 1.'>
	<para> ບຸກຄົນທຸກຄົນເມື່ອຖືກບຽດບຽນຂ້ຽວເຂັນນັ້ນສິດທີ່ຈະຫາທີ່ອາໄສ ແລະ ຮັບເອົາທີ່ອາໄສໃນປະເທດອື່ນກໍ່ໄດ້.</para>
      </listitem>
      <listitem tag='ຂໍ້ 2.'>
	<para> ສິດສ່ວນນີ້ບໍ່ໃຫ້ອ້າງອອກໃດ້ໃນກໍລະນີທີ່ຄຳຮ້ອງຟ້ອງກ່າວຫາຫາກມີເຫດຜົນຕາມຄວາມຈິງອັນກ່ຽວແກ່ໂທດທາງກົດໝາຍລະຫວ່າງຊາດ ຫຼື ກ່ຽວເຖິງການກະທຳທີ່ຂັດຕໍ່ຫຼັກການ ແລະ ຄວາມມຸ້ງໝາຍຂອງສະຫະປະຊາຊາດ.</para>
      </listitem>
    </orderedlist>
  </article>

  <article number="15">
    <title>ມາດຕາ 15.</title>
    <orderedlist>
      <listitem tag='ຂໍ້ 1.'>
	<para> ບຸກຄົນຜູ້ໃດກໍ່ຈະມີສິດມີສັນຊາດ.</para>
      </listitem>
      <listitem tag='ຂໍ້ 2.'>
	<para> ບໍ່ມີຜູ້ໃດເລີຍທີ່ຈະຖືກຖອນສັນຊາດຂອງຕົນໂດບລຳພັງໃຈ ຫຼື ຖືກຖອນສິດໃນການປ່ຽນສັນຊາດ.</para>
      </listitem>
    </orderedlist>
  </article>

  <article number="16">
    <title>ມາດຕາ 16.</title>
    <orderedlist>
      <listitem tag='ຂໍ້ 1.'>
	<para> ຕັ້ງແຕ່ມີອາຍຸລຸ້ນບ່າວສາວຂື້ນໄປຜູ້ຊາຍ ແລະ ຜູ້ຍິງໂດຍບໍ່ຈຳກັດສັນຊາດ ເຊື້ອຊາດ ຫຼື ສາສະໜາ ມີສິດທີ່ຈະສົມລົດ(ແຕ່ງດອງເອົາກັນເປັນຜົວເມຍ) ແລະ ສ້າງຄອບຄົວຄູ່ສົມລົດມີສິດສະເໝີກັນໃນເມື່ອວິວາຫະມົງຄົນ ໃນລະຫວ່າງຢູ່ກິນດ້ວຍກັນຖານຜົວເມຍ ແລະ ໃນຂະນະທີ່ມີການເລີກວິວາຫະມົງຄົນ.</para>
      </listitem>
      <listitem tag='ຂໍ້2.'>
	<para> ການສົມລົດຈະຕົກລົງກັນໄດ້ກໍ່ແຕ່ເມື່ອຄູ່ສົມລົດໄດ້ໃຫ້ຄວາມສົມຍອມ ຢ່າງເຕັມໃຈ ແລະ ເດັດຂາດ.</para>
      </listitem>
      <listitem tag='ຂໍ້3.'>
	<para> ຄອບຄົວເປັນວັດຖຸທຳມະຊາດ ແລະ ຫຼັກສຳຄັນຂອງສັງຄົມ ແລະ ມີສິດທີ່ຈະໄດ້ຮັບຄວາມຄຸ້ມຄອງຈາດສັງຄົມ ແລະ ຈາກລັດ.</para>
      </listitem>
    </orderedlist>
  </article>

  <article number="17">
    <title>ມາດຕາ 17.</title>
    <orderedlist>
      <listitem tag='ຂໍ້ 1.'>
	<para> ບຸກຄົນທຸກຄົນໂດຍລຳພັງ ຫຼື ໃນໝູ່ຄະນະກໍ່ຄືມີສິດທີ່ຈະເປັນເຈັ້າຂອງໂດຍກຳມະສິດ.</para>
      </listitem>
      <listitem tag='ຂໍ້ 2.'>
	<para> ຜູ້ໃດຈະຖອນກຳມະສິດຂອງບຸກຄົນນັ້ນໂດຍລຳພັງໃຈບໍ່ໄດ້ເລີຍ.</para>
      </listitem>
    </orderedlist>
  </article>

  <article number="18">
    <title>ມາດຕາ 18.</title>
    <para>ບຸກຄົນທຸກຄົນມີສິດເສລີພາບໃນຄວາມຄິດໃນຄວາມເຊື່ອຖື ແລະ ການຖືສາສະໜາ ສິດສ່ວນນີ້ກ່ຽວຂ້ອງດ້ວຍສິດເສລີພາບໃນການປ່ຽນສາສະໜາໃໝ່ ຫຼື ຄວາມເຊື່ອຖືຢ່າງຈິງໃຈ ແລະ ເສລີພາບໃນການສະແດງໃຫ້ເຫັນສາສະໜາຂອງຕົນ ຫຼື ຄວາມເຊື່ອຖືຢ່າງຈິງໃຈຂອງຕົນໃນການສອນໂດຍການກະທຳພິທີນະມັດສະການ ແລະ ປະຕິບັດຕາມຈາຮີດປະເພນີການສະແດງນັ້ນກະທຳໂດຍລຳພັງ ຫຼື ຮ່ວມໝູ່ຄະນະກໍ່ຕາມ.</para>
  </article>

  <article number="19">
    <title>ມາດຕາ 19.</title>
    <para>ບຸກຄົນທຸກຄົນມີສິດເສລີພາບໃນການອອກ ແລະ ສະແດງຄວາມຄິດຄວາມເຫັນ ດັ່ງນັ້ນຈື່ງເປັນອັນວ່າ: ກ່ຽວແກ່ສິດທີ່ບໍ່ຕ້ອງວິຕົກໃນຄວາມຄິດຄວາມເຫັນຂອງຕົນ ແລະ ສິດທີ່ຈະສືບຫາຮັບແຜ່ພາບຂ່າວ ແລະ ຄວາມຄິດໂດຍວິທີໃດກໍ່ຕາມ ແລະ ໂດຍບໍ່ຈຳກັດເຂດແດນຂອງປະເທດ.</para>
  </article>

  <article number="20">
    <title>ມາດຕາ 20.</title>
    <orderedlist>
      <listitem tag='ຂໍ້ 1.'>
	<para> ບຸກຄົນທຸກຄົນມີສິດເສລີພາບໃນການປະຊຸມ ແລະ ສະມາຄົມໃນທາງສັນຕິສຸກ.</para>
      </listitem>
      <listitem tag='ຂໍ້ 2.'>
	<para> ບໍ່ມີຜູ້ໃດເລີຍທີ່ຈະຕ້ອງຖືກບັງຄັບໃກ້ເຂົ້າເປັນສະມາຊິກໃນສະມາຄົມໃດສະມາຄົມໜື່ງ.</para>
      </listitem>
    </orderedlist>
  </article>

  <article number="21">
    <title>ມາດຕາ 21.</title>
    <orderedlist>
      <listitem tag='ຂໍ້ 1.'>
	<para> ບຸກຄົນທຸກຄົນມີສິດທີ່ຈະຮ່ວມໃນການບໍລິຫານກິຈະການແຜ່ນດິນໃນປະເທດຂອງຕົນໂດຍຕົງກໍ່ດີໂດຍຜູ້ຕາງໜ້າທີ່ໄດ້ເລືອກຕາມອຳເພີໃຈແລ້ວກໍ່ດີ.</para>
      </listitem>
      <listitem tag='ຂໍ້ 2.'>
	<para> ບຸກຄົນທຸກຄົນມີສິດທີ່ຈະຮັບຕຳແໜ່ງລາດສະການແຫ່ງປະເທດຂອງຕົນຕາມກໍລະນີສະເໝີພາກ.</para>
      </listitem>
      <listitem tag='ຂໍ້ 3.'>
	<para> ຄວາມເຈດຕະນາຂອງຊົນຊາດແມ່ນຫຼັກສຳຄັນຂອງອຳນາດສາທາລະນະ, ຄວາມເຈດຕະນານີ້ຕ້ອງໃຫ້ສະແດງອອກມາຕາມພິທີຄັດເລືອກຢ່າງສຸດຈະຫຼິດຊື່ງຈະຕ້ອງກະທຳກັນຕາມກຳນົດເວລາໂດຍມີການລົງຄະແນນສຽງສະເໝີກັນທົ່ວໄປ ແລະ ດ້ວຍພິທີລັບ ຫຼື ຕາມພິທີດຽວກັນທີ່ໄຫ້ເສລີພາບໃນການລົງຄະແນນສຽງ.</para>
      </listitem>
    </orderedlist>
  </article>

  <article number="22">
    <title>ມາດຕາ 22.</title>
    <para>ຂໍ້ 1. ບຸກຄົນທຸກຄົນໃນຖານະທີ່ເປັນສະມາຊິກຂອງສັງຄົມມີສິດທີ່ຈະໄດ້ຮັບຄວາມປອດໄພດ້ານສັງຄົມ;ບຸກຄົນທຸກຄົນມີສິດທີ່ຈະໄດ້ຮັບຄວາມພໍໃຈໃນສິດທີ່ກ່ຽວຂ້ອງແກ່ເສດຖະກິດ ສັງຄົມ ແລະ ວັດທະນາທຳຊື່ງຈຳເປັນແກ່ກຽດຕິສັກຂອງຕົນໂດຍເສລີທັງນີ້ຍ້ອນຄວາມພະຍາຍາມຂອງຊາດ ແລະ ຄວາມຮ່ວມມືລະຫວ່າງຊາດໂດຍຄຳນືງເຖິງການວາງລະບຽບ ແລະ ຊັບສົມບັດຂອງແຕ່ລະປະເທດ.</para>
  </article>

  <article number="23">
    <title>ມາດຕາ 23.</title>
    <orderedlist>
      <listitem tag='ຂໍ້ 1.'>
	<para>ບຸກຄົນທຸກຄົນມີສິດທີ່ຈະເຮັດວຽກເຮັດການເລືອກການງານຂອງຕົນຕາມລຳເພີງໃຈຕາມກໍລະນີທີ່ເປັນທຳ ແລະ ພໍໃຈ ແລະ ມີສິດທີ່ຈະໄດ້ຮັບຄວາມຄຸ້ມຄອງຕໍ່ການຂາດງານທຳ.</para>
      </listitem>
      <listitem tag='ຂໍ້ 2.'>
	<para> ທຸກຄົນມີສິດທີ່ຈະໄດ້ຮັບຄ່າຈ້າງສົມກັບງານທີ່ທຳນັ້ນໂດຍບໍ່ມີການແຕກຕ່າງກັນ.</para>
      </listitem>
      <listitem tag='ຂໍ້ 3.'>
	<para> ບຸກຄົນຜູ້ໃດທຳການງານມີສິດທີ່ຈະຮັບລາງວັນຕາມຄວາມຍຸດຕິທຳ ແລະ ພໍໃຈເພື່ອລ້ຽງຊີບຂອງຕົນ ແລະ ຄອບຄົວໂດຍສົມກຽດ ແລະ ຖ້າເປັນການສົມຄວນກໍ່ຈະໄດ້ຮັບຄວາມຄຸ້ມຄອງຈາກສັງຄົມໂດຍວິທີອື່ນໆອີກດ້ວຍ.</para>
      </listitem>
      <listitem tag='ຂໍ້4.'>
	<para> ບຸກຄົນທຸກຄົນມີສິດທີ່ຈະຕັ້ງສະມາຄົມຂື້ນກັບພັກພວກອື່ນໆ ແລະ ເຂົາເປັນສະມາຊິກເພື່ອປ້ອງກັນຜົນປະໂຫບດຂອງຕົນ.</para>
      </listitem>
    </orderedlist>
  </article>

  <article number="24">
    <title>ມາດຕາ 24.</title>
    <para>ບຸກຄົນທຸກຄົນມີສິດທີ່ຈະພັກຜ່ອນຢ່ອນໃຈ (ມີເວລາຫວ່າງ) ແລະ ເປັນຕົ້ນວ່າໄລຍະເວລາທຳນັ້ນຈະໄດ້ຖືກກະໃຫ້ມີກຳນົດໄວ້ຕາມສົມຄວນສ່ວນຄ່າຈ້າງລາຍວັນນັ້ນກໍ່ຈະໄດ້ຄິດໃຫ້ລຳສັບເວລາພັກຜ່ອນຕາມກຳນົດດ້ວຍ.</para>
  </article>

  <article number="25">
    <title>ມາດຕາ 25.</title>
    <orderedlist>
      <listitem tag='ຂໍ້ 1.'>
	<para> ບຸກຄົນທຸກຄົນທີ່ຈະມີມາດຕະຖານການຄອງຊີບພຽງພໍເພື່ອສຸຂະພາບ ແລະ ຄວາມສະບາຍຂອງຕົນ ແລະ ຄອບຄົວຂອງຕົນເປັນຕົ້ນວ່າສຳລັບອາຫານການກິນເຄື່ອງນຸ່ງຮົ່ມທີ່ພັກອາໃສ ການຮັກສາຕົວຈາກແພດພ້ອມທັງການກ່ຽວແກ່ສັງຄົມທີ່ຈຳເປັນນັ້ນດ້ວຍ;ບຸກຄົນທຸກຄົນມີສິດທີ່ຈະຮັບການປອດໄພໃນເມື່ອຂາດທຳງານໃນເມື່ອມີຄວາມເຈັບເປັນຖືກພິການ ເປັນໝ້າຍເຖົ້າແກ່ສະລາ ຫຼື ຢູ່ໃນສະຖານອື່ນໆເຊັ່ນ:ຂາດພິທີຫາລ້ຽງຊີບອັນເນື່ອງມາຈາກເຫດການທີ່ເກີດຂື້ນຢ່າງບໍ່ເຈດຕະນານັ້ນ.</para>
      </listitem>
      <listitem tag='ຂໍ້ 2.'>
	<para> ມາດາຜູ້ຄອດບຸດ ແລະ ເດັກທີ່ເກີດໃໝ່ມີສິດທີ່ຈະໄດ້ຮັບການຊົດຊ່ອຍ ແລະ ຄວາມຊ່ວຍເຫຼືອໂດຍສະເພາະເດັກນ້ອຍທຸກຄົນທີ່ເກີດມາກາງວິວາຫະມົງຄົນ ຫຼື ນອກວິວາຫະມົງຄົນມີສິດທີ່ຈະໄດ້ຮັບຄວາມຄຸ້ມຄອງຈາກສັງຄົມເຊັ່ນດຽວກັນ.</para>
      </listitem>
    </orderedlist>
  </article>

  <article number="26">
    <title>ມາດຕາ 26.</title>
    <orderedlist>
      <listitem tag='ຂໍ້ 1.'>
	<para>ບຸກຄົນທຸກຄົນມີສິດທີ່ຈະໄດ້ຮັບການອົບຮົມສຶກສາ, ການອົບຮົມສຶກສານັ້ນຕ້ອງດຳເນີນໂດຍບໍ່ໃຫ້ມີການເສຍຄ່າ, ຢ່າງໜ້ອຍຕ້ອງແມ່ນການສືກສາຊັ້ນມູນ ແລະ ທີເປັນເຄົ້າສຳລັບມູນສືກສາ ດຳເນີນໂດຍບໍ່ມີການເສຍຄ່າການສຶກສາວິຊາສະເພາະ ແລະ ອະຊິວະສືກສາຕ້ອງໃຫ້ດຳເນີນທົ່ວໄປ, ສ່ວນອຸດົມສືກສານັ້ນຕ້ອງເປີດໃຫ້ແກ່ບຸກຄົນທຸກຄົນໂດຍສະເໝີພາບເຕັມທີ່ ແລະ ຕາມຄຸນນະວຸດທິຂອງບຸກຄົນ.</para>
      </listitem>
      <listitem tag='ຂໍ້ 2.'>
	<para> ການອົບຮົມສຶກສານັ້ນຕ້ອງໄດ້ມຸ້ງໄປຫາຄວາມເບີກບານອັນເຕັມທີ່ຂອງບຸກຄະລິກແຫ່ງມະນຸດ ແລະ ມຸ້ງເຖິງຄວາມນັບຖືສິດຂອງມະນຸດ. 'ແລະ ເສລີພາບສ່ວນສຳຄັນນັ້ນໃຫ້ມາກຍີ່ງຂື້ນການອົບຮົມສຶກສາຕ້ອງສະໜັບສະໜູນຄວາມເຂົ້າໃຈຄວາມຜ່ອນຜັນ ແລະ ມິດຕະພາບລະຫວ່າງປະເທດຊາດທຸກປະເທດ ແລະ ໝູ່ກຸ່ມເຊື້ອຊາດ ຫຼື ສາສະໜາທຸກເຫຼົ່າພ້ອມດ້ວຍຂະຫຍາຍການດຳເນີນຂອງສະຫະປາຊາຊາດເພື່ອຮັກສາໄວ້ຊື່ສັນຕິພາບ.'</para>
      </listitem>
      <listitem tag='ຂໍ້ 3.'>
	<para> ພໍ່ແມ່ມີສິດກ່ອນເພີ່ນທີ່ຈະເລືອກເອົາຊະນິດການອົບຮົມສຶກສາທີ່ຈະໄຫ້ລູກຂອງຕົນໄດ້ຮັບນັ້ນ.</para>
      </listitem>
    </orderedlist>
  </article>

  <article number="27">
    <title>ມາດຕາ 27.</title>
    <orderedlist>
      <listitem tag='ຂໍ້ 1.'>
	<para>ບຸກຄົນທຸກຄົນທີ່ສິດທີ່ຈະເຂົ້າຮ່ວມດຳເນີນການສຶກສາໃນໝູ່ຄະນະໂດຍເສລີຮັບຄວາມເພີດເພີນຈາກສິນລະປະ ແລະ ຮ່ວມມືຈັດການກ້າວໜ້າໃນດ້ານວິທະຍາສາດ ແລະ ຜົນປະໂຫຍດທີ່ຈະໄດ້ມານັ້ນດ້ວຍ.</para>
      </listitem>
      <listitem tag='ຂໍ້ 2.'>
	<para> ຜູ້ໃດກໍ່ມີສິດທີ່ຈະໄດ້ຮັບຄວາມຄຸ້ມຄອງຈາກຜົນປະໂຫຍດທາງກາຍ ແລະ ໃຈອັນເກີດມາຈາກການດຳເນີນທຸກຢ່າງໃນດ້ານວິທະຍາສາດວັນນະຄະດີ ຫຼື ສິນລະປະຊື່ງຕົນເປັນເຈົ້າຂອງນັ້ນ.</para>
      </listitem>
    </orderedlist>
  </article>

  <article number="28">
    <title>ມາດຕາ 28.</title>
    <para>ບຸກຄົນທຸກຄົນມີສິດທີ່ຈະມີການສະຫງົບເກີດຂື້ນໃນດ້ານສັງຄົມ ແລະ ໃນດ້ານຕ່າງປະເທດເພື່ອຈະໃຫ້ມີສິດ ແລະ ເສລີພາບທັງມວນທີ່ໄດ້ກ່າວໃນໃບປະກາດສະບັບນີ້ດຳເນີນໄປຢ່າງສັກສິດສົມບູນ.</para>
  </article>

  <article number="29">
    <title>ມາດຕາ 29.</title>
    <orderedlist>
      <listitem tag='ຂໍ້ 1.'>
	<para> ບຸກຄົນໃດກໍ່ມີໜ້າທີ່ຊື່ງຕ້ອງປະຕິບັດຕໍ່ໝູ່ຄະນະໃນສັງຄົມ; ຄວາມຈະເລີນແຫ່ງບຸກຄະລິກຂອງຕົນຈະດຳເນີນໄປໄດ້ຢ່າງເສລີ ແລະ ສົມບູນກໍ່ແຕ່ໃນວົງໝູ່ຄະນະເທົ່ານັ້ນ.</para>
      </listitem>
      <listitem tag='ຂໍ້ 2.'>
	<para> ໃນການປະຕິບັດສິດ ແລະ ເສລີພາບຂອງຕົນນັ້ນທຸກຄົນໃດຕ້ອງດຳເນີນຢູ່ໃນຂອບເຂດແຫ່ງກົດໝາຍທີ່ຕັ້ງໄວ້ນັ້ນທັງສີ້ນຢ່າງເໝາະສົມແກ່ຄວາມຕ້ອງການຂອງທຳມະຈະລິຍາຄວາມສະຫງົບຂອງສາທາລະນະຊົນ ແລະ ສັນຕິສຸກຮ່ວມກັນໃນສັງຄົມປະຊາທິປະໄຕ.</para>
      </listitem>
      <listitem tag='ຂໍ້ 3.'>
	<para> ໃນສະຖານໃດກໍ່ດີສິດ ແລະ ເສລີພາບເຫຼົ່ານີ້ບໍ່ຄວນໃຫ້ປະຕິບັດໄປໃນທາງຂັດຂວາງຕໍ່ຈຸດໝາຍ ແລະ ຫຼັກການຂອງສະຫະປະຊາຊາດ.</para>
      </listitem>
    </orderedlist>
  </article>

  <article number="30">
    <title>ມາດຕາ 30.</title>
    <para>ຂໍ້ໃດຂໍ້ໜື່ງໃນປະກາດສະບັບນີ້ບໍ່ໃຫ້ເອົາຕິດຄວາມເຂົ້າໄປໃນທາງອັນກ່ຽວແກ່ສິດໃດສິດໜື່ງສະລັບລັດໃດລັດໜື່ງ ໝູ່ຄະນະໃດຄະນະໜື່ງ ຫຼື ບຸກຄົນໃດບຸກຄົນໜື່ງທີ່ຈະດຳເນີນຫຼື ປະຕິບັດການອັນມຸ້ງທຳລາຍສິດ ແລະ ເສລີພາບທັງມວນຢູ່ໃນປະກາດສະບັບນີ້.</para>
  </article>
</udhr>

