<?xml version="1.0" encoding="UTF-8"?>

<!--© The Office of the High Commisioner for Human Rights-->

<udhr iso639-3='uig' xml:lang='ug-Latn' key='uig_latn' n='Uyghur (Latin)' xmlns="http://www.unhchr.ch/udhr">
   <title>dunya kishilik hoquqi xitabnamisi</title>
   <preamble>
      <title>söz béshi</title>
      <para>insanlar ailisining barliq ezalirining özige xas izzet-hörmitini shuningdek ularning barwer we tewrenmes hoquqini etrap qilishning dunyawi erkinlik, heqqaniyet we tinchliqning asasi ikenliki.</para>
      <para>kixilik hoquqigha étibarsiz qarash we haqaret kelturush ewj élip kixilerning wijdanini bulghaydighan yawuz zorawanliqqa aylan'ghanliqi, hemme adem söz erkinliki we étikad erkinlikidin behrimen bolidighan hemde wehime we namratliqtin xaliy bolidighan dunyaning yetip kélishi addiy xelqning aliy arzusi dep élan qilin'ghanliqi.</para>
      <para>insanlarning ilajisizliqtin zorawanliq we zulum ustide isyan köturimiz dep tewekkulige heriket qilip yurmesliki üchün, kishilik hoquqini qanun arqiliq idare qilish yoli bilen qoghdash zörür bolghanliqi,</para>
      <para>döletler ara dosttluq munasiwetning tereqqiyatini algha sürüsh zörürluki.</para>
      <para>birleshken döletler teshkilatigha eza döletler xelqining birleshken döletler xartiyiside özlirining asasiy kishilik hoquqi, insaniy izzet-hörmiti we qedir-qimmiti shuningdek er-ayallarning barawerlik hoquqi toghrisidiki eqidisini qayta tekitligenliki hemde bir qeder chong erkinlik asasida jem'iyetning yuksilishi we turmush derijisining yaxshilinishini algha sürüshke bel baghlighanliqi.</para>
      <para>eza döletlerning birleshken döletler teshkilati bilen hemkarliship, kishilik hoquqi we asasiy erkinlikning omumyuzluq hörmetlinishi we emelge qoyulushini algha sürüsh yolida qet'iy iradige kelgenliki.</para>
      <para>ashu hoquq we erkinlikni omumyüzlük chushinishning shu qet'iy iradining toluq emelge ashurulushigha muhim tesir körsitidighanliqi.</para>
      <para>közde tutulghachqa, hazir</para>
      <para>yighin,</para>
      <para>barliq xelq we barliq dölet tiriship emelge ashuridighan ortaq ölchem süpitide mushu dunya kishilik hoquqi xitabnamisini élan qilidu. her bir adem we ijtima’iy apparatning mushu xitabnamini her daim este ching saqlap, telim we terbiye arqiliq hoquq we erkinlikning hörmetlinishni tiriship algha sürüshi hemde döletlerning we xelq'araning tedrijiy ilgirilesh tedbirliri arqiliq ashu hoquq we erkinlikning eza döletlerning özidiki xelq arisida shuningdek shu döletlerning bashqurush tewelikidiki zéminida yasaydighan xelq arisida omumyüzlük we unumluk étirap qilinishi we emelge qoyulushini umid qilidu:</para>
    </preamble>
   <article number="1">
      <title>1-madda</title>
      <para>hemme adem zatidinla erkin, izzet-hörmet we hoquqta babbarawer bolup tughulghan. ular eqilghe we wijdan'gha ige hemde bir-birige qérindashliq munasiwitige xas roh bilen muamile qilishi kérek.</para>
   </article>
   <article number="2">
      <title>2-madda</title>
      <para>hemme adem mushu xitabnamide qeyt qilin'ghan barliq hoquq we erkinliktin behrimen bolush salahiyitige ige. ular irqi, renggi, jinsi, tili, dini, siyasiy qarishi yaki bashqa qarishi, dölet teweliki yaki ijtimaiy kélip chiqishi, mülki, tughulushi yaki bashqa salahiyiti jehettin qilche perqlenmeydu.</para>
   <para>uning ustige hemme adem ozi tewe dölet yaki zéminning siyasiy, memuriy yaki xelq'ara ornining oxshash bolmasliqi bilen perqlenmeydu. Bu zéminning musteqil zémin, wakaliten bashquruluwatqan zémin. aptonomiyisiz zémin yaki bashqa herqandaq igilik hoquqigha chek qoyulghan halettiki zémin bolushidin qet'iynezer.</para>
   </article>
   <article number="3">
      <title>3-madda</title>
      <para>hemme adem hayatliqtin, erkinliktin we jismaniy bixeterliktin behrimen bolushqa hoquqluq.</para>
   </article>
   <article number="4">
      <title>4-madda</title>
      <para>herqandaq ademni qul qilishqa yaki qul qatarida ishlitishke bolmaydu. herqandaq shekildiki qulluq tozumnimu, qullarni élip-sétishnimu men'i qilish kérek.</para>
   </article>
   <article number="5">
      <title>5-madda</title>
      <para>herqandaq ademni rehimsizlik bilen qiynashqa yaki wehshiy, insaniyetsiz yaki jaqaret xaraktérlik muamilige yaki jazagha duchar qilishqa bolmaydu.</para>
   </article>
   <article number="6">
      <title>6-madda</title>
      <para>hemme adem herqandaq jayda qanun aldidiki kishilik izzitini étirap qildurushqa hoquqluq.</para>
   </article>
   <article number="7">
      <title>7-madda</title>
      <para>hemme adem qanun aldida babbarawer hemde qilche kemsitilmey, qanunning barawer qoghdishidin behrimen bolushqa hoquqluq. Hemme adem mushu xitabnamige xilap herqandaq kemsitishtin we mushundaq kemsitishke turtke bolidighan herqandaq qilmishning ziyankeshlikdin saqlinish üchün, barawer qoghdashtin behrimen bolushqa hoquqluq.</para>
   </article>
   <article number="8">
      <title>8-madda</title>
      <para>herqandaq adem ozining asasiy qanun yaki qanunlar bexsh etken asasiy hoquqi ziyankeshlikke uchrighanda, layaqetlik dölet soti arqiliq bundaq ziyankeshlik herikitidinunumluk qutulup qélishqa hoquqluq.</para>
   </article>
   <article number="9">
      <title>9-madda</title>
      <para>herqandaq ademini herqandaq shekilde qolgha élishqa, nezer bent qilishqa yaki sürgün qilishqa bolmaydu.</para>
   </article>
   <article number="10">
      <title>10-madda</title>
      <para>hemme adem musteqil hem xalis sotning adil we ochuq soraq qilish bilen özining hoquqi we mejburiyitini mueyyenleshturushke hemde özige qoyulghan herqandaq jinayi eyibni éniqliwélishqa pütünley teng hoquqluq.</para>
   </article>
   <article number="11">
      <title>11-madda</title>
      <orderedlist>
         <listitem>
            <para>jinayi ishlar bilen erz qilin'ghanliki adem aqlash jehette lazimliq barliq kapaletke érishken ashkara sotta jinayiti barliqi qanun boyiche delillengiche gunahsiz dep qarilisqa hoquqluq.</para>
         </listitem>
         <listitem>
            <para>herqandaq ademning herqandaq qilmishi yaki qilmishsizliqi sadir bolghan waqtida dölet qanuni yaki xelq'ara qanun boyiche jinayi ishlar jinayitini shekillendurmigen bolsa, jinayi ishlar jinayitini ötküzgen dep höküm chiqirishqa bolmaydu. jinayi jaza jinayet ötküzgende tetbiq qilindighan qanundiki belgilimilerdikidin éghirlitiwétilse bolmaydu.</para>
         </listitem>
      </orderedlist>
   </article>
   <article number="12">
      <title>12-madda</title>
      <para>herqandaq ademning xususiy turmushigha, ailisige, turalghu jayigha we xet-alaqisige xalighanche arilishiwélishqa bolmaydu. Uning sheni we shöhritige hujum qilishqa bolmaydu. bundaq arilishishtin yaki hujumdin saqlinish üchün, hemme adem qanunning qoghdishidin behrimen bolushqa hoquqluq.</para>
   </article>
   <article number="13">
      <title>13-madda</title>
      <orderedlist>
         <listitem>
            <para>hemme adem herqaysi döletlerning zéminida erkin kochushke we olturaqlishishqa hoquqluq.</para>
         </listitem>
         <listitem>
            <para>hemme adem herqandaq dölettin kétishke, jomlidin öz döletidin kétishke hoquqluq hemde özining dölitige qaytip kélishke hoquqluq.</para>
         </listitem>
      </orderedlist>
   </article>
   <article number="14">
      <title>14-madda</title>
      <orderedlist>
         <listitem>
            <para>hemme adem ziyankeshliktin saqlinish üchün, bashqa döletlerde panah tileshke we panahlinishqa hoquqluq.</para>
         </listitem>
         <listitem>
            <para>heqiqeten gheyriy siyasiy jinayet yaki birleshken döletler teshkilatning asasiy meqsiti we prinsipigha xilap qilmish bilen eyiblengen ehwal astida, bundaq hoquqtin paydilinishqa bolmaydu.</para>
         </listitem>
      </orderedlist>
   </article>
   <article number="15">
      <title>15-madda</title>
      <orderedlist>
         <listitem>
            <para>hemme adem dölet tewelikidin behrimen bolushqa hoquqluq.</para>
         </listitem>
         <listitem>
            <para>herqandaq ademni dölet tewelikidin xalighanche mehrum qilishqa bolmaydu. uning dölet tewelikini özgertish hoquqini inkar qilishqimu bolmaydu.</para>
         </listitem>
      </orderedlist>
   </article>
   <article number="16">
      <title>16-madda</title>
      <orderedlist>
         <listitem>
            <para>yash qoramigha yetken er-ayallar irq. dölet teweliki we din jehettin herqandaq cheklimige uchrimay, toylishishqa we öy tutushqa hoquqluq. Ular nikah jehette, toy qilghan mezgilde we nikah toxtimi bikar qilin'ghanda, barawer hoquqqa ige bolushi kérek.</para>
         </listitem>
         <listitem>
            <para>er terep bilen ayal terepning ixtiyar qilishi we tamamen maqul bolushi arqisidila toy qilishqa bolidu.</para>
         </listitem>
         <listitem>
            <para>aile tebiiy we asasiy ijtimaiy birlik, u jem'iyet we dölet terpidin qoghdilishqa tégishlik.</para>
         </listitem>
      </orderedlist>
   </article>
   <article number="17">
      <title>17-madda</title>
      <orderedlist>
         <listitem>
            <para>hemme ademning mülükke ongche igidarliq qilish hoquqi shuningdek bashqilar bilen shérikliship igidarliq qilish hoquqi bolushi kérek.</para>
         </listitem>
         <listitem>
            <para>herqandaq ademni mal-mülükidin xalighanche mehrum qilishqa bolmaydu.</para>
         </listitem>
      </orderedlist>
   </article>
   <article number="18">
      <title>18-madda</title>
      <para>hemme adem idiyiwi, wijdaniy we diniy erkinlik hoquqigha ige: bu hoquq shu ademning özining dinini yaki étiqadini özgertish erkinlikni shuningdek özining dini yaki étiqadini diniy éqide, emeliyet, namaz-ibadet we emrimerup arqiliq yalghuz yaki öm, ashkara yaki mexpiy ipadilesh erkinlikni öz ichige alidu.</para>
   </article>
   <article number="19">
      <title>19-madda</title>
      <para>hemme adem öz teshebbusini bildrush we pikir bayan qilish erkinlikidin behrimen bolushqa hoquqluq: bu hoquq mudaxilige uchrimay öz teshebbusini saqlap qélish erkinlikini we uchur hem pikirlerni herqandaq waste arqiliq we dölet ayrimisigha qarimay izdesh, qobul qilish we tarqitish erkinlikini öz ichige alidu.</para>
   </article>
   <article number="20">
      <title>20-madda</title>
      <orderedlist>
         <listitem>
            <para>hemme adem tinch yol bilen yighin ötküzüsh we teshkilatlargha oyushush erkinlikidin behrimen bolushqa hoquqluq.</para>
         </listitem>
         <listitem>
            <para>herqandaq ademni melum bir teshkilatning tewelikige otushke zorlashqa bolmaydu.</para>
         </listitem>
      </orderedlist>
   </article>
   <article number="21">
      <title>21-madda</title>
      <orderedlist>
         <listitem>
            <para>hemme adem döletni idare qilishqa özi biwaste qatnishish yaki özi erkin tallighan wekili arqiliq qatnishish hoquqigha ige.</para>
         </listitem>
         <listitem>
            <para>hemme adem öz dölitining hökümet ishlirigha barawer purset bilen qatnishish hoquqigha ige.</para>
         </listitem>
         <listitem>
            <para>xelqning iradisi hökümet hoquqining asasi: bu irade qerellik we heqiqiy saylam bilen ipadilinishi kérek. saylam omumyüzlük we barawer awaz bérish hoquqigha asaslinishi hemde yoshurun awaz bérish yaki obdanla erkin awaz bérish boyiche élip bérilishi kérek.</para>
         </listitem>
      </orderedlist>
   </article>
   <article number="22">
      <title>22-madda</title>
      <para>her bir adem jem'iyetning bir ezasi bolush süpiti bilen, ijtimaiy kapalettin behrimen bolushqa hoquqluq hemde özining shexsiy izzet-hörmiti we kishilik ghururining erkin rawajlinishi üchün zörür bolghan iqtisadiy, ijtimaiy jehettiki we medeniyet jehettiki her xil hoquqlardin behrimen bolushni emelge ashurushqa hoquqluq. bu emelge ashurush döletning tirishchanliqi we xelq'ara hemkarliq arqiliq hemde herqaysi döletlerning teshkilati we bayliq ehwali boyiche bolidu.</para>
   </article>
   <article number="23">
      <title>23-madda</title>
      <orderedlist>
         <listitem>
            <para>hemme adem ishleshke, erkinkesip tallashqa, adil we muwapiq xizmet sharaitidin behrimen bolushqa hemde ishsiz qélishtin saqlinish kapalitidin behrimen bolushqa hoquqluq.</para>
         </listitem>
         <listitem>
            <para>hemme adem herqandaq shekilde kemsitilmey, oxshash ish üchün oxshash heq élish hoquqigha ige.</para>
         </listitem>
         <listitem>
            <para>ishligen ademning her biri adil we muwapiq heqtin behrimen bolushqa, özining we aile tawabiatining insaniy izzet-hörmetke layiq turmush sharaitigha ige bolushini kapaletke ige qilishqa, zörür tepilghanda. uninggha bashqa ijtimaiy kapaletni qoshumche qilishqa hoquqluq.</para>
         </listitem>
         <listitem>
            <para>hemme adem özining menpeitini qoghdash üchün, ishchilar uyushmisini teshkillesh we uninggha qatnishish hoquqigha ige.</para>
         </listitem>
      </orderedlist>
   </article>
   <article number="24">
      <title>24-madda</title>
      <para>hemme adem dem élish we bikar yürüsh hoquqidin, jumlidin ish waqtining chekini eqilge muwapiqlashturush hemde qerellik, maashliq dem élish hoquqidin behrimen bolidu.</para>
   </article>
   <article number="25">
      <title>25-madda</title>
      <orderedlist>
         <listitem>
            <para>hemme adem ozining we aile tawabiatining salametliki we parawanliqini kapaletke ige qilish üchün zörür bolghan turmush sewiyisidin, jumlidin yémeklik, kiyim-kéchek, turalghu öy, dawalinishtin we zörür ijtimaiy mulazimetchiliktinbehrimen bolush hoquqigha ige: ishsiz qalghanda, késel bolup qalghanda, mejruh bolup qalghanda, tul qalghanda, qerighanda yaki tizginligili bolmaydighan bashqa ehwal bilen tirikchilik iqtidarini yoqatqanda, kapalettin behrimen bolushqa hoquqluq.</para>
         </listitem>
         <listitem>
            <para>anilar we balilar alahide étibardin we yardemdin behrimen bolushqa hoquqluq. barliq balilar nikahliq yaki nikahsiz tughulghanliqigha qarimay, okhshash ijtimaiy muhapizettin behrimen bolushqa tégishlik.</para>
         </listitem>
      </orderedlist>
   </article>
   <article number="26">
      <title>26-madda</title>
      <orderedlist>
         <listitem>
            <para>hemme adem bilim élish hoquqigha ige. bilim élish heqsiz bolushi kérek. héch bolmighanda, bashlan'ghuch we asasiy basquchta shundaq bolushi kérek. bashlanghuch ma'arip mejburiyet xaraktérida bolushi kérek. téxnika ma'aripi we kespiy ma'aripni omumyüzlük tesis qilish kérek. aliy ma'aripning ishikini netijige qarap barliq kishilerge teng echiwétish kérek.</para>
         </listitem>
         <listitem>
            <para>ma'aripning meqsiti ademning xasliqini toluq yétildurush hemde kishilik hoquqi we asasiy erkinlikke bolghan hörmetni kücheytish. ma'arip herqaysi döletler, irqlar, yaki herqaysi diniy guruhlar ara chushinishni, yol qoyushni we dostluqtin ilgiri sürüshi hemde birleshken döletler teshkilatining tinchliqni qoghdash yolidiki turluk paaliyetlirini algha sürüshi kérek.</para>
         </listitem>
         <listitem>
            <para>ata-anilar perzentlirining élishqa tégishlik bilim turlirini awwal tallash hoquqigha ige.</para>
         </listitem>
      </orderedlist>
   </article>
   <article number="27">
      <title>27-madda</title>
      <orderedlist>
         <listitem>
            <para>hemme adem jem'iyetning medeniy turmushigha erkin qatniship, sen'ettin behrimen bolushqa hemde ilim-pen tereqqiyatidin we uningdin hasil bolghan parawanliqtin teng behrimen bolushqa hoquqluq.</para>
         </listitem>
         <listitem>
            <para>hemme adem özi ijad qilghan ilmiy, bed'iy eserlerdin we guzel sen'et eserliridin hasil bolghan meniwi we maddiy menpe'et munasiwiti bilen, qoghdilish hoquqigha ige.</para>
         </listitem>
      </orderedlist>
   </article>
   <article number="28">
      <title>28-madda</title>
      <para>hemme adem mushu xitabnamide qeyt qilinghan hoquq we erkinlikning toluq ré'allishishigha imkan béridighan bir xil ijtimaiy we xelq'ara tertipni telep qilishqa hoquqluq.</para>
   </article>
   <article number="29">
      <title>29-madda</title>
      <orderedlist>
         <listitem>
            <para>hemme adem jem'iyet aldida mejburiyetni üstige alghan bolidu. chünki, ularning xasliqi jem'iyet ichidila erkin we toluq rawaj tapalaydu.</para>
         </listitem>
         <listitem>
            <para>hemme adem özining hoquqi we erkinlikini yürgüzgende, qanunda belgilengen cheklimigila uchraydu. bundaq cheklimini belgileshtiki birdinbir meqset bashqilarning hoquqi we erkinlikining tégishlik derijide étirap qilinishi we hörmet qilinishigha kapaletlik qilish hemde demokratik jem'iyette exlaq. jamaet tertipi we omumiy parawanliqning orunluq éhtiyajigha layqlishish.</para>
         </listitem>
         <listitem>
            <para>ashu hoquq we erkinliklerni yürgüzgende, herqandaq ehwalda birleshken döletler teshkilatning asasiy meqsiti we prinsipigha xilapliq qilishqa bolmaydu.</para>
         </listitem>
      </orderedlist>
   </article>
   <article number="30">
      <title>30-madda</title>
      <para>bu xitabnamining herqandaq bir maddisini herqandaq dölet, guruh yaki shexs mushu xitabnamide qeyt qilinghan herqandaq hoquq we erkinlikni buzush meqsitidiki pa'aliyet yaki heriketlerni élip bérishqa hoquqluq dep sukut qilidighan menide chushendurushke bolmaydu.</para>
  </article>
</udhr>

