<?xml version="1.0" encoding="UTF-8"?>

<!--© The Office of the High Commisioner for Human Rights-->

<udhr iso639-3='toi' xml:lang='toi' key='toi' n='Tonga' xmlns="http://www.unhchr.ch/udhr">
  <title>CAAMBILIZYO CA MULAWO WA MASI OONSE WA LWAANGULUKO LWA MUNTU MATALIKO</title>
  <preamble>
    <title>[Preamble]</title>
    <para>Mbuli mbokunga kulemeka muntu oonse ncizyalilwa ca lwaanguluko lwa mikwasyi yoonse kuba matalikilo akuliiba, kukwabililwa amulawo alimwi aluumuno munyika:</para>
    <para>Kakuli kutalemeka alimwi akutyola milawo ya lwaanguluko lwa muntu kuleta micito yabujayi mibyaabi kulanyemya akutakkazyika kabotu bantu alimwi kwazungaanya nyika kuti ijane nzila yakwaangulula bantu kuti kabaliiba kukanana zyobayanda alimwi akutobela zyobasyoma alimwi akwaanguluka kwakutayoowa kwakaambilizyigwa kuba nenzila mpati veelede kuyumya muntu.</para>
    <para>Kakuli ncintu cipati, kuti muntu tasungilizyi kulomba lugwasyo kuba nenzila ilikke yamamanino, ulakonzya kucita zyintu zyimbi zyibyaabi zyakulikwabilila kudyaamininwa, kuti buumi bwa muntu weelede kukwabililwa amulawo.</para>
    <para>Kakuli ncintu cipati kusumpula lumvwano akati kamasi, kakuli bantu bamasi aali mu mbunga ya United Nations mu milawo ya malembo amumbunga eeyi akasyomenzya lusyomo mu milawo ya lwaanguluko lwa muntu, kubulemu alimwi abuvubi bwamuntu alimwi alwanguluko lweelene ku basankwa abakaintu alimwi akuba amakanze akusumpula bukkale bwabuumi bwabo mukuliiba kunji.</para>
    <para>Kakuli masi aali ma memba ambunga eeyi akasyomezya kuya kuzwidilila, mukubelekela antoomwe ambunga ya United Nationes, kusumpula akucita kulemeka mulawo wa lwaanguluko lwa muntu alimwi akulekela bantu kuliiba, kakuli kumvwa kwa lwaanguluko oolu alimwi akuliiba nkupati mukubona kuti kusyomezya ooku kwabeleka.</para>
    <para>Lino aboobo, Muswaangano Mupati (Generl Assembly) waambili zya zyeezyi: Eeci cizumino ca kwaambilizya lwaanguluko lwa muntu kuba nenzila ngubauba yabantu boonse alimwi amasi oonse kujana, kumasimpilo kuti muntu oonse alimwi azyibeela zya buleya, kuyeeya cisyomezyo eeci lyoonse mu myoyo, ciya kusola mbocikonzya kuyiisya alimwi akusumpula kulemeka lwaanguluko alimwi akuliiba alimwi kwiinda munzila isumpukide, masi alimwi akubantu bamumasi aali mubweendelezi bwa bantu bambi.</para>
    <para>CIZUMINANO CA MULAWO UJATIKIZYA MASI OONSE CAKULESYA BUTUNDULUZI BWA MUNTU</para>
  </preamble>
  <article number="1">
    <title>Kapango 1</title>
    <para>Bantu boonse balazyalwa kabaangulukide alimwi kabeelene alimwi akwaanguluka kucita zyobayanda. Balazyalwa amaanu akuyeeya, aakusala alimwi beelede kulanga bambi mbuli banabokwabo.</para>
  </article>
  <article number="2">
    <title>Kapango 2</title>
    <para>Mukuya ambele, kunyina kusalaula kweelede kucitwa akaambo katwaambo twacisi, bweendelezi bwa milawo antela bulemekwa cisi nkwazwa muntu, cibe cisi cakalilela kale, citaninga kulilela nokuba kuba amweele wakutaindilizya.</para>
    <para>Muntu oonse ulaangulukide ku zyintu zyoonse zyili mucizuminano, kakunyina kusalaula mbuli kwakusiyana cikanda, musyobo, buzyale, cikombelo, makani a twaambo twacisi antela kwiimpana kwakuyeeya, busicisi antela bukkale, buvubi, nkokazyalilwa antela kwiimpana kumbi.</para>
  </article>
  <article number="3">
    <title>Kapango 3</title>
    <para>Muntu oonse ulaangulukide kubukkale bwabuumi, lwaanguluko alimwi akukwabililwa.</para>
  </article>
  <article number="4">
    <title>Kapango 4</title>
    <para>Kunyina weelede kuba muzike antela cibelesyo, buzike alimwi amakwebo aabuzike zyeelede kukasyigwa munzila zyoonse.</para>
  </article>
  <article number="5">
    <title>Kapango 5</title>
    <para>Kunyina weelede kupezyegwa, kutalanganyizyigwa mbuli muntu antela kubelesyegwa mbuli cibbalo antela kupegwa cisubulo.</para>
  </article>
  <article number="6">
    <title>Kapango 6</title>
    <para>Muntu oonse ulaangulukide kulemekwa koonse nkwabede kuba muntu kubusyu bwa mulawo.</para>
  </article>
  <article number="7">
    <title>Kapango 7</title>
    <para>Bantu boonse baleelene kubusyu bwa mulawo alimwi balizumizyidwe kakunyina kusalaula kubukwabilizi bwa mulawo bweelene. Boonse balaangulukide kukwabililwa kweelene kumicito yakusalaula mukutyola cizuminano eeci alimwi akumicito ya kubisya zyintu zyikonzya kuleta kusalaula.</para>
  </article>
  <article number="8">
    <title>Kapango 8</title>
    <para>Muntu oonse ulaangulukide kwiimininwa ambunga ya bantu basalwa mucisi kubona kaambo kakwe nkasinkilwa kulwaanguluko lwakucita ncayanda ncazumizyilwe amulawo.</para>
  </article>
  <article number="9">
    <title>Kapango 9</title>
    <para>Kunyina muntu weelede kwaangwa, kuyobolwa muntolongo kakunyina mulandu antela kutija kuya kukkala kucisi cimbi.</para>
  </article>
  <article number="10">
    <title>Kapango 10</title>
    <para>Muntu oonse ulaangulukide kakunyina kwaandana kubetekwa ambunga yasalwa inyina nkoilikumbtizya alimi isitikene kulanga kukwabililwa ku lwaanguluko ndwajisi alimwi ayimwi milandu njakonzya kupegwa.</para>
  </article>
  <article number="11">
    <title>Kapango 11</title>
    <orderedlist>
      <listitem>
	<para>Oonse wapegwa mulandu ulaangulukide kwiitwa kuti ucisalalakusikila akaianwe amulandu mu nkuta mbuli bwaamba mulawo libetekwa alimwi ulizumizyilwe kujmana bamwiimiminina libetekwa mulandu wakwe.</para>
      </listitem>
      <listitem>
	<para>Kunyina ukonzya kujanwa mulandu kuti kakuli cintu comwe cicaala citakonzyi kupa kuti ube mulandu, kwiinda mu milawo ya cisi antela ijatikizya masi oonse, ciindi mulandu ooyu niwakacitika. Lyalo kunyina cisubulo cipati ceelede kupegwa kunze aacisubulo ceendelana amulawo ciindi mulandu niwakacitwa.</para>
      </listitem>
    </orderedlist>
  </article>
  <article number="12">
    <title>Kapango 12</title>
    <para>Kunyina muntu weelede kunyonganyizyigwa kutayelede kuzyintu zyakwe, mukwasyi, munzi antela magwalo, antela kumutalika akaambo kabulemu bwakwe. Oonse ulaangulukide kukwabililwa amulawo kukunyonganyizyigwa antela kutalikwa ooku.</para>
  </article>
  <article number="13">
    <title>Kapango 13</title>
    <orderedlist>
      <listitem>
	<para>Oonse muntu ulaangulukide kweenda mbwayanda alimwi akukkala kufumbwa mucisi.</para>
      </listitem>
      <listitem>
	<para>Oonse muntu ulaangulukide kuzwa kufumbwa mucisi, kusanganizya acisi cokwabo, alimwi akupiluka kucisi cokwabo.</para>
      </listitem>
    </orderedlist>
  </article>
  <article number="14">
    <title>Kapango 14</title>
    <orderedlist>
      <listitem>
	<para>Oonse muntu ulaangulukide kulomba kukkala akuliiba mucisi cimbi mwaatijila kuyuba kwaangwa antela kupezyegwa musi mwazwa.</para>
      </listitem>
      <listitem>
	<para>Kukwabililwa kulwaanguluko oolu kulakozya kutyolwa kubantu batija kubetekwa milandu isalala kabotu itali mbuli ya makani atwaambo twacisi antela itayendelani anzila alimwi amilawo ya mbunga ya manyika oonse (United Nations).</para>
      </listitem>
    </orderedlist>
  </article>
  <article number="15">
    <title>Kapango 15</title>
    <orderedlist>
      <listitem>
	<para>Oonse muntu ulaangulukide kuba munacisi wacisi ncayanda kukkala.</para>
      </listitem>
      <listitem>
	<para>Kunyina uyedele kukasyigwa kucinca busicisi antela kukasyigwa kutacinca.</para>
      </listitem>
    </orderedlist>
  </article>
  <article number="16">
    <title>Kapango 16</title>
    <orderedlist>
      <listitem>
	<para>Basankwa abakaintu bakakomena, kakunyina kubakasya akaambo kacikanda cabo, cisi ncobazwa antela cikombelo, balangulukide kukwata kufumbwa ngobayanda alimwi akubamba mukwasyi. Balangulukide kuba alwaanguluko lweelene lwa bakwetene ciindi nobacikwetene alimwi anobalekana.</para>
      </listitem>
      <listitem>
	<para>Kukwatana kuya kulembezyegwa abaabo basikuyandana bobile kakunyina kuyoowa.</para>
      </listitem>
      <listitem>
	<para>Mukwasyi ncilenga cabuleya kukkala antoomwe alimwi mukwasyi weelede kukwabililwa ku buleya alimwi akucisi.</para>
      </listitem>
    </orderedlist>
  </article>
  <article number="17">
    <title>Kapango 17</title>
    <orderedlist>
      <listitem>
	<para>Oonse muntu ulaangulukide kuba alubono alikke antela kubeleka aatomwe abamwi.</para>
      </listitem>
      <listitem>
	<para>Kunyina weelede kunyonganizyigwa antela kunyangwa lubono lwakwe.</para>
      </listitem>
    </orderedlist>
  </article>
  <article number="18">
    <title>Kapango 18</title>
    <para>Muntu oonse ulaangulukide kuliyeeyela, kulisalila cikombelo ncayanda; lwaanguluko oolu lulajatikizya alusyomo ndwajisi alikke antela mu mbunga ya bana maleya nokuba kuliiba alikke, kutobela buyiisya cikombelo antela walo kuyyiisya, alimwi akukomba.</para>
  </article>
  <article number="19">
    <title>Kapango 19</title>
    <para>Muntu oonse ulaangulukide kwaamba zyili kumoyo; kwaanguluka ooku kulajatikizya akubuzya, kulaigwa alimwi akupa mizeezo kwiinda mumapepa antela mulisikapepele kakunyina munyinza.</para>
  </article>
  <article number="20">
    <title>Kapango 20</title>
    <orderedlist>
      <listitem>
	<para>Muntu oonse ulaangulukide kuba mukabunga antela kubungana kwaluumuno.</para>
      </listitem>
      <listitem>
	<para>Kunyina weelede kusungilizyigwa kuba mukabunga nkatayandi.</para>
      </listitem>
    </orderedlist>
  </article>
  <article number="21">
    <title>Kapango 21</title>
    <orderedlist>
      <listitem>
	<para>Muntu oonse ulaangulukide kutola lubazu mubweendelezi bwa mfulumende mucisi cokwabo antela kwiinda kumuntu usalwa biya abana maleya antela lwakwe mukamwini.</para>
      </listitem>
      <listitem>
	<para>Muntu oonse ulaangulukide kupegwa lugwasyo lweelene alugwasyigwa bana maleya mucisi.</para>
      </listitem>
      <listitem>
	<para>Kuyanda kwabantu kweelede kuba ciiminizyo ca mfulumende; kuyanda ooku kweelede kutondezyegwa kwainda ciindi alimwi akusala kwamasimpe kweelede kucitwa abana maleya bamucisi bazumizyigwa amulawo kusala alimwi akuzumizyigwa kusala ngwayanda kakunyina kunyonganyizyigwa.</para>
      </listitem>
    </orderedlist>
  </article>
  <article number="22">
    <title>Kapango 22</title>
    <para>Muntu oonse, muna maleya, ulaangulukide kuyobwedwa mali ngakoswedwa ku mali ngavwola ku nkampani yakabambwa mucisi antela kwiinda mukumvwana acisi cimbi kweelene amulawo wacisi. Alimwi ulaangulukide kulyeezyela buvubi, kuba abukkale alimwi akucita zyilengwa zyacisi zyitakonzyi kumusala akaambo ka ciimo cakwe alimwi alwaanguluko lwa kusumpula bukkale bwakwe.</para>
  </article>
  <article number="23">
    <title>Kapango 23</title>
    <orderedlist>
      <listitem>
	<para>Muntu oonse ulaangulukide kujana mulimo, kulisalila mulimo ngwayanda, kububotu bujanwa amulimo ooyo alimwi akukwabililwa kupenzi lyakubula milimo.</para>
      </listitem>
      <listitem>
	<para>Oonse, kakunyina kusalaula, ulakwabililwa kuvwozyegwa mali ayelene amulimo ngwabeleka.</para>
      </listitem>
      <listitem>
	<para>Oonse ubeleka ulaangulukide kupegwa mali abikkilwa atala antela bbonasi alimwi akukwabililwa buumi bwakwe alimwi abwamukwasyi wakwe azyintu zyimbi zyeelede kukwabililwa.</para>
      </listitem>
      <listitem>
	<para>Muntu oonse ulaangulukide kunjila antela kutalika mbunga ilwanina akukwabilila babelesi.</para>
      </listitem>
    </orderedlist>
  </article>
  <article number="24">
    <title>Kapango 24</title>
    <para>Muntu oonse ulaangulukide kupumuna akulyookezya kubeleka, kusanganizya kupegwa mawoolo ayelede ciindi cakubeleka alimwi akubbadelwa mali waunka kukupumuna kwa mazuba manji.</para>
  </article>
  <article number="25">
    <title>Kapango 25</title>
    <orderedlist>
      <listitem>
	<para>Muntu oonse ulaangulukide ku buumi abukkale bubotu antoomwe amukwasyi wakwe, mbuli kuli cakulya, zyakusama, ng'anda yakukkala alimwi amicelo yakusilikwa azyintu zyimbi ziyandika kumuntu, alimwi akukwabililwa buumi bwakwe wani kubeleka, kukwabililwa kumalwazi, bulema, kufwidwa, kucembaala alimwi azyimbi zyikonzya kusinkila muntu kubuumi zyatakonzyi kucita akaambo kakubula nzila yakuzyicita.</para>
      </listitem>
      <listitem>
	<para>Bamatumbu alimwi abana balaangulukide kulugwasyo luyandika. Bana boonse, abe wamung'anda antela wamusyokwe, beelede kulangwa kabotu alimwi akukwabililwa kweelene.</para>
      </listitem>
    </orderedlist>
  </article>
  <article number="26">
    <title>Kapango 26</title>
    <orderedlist>
      <listitem>
	<para>Muntu oonse ulaangulukide kuyiya, lwiiyo lweelede kupegwa biyo kakunyina kubbadela, kapati muma giledi akutalisya masyoonto alimwi aakati-kati. Kunjila cikolo kumagiledi akutalisya weelede kuba mulawo natayandi nayanda mwana. Lwiiyo lwa milimo ya maanza alimwi aiyandika kuba haanzyibwene wa mulimo umwi lweelede kuti lyoonse kaluliko alimwi lwiiyo lwa mabbuku mapati alwalo lweelede kupegwa kuli baabo bajisi maanu.</para>
      </listitem>
      <listitem>
	<para>Lwiiyo lweelede kuba lwakusumpula bukkale bwa muntu alimwi akuyumya lwaanguluko alimwi akusala ciyanda muntu. Lupa bantu kumvwisisya, kuba sicamba alimwi akusumpula lumvwanoakati kamasi, kakunyina kusalaula cikanda, cikombelo alimwi akuyumya milimo ya mbunga ya masi oonse munyika ya United Nations kutontozya luumuno munyika.</para>
      </listitem>
      <listitem>
	<para>Bazyali balaangulukile kusala lwiiyo ndobayanda antela ndobayeeyela kuba lubotu kubana babo.</para>
      </listitem>
    </orderedlist>
  </article>
  <article number="27">
    <title>Kapango 27</title>
    <orderedlist>
      <listitem>
	<para>Oonse muntu ulaangulukide kakunyina kukasyigwa kutola lubazu mubuumi bukkala bana maleya, kuyiya zyilenwa zyacisi alimwi akwaabana busongo.</para>
      </listitem>
      <listitem>
	<para>Oonse muntu ulaangulukide kukwabililwa ku zyintu zyayanda mbuli zya kulyaanzila, nyimbo azyisobano zyalilembela mukamwini.</para>
      </listitem>
    </orderedlist>
  </article>
  <article number="28">
    <title>Kapango 28</title>
    <para>Oonse muntu ulizumizyilwe Kuba mumakamu alimwi amunkamu zyijatikizya masi manji oomo mujanwa lwaanguluko lwakazuminanwa akwaambilizyigwa amilawo ya mbunga eeyi.</para>
  </article>
  <article number="29">
    <title>Kapango 29</title>
    <orderedlist>
      <listitem>
	<para>Muntu oonse ujisi mulimo kubuleya ooko nkwaangulukide kuliiba akusumpula buntu bwakwe.</para>
      </listitem>
      <listitem>
	<para>Mukubelesya lwaanguluko anguzu zyapedwe, muntu oonse ulaangulukide kulikkalila kwakutaindilizya ku lwaanguluko ndwapedwe amulawo kutegwa awalo kalemeka lwaanguluko lwa bantu bambi alimwi abulemu buyandika kumuntu alimwi akuliiba kwa bana maleya.</para>
      </listitem>
      <listitem>
	<para>Lwaanguluko alimwi akuliiba takweelede kwiindilizyigwa ku mizeezo yakabambwa ambunga ya masi oonse aamunyika ya United Nations.</para>
      </listitem>
    </orderedlist>
  </article>
  <article number="30">
    <title>Kapango 30</title>
    <para>Kunyina cili mucizuminano eeci ceelede kwendelezyegwa amasi aambi, mbunga ya bantu antela muntu biyo, kuba anguzu zyakucita zyilengwa zyimbi zyikonzya kutyola milawo ya lwaanguluko lupedwe ku bantu lwapandulwa kale.</para>
  </article>
</udhr>
