<?xml version="1.0" encoding="UTF-8"?>

<!--© The Office of the High Commisioner for Human Rights-->

<udhr iso639-3='rmn' xml:lang='rom' key='rmn' n='Romani, Balkan' xmlns="http://www.unhchr.ch/udhr">
   <title>SA THEMENQI DEKLARÀCIA E MANUSIKANE HAKAJENQIRI</title>
   <preamble>
      <title>Anglivak</title>
      <para>Dikhindor so o prinzaripen e manuśenqe somandrune demnimnasqoro thaj e barabar aj bixasaraver hakaja savorre zenenqere and-i manuśikani famělia si i bàza e mestimnasqi, e ćaće krisaqi aj e aćhõmnasqi and-i lùmia,</para>
      <para>Dikhindor so o bango prinzaripen thaj o uśtavipen e manuśikane hakajenqo ligarde zi nesave zuklimata, save dukhaven o ilo ta o vogi e manuśikanimnasqo,</para>
      <para>Dikhindor so o avipen jekhe lumiaqo, anda savi e manuśa śaj vakeren aj paćan mestes so mangen thaj anda savi nanaj te ovel dar aj ćororipen, si i maj opruni aspirŕcia e manuśesqiri,</para>
      <para>Dikhindor so si trebutno te ovel jekh kanon rakhimnasqe e hakaja manuśikane, te na ovel o manuś ligardo, sar maj palutni zor, and-o maripen mamuj- tirŕnia thaj o uśtavipen,</para>
      <para>Dikhindor so si trebutno te luludõn amalikane relàcie maśkar-e nàcie e lumiaqe,</para>
      <para>Dikhindor so e sela e Unisarde Themenqoro palem afirmisarde and-o Baro Lil so paćan and-e manuśikane bazutne hakaja, and-o demnipen aj molipen sarkole manuśikane zenesqo aj and-o barabaripen maśkar-e murśa aj zuvlă thaj so akala sela ćaćes mangen te spiden o sociŕlo zamavipen aj te resen laćheder standŕrdă zivimnasqe and-jekh bareder mestipen.</para>
      <para>Dikhindor so e Thema-somdasne xale sovli te ristăren, and-o sombutipen e Unisarde Themenćar, i sathemenqi aj ćaćutni pativ thaj i realizŕcia e manuśikane hakajenqi aj e bazutne mestimatenqi,</para>
      <para>Dikhindor so jekh khetano xaćaripen akala hakajenqo aj mestimatenqo si zorales importŕnto te realisavel akaja sovli,</para>
      <para>Akana, akalaɵar</para>
      <para>o Generalo Kidipen</para>
      <para>del avri akaja sathemenqi deklaràcia e manuśikane hakajenqiri, sar jekh khetano standard savorre selenqe, nacienqe aj Themenqe, zi kaj te savorre zene aj organizàcie e dostimnasqe, dikărindor godăɵe akaja Deklaràcia, keren buti, siklărimnaća thaj edukaciaća, te vazden i pativ karing akala aj mestimata thaj, themutne aj maśkarthemutne progresivone akcienćar, te ristăren lenqo sathemenqo aj ćaćo prinzaripen aj realizŕcia, vi maśkar-e manuśa e Themenqe-somdasnenqe, vi maśkar-e manuśa, save ziven and-e phuvă tela lenqo vast.</para>
   </preamble>
   <article number="1">
      <title>1</title>
      <para>Savorre manuśa biandõn meste thaj barabar k-o demnipen aj k-e hakaja. Si len godi aj somzanipen thaj si len te trąden pen jekh karing o aver and-o vogi e phralimnasqoro.</para>
   </article>
   <article number="2">
      <title>2</title>
      <para>Sarkon śaj te rňdel pesqe ja averenqe savorre hakaja aj mestimata, save si mothovde anda akaja Deklaràcia, biumblavdes kotar-i ràsa, i rang e morthăqi, o sèkso, i ćhib, i relìgia, i politikani ja aver opìnia, i socialo ja aver origìna, o barvalipen, o biandipen ja aver status.</para>
      <para>Avridoles nanaj te kerdòl ulavipen p-i bàza e politikane, krisikane ja maśkarthemutne statusqiri e phuvăqesqiri ja e teritorűqesqiri, kaj perel o zeno, sar te ovel akava status : and-o umblavipen ja na, tel-o vast averesqo ja na, avtonòmo ja na thaj limitisardo ja na k-o suvrenipen.</para>
   </article>
   <article number="3">
      <title>3</title>
      <para>Sarkas si les hakaj te zivel thaj te zivel sar mesto ta sarbar zeno.</para>
   </article>
   <article number="4">
      <title>4</title>
      <para>Nikon nanaj te astardõl ja dikărdõl and-o sklavipen ta robipen: o sklavipen thaj o kinipen ta bikinipen e robonenqo si rokhlo tela savorre fòrme.</para>
   </article>
   <article number="5">
      <title>5</title>
      <para>Nikon nanaj te dukhavdõl torturaća ja punimatenćar ta tradimatenćar, save si zuklane, bimanuśikane ja telăren les sar manuś.</para>
   </article>
   <article number="6">
      <title>6</title>
      <para>Sarkas si les hakaj te prinzardõl sakaj ta sakate sar jurikano zeno.</para>
   </article>
   <article number="7">
      <title>7</title>
      <para>Savorre si barabar angl-o kanon thaj si len hakaj bi diskriminaciaqo te rakhlõn barabar tar-o kanon. Savorren si len hakaj te rakhlõn barabar mamuj savorri diskrilinàcia, savi phagel akaja Deklaràcia, thaj mamuj savorri akharipen asave diskriminaciaqe.</para>
   </article>
   <article number="8">
      <title>8</title>
      <para>Sarkas si les hakaj te ròdel efektìvo maźutipen k-e kompetènto krisă e Themesqe kana kerdõl vareso, so phagel e bazutne hakaja, save si prinzarde lesqe and-i konstitùcia ja and-o kanon.</para>
   </article>
   <article number="9">
      <title>9</title>
      <para>Nikon nanaj te astardòl, dikărdõl phandlimnasɵe je naśărdől arbitrar.</para>
   </article>
   <article number="10">
      <title>10</title>
      <para>Sarkas si les hakaj, and-o sasto barabaripen, te śundõl publik thaj bixoxavnes tar-jekh kris biumblavdi aj birigutni, savi lel decìzia vaśa lesqe hakaja ta dută ja vaśa varesave kriminŕlo akuzàcie mamuj lesɵe.</para>
   </article>
   <article number="11">
      <title>11</title>
      <orderedlist>
         <listitem>
            <para>Sarkas, savo akuzisavel so kerdas nasulipen, si les hakaj te bućjõl bidośalo, zikaj lesqi doś ni arakhlõl prufisardi and-jekh publģko kris, anda savi si ov grantisardo pa savorre riga te śaj rakhel pes.</para>
         </listitem>
         <listitem>
            <para>Nikon naśti te punisavel kerimatenqe ja bikerimatenqe, save, odovaxt kana ondile, na mangen sas punisarde. Vipalćhande nikon nanaj te punisavel maj but kobor sas i puni odovaxt kana i doś sas kerdini.</para>
         </listitem>
      </orderedlist>
   </article>
   <article number="12">
      <title>12</title>
      <para>Nikasqe naśti te kerdõn arbitrąro hamimata and-o zenutno zivipen lesqo, and-i famìlia lesqi, and-o kher lesqo ja and-i korespondència lesqi; naśti te kuślõn lesqi pativ aj lesqi reputącia. Sarkas si les hakaj te ovel rakhlo mamuj asave hamimata ja asave kuśimata.</para>
   </article>
   <article number="13">
      <title>13</title>
      <orderedlist>
         <listitem>
            <para>Sarkas si les hakaj te phirel thaj beśel mestes and-o Them kaj zivel.</para>
         </listitem>
         <listitem>
            <para>Sarkas si les hakaj te zal tar savorre Themesɵar, vi pesqeresɵar, thaj te irinel pes palpalem and-o po Them.</para>
         </listitem>
      </orderedlist>
   </article>
   <article number="14">
      <title>14</title>
      <orderedlist>
         <listitem>
            <para>Sarkas si les hakaj te ròdel thaj te arakhel and-e aver Thema rakhipen mamuj i persekùcia.</para>
         </listitem>
         <listitem>
            <para>Akava hakaj naśti akhardõl and-e sure kana o naślo ćaćes kerdă nasulipen, savo nanaj politikane karakteresqo ja savo si mamuj-e princìpe ta resa e Unisarde Themenqere.</para>
         </listitem>
      </orderedlist>
   </article>
   <article number="15">
      <title>15</title>
      <orderedlist>
         <listitem>
            <para>Sarkas si les hakaj te ovel les themutnipen.</para>
         </listitem>
         <listitem>
            <para>Nikasqe naśti te lel pes zorăća lesqo themutnipen ja lesqo hakaj te paruvel mestes po themutnipen.</para>
         </listitem>
      </orderedlist>
   </article>
   <article number="16">
      <title>16</title>
      <orderedlist>
         <listitem>
            <para>So pherde e berśa pekimnasqe, e murśes ta e zuvlă si len hakaj te prandinőn thaj te temelisaren jekh famìlia. Si len barabar hakaja karing-o prandipen, and-o prandipen thaj kana phaglilo o prandipen.</para>
         </listitem>
         <listitem>
            <para>Âaj te phandlõl prandipen numaj kaan o zamutro aj i bori, sol duj meste- aj pherde-godăća, mangen te len pen.</para>
         </listitem>
         <listitem>
            <para>I famìlia si i naturàlo aj bazutni elemènta e dostimnasqi thaj si la hakaj te rakhlõl tar-o dostipen aj tar-o Them.</para>
         </listitem>
      </orderedlist>
   </article>
   <article number="17">
      <title>17</title>
      <orderedlist>
         <listitem>
            <para>Sarkas si les hakaj, vi zenutnes, vi som averenćar, te ovel les theripen.</para>
         </listitem>
         <listitem>
            <para>Nikasqe naśti te lel pes zorăća ja arbitrar lesqo theripen.</para>
         </listitem>
      </orderedlist>
   </article>
   <article number="18">
      <title>18</title>
      <para>Sarkas si les hakaj vaś-o mesto godisaripen, somzanipen thaj relìgia aj paćapen; and-o manaipen akala hakajesqo, śaj te paruvel mestes pi relěgia ja paćapen thaj śaj mestes, kňrkorro ja som averenćar, publik ja privat, te trŕdel pi relìgia ja po paćapen siklărimnaća, praktikaća, kultonenćar thaj ritualone aćarenćar.</para>
   </article>
   <article number="19">
      <title>19</title>
      <para>Sarkas si les hakaj vaś-i mesti opěnia thaj mothovipen; and-o manaipen akala hakajesqo, śaj bipućhlo te dikărel pe opěnie thaj te ròdel, te lel ta te buxlărel informàcia ta idèe prdal sarsave mèdia, so mangel, bidikhle e Themnqe barră.</para>
   </article>
   <article number="20">
      <title>20</title>
      <orderedlist>
         <listitem>
            <para>Sarkas si les hakaj te kidinõl averenćar aj te kerel lenćar asociącie bićingardo.</para>
         </listitem>
         <listitem>
            <para>Nikon naśti te ćhivel pes zorăća and-jekh asociŕcia.</para>
         </listitem>
      </orderedlist>
   </article>
   <article number="21">
      <title>21</title>
      <orderedlist>
         <listitem>
            <para>Sarkas si les hakaj te ćhivel vast and-o ravipen pesqe Temsqo, ja direkt, ja pal-e bićhalde, save si alosarde mestes.</para>
         </listitem>
         <listitem>
            <para>Sarkas si les hakaj te resel, barbarimnasɵe, and-e publuko bută pe Themesqe.</para>
         </listitem>
         <listitem>
            <para>Odova so mangen e themutne si i bàza pe savi beśel o avtorite e ravimnasqo thaj si te mothovdõl prdal bixoxavde alosarimata, save kerdõn periodik, barabar savorrenqe, garavdevasteća ja prdal jekh aver meste-alosarimnasqi procedůra.</para>
         </listitem>
      </orderedlist>
   </article>
   <article number="22">
      <title>22</title>
      <para>Sarkas, sar somdasno e dostimnasqo, si les hakaj te istemal o sociàlo ristipen; śaj te realisarel pe ekonomikane, sociàlo ta kulturàlo hakaja, save si trebutne lesqe demnimnasqe thaj lesqe personalinasqe meste zamavimnasqe. Akaja realizàcia kerdõl nais e themutne ta maśkarthemutne sombutimnasqe, dikhindor sar si i organizàcia savorre Themesqi thaj kobor śaj te del.</para>
   </article>
   <article number="23">
      <title>23</title>
      <orderedlist>
         <listitem>
            <para>Sarkas si les hakaj te kerel buti, te alosarel mestes pi buti, te oven les bibange aj basutne kondìcie butăqe thaj te ovel rakhlo mamuj-o bibutăripen.</para>
         </listitem>
         <listitem>
            <para>Savorren si len hakaj, bi nisave diskriminaciaqo, te len barabar pokinipen barabare butăqe.</para>
         </listitem>
         <listitem>
            <para>Sarkas, savo kerel buti, si les hakaj te ovel pokindo bibange aj basutne ćhandeća, so te ristărel pesqe aj familiaqe normŕlo zivipen and-o manuśikano demnipen. O pokinipen lesqo śaj te kompletisavel, kana si tebutno, avere xaingenɵar kotar-o sociàlo rakhipen.</para>
         </listitem>
         <listitem>
            <para>Sarkas si les hakaj te temelisarel sindikàta, ja te ovel somdasno anda laɵe, te rakhel pe interɵse.</para>
         </listitem>
      </orderedlist>
   </article>
   <article number="24">
      <title>24</title>
      <para>Sarkas si les hakaj te dinglõl aj te xodinel, viz lesqo ciro e butăqo si te ovel godăver limitisardo thaj si te lel periodik pokindo mesto vaxt.</para>
   </article>
   <article number="25">
      <title>25</title>
      <orderedlist>
         <listitem>
            <para>Sarkas si les hakaj te zivel adala standardoɵe, savo si basutno lesqe ta lesqe familiaqe sastimnasqe aj baxtaqe: te oven les xaben, gada uraimnasqe, kher beśimnasqe, medikŕlo aj sociàlo maźutipen; si les hakaj vi te ristõl lesqe maźutipen and-e sure bibutărimnasqe, nasvalimnasqe, bizoralimnasqe, phivlimnsaqe, phurimnasqe thaj and-e aver sure, kana xasardile lesqe xainga pokinimnasqe tela trujalimata avri lese mangimnasɵar.</para>
         </listitem>
         <listitem>
            <para>E dien thaj e ćhavorren si len hakaj te maźutisaven special. Sa e ćhavorre, te oven biande prandime ja biprandime dadesɵr ta diaɵar, si len ikano socàlo rakhipen.</para>
         </listitem>
      </orderedlist>
   </article>
   <article number="26">
      <title>26</title>
      <orderedlist>
         <listitem>
            <para>Sarkas si les hakaj pal-o siklõpen ta i edukàcia, save si dine bi lovenqo, sadorres and-i strautni aj bazutni skòla. Edukàcia stratutni si dutisardi. Texnikano ta profesionàlo siklăripen mangel buxlărdo bute manuśenqe; o oprutno siklõpen si te ovel putardo savorre manuśenqe barabarimnasɵe ta numaj p-i bàza lenqe aśtimnasqi.</para>
         </listitem>
         <listitem>
            <para>O res edukaciaqoro si te luludõl lośales o manuśikano personalipen thaj te zorărdõl i pativ karing-e manuśkane hakaja ta bazutne mestimata. Isi te spidel o halăripen, i tolerŕncia ta o amalipen maśkar savorre nŕcie, raciàlo aj religiàlo grùpe; vipalćhande si te zamavel e aktivimata e Unisarde Themenqere vaś-o dikăripen e aćhimnasqo.</para>
         </listitem>
         <listitem>
            <para>E dades aj e dia si len o angluno hakaj te alosaren savi adukàcia si te del pes lenqe ćhaven.</para>
         </listitem>
      </orderedlist>
   </article>
   <article number="27">
      <title>27</title>
      <orderedlist>
         <listitem>
            <para>Sarkas si les hakaj te del vast aj pikho mestes and-o kulturàlo zivipen e khetanimnasqo, te lośanõl e manuśikane kreaciɵar thaj te lel kotor e zantrimnasqe progresosɵar ta lesqe animata.</para>
         </listitem>
         <listitem>
            <para>Sarkas si les hakaj te oven rakhle moral aj material lesqe interèse, save thàvden kotar savorri zantrimnasqi, literaturaqi ja aver kreàcia lesqe godăqi ja vastenqi.</para>
         </listitem>
      </orderedlist>
   </article>
   <article number="28">
      <title>28</title>
      <para>Sarkas si les hakaj te ovel and-i lùmia asavi sociàlo ta maśkarthemutni sistèma, anda savi śaj realisaven total e hakaja ta mestimata sar dine anda akaja Deklaràcia.</para>
   </article>
   <article number="29">
      <title>29</title>
      <orderedlist>
         <listitem>
            <para>Sarkas si les dută karing-o khetanipen anda savo ov śaj te resel o mesto aj sasto zamavipen pe personalimnasqo.</para>
         </listitem>
         <listitem>
            <para>And-i realizàcia pe hakajenqi ta mestimatenqi, sarkon si te ovel limitisardo numaj pal-i decìzia e kanonesqi thaj numaj odobor te prinzardòn aj te respektisaven e averenqe hakaja ta mestimata; avec limìte śaj te thàvden numaj kotar-e bixoxavne mangimata e moralaqe, e publikone aćhimnasqe thaj e generalone laćhimnasqe jekhe demokratikone dostimnasɵe.</para>
         </listitem>
         <listitem>
            <para>Akala hakaja ta mestimata naśti nisar te realisaven mamuj-e resa ta principe e Unisarde Themenqere.</para>
         </listitem>
      </orderedlist>
   </article>
   <article number="30">
      <title>30</title>
      <para>Khanć akala Deklarŕcia naśti te interpretisavel sar dispozěcia savi mukhel. Them, grùpa ja zenes te stratisarel varesavo aktivipen ja te kerel vareso mangindor te uśtavel ja phagel e hakaja ta mestimata, save si dine avri akate.</para>
   </article>
</udhr>