<?xml version="1.0" encoding="UTF-8"?>

<!--© The Office of the High Commisioner for Human Rights-->

<udhr iso639-3='kjh' xml:lang='kjh' key='kjh' n='Khakas' xmlns="http://www.unhchr.ch/udhr">
   <title>Прай тиксі кізілерде тјрелер (праволар) декларациязы</title>
   <note>
      <para>Алылган паза искірілген Јјн Ассамблеяның 217 A (III) резолюциязының 10 алай айда (декабрь айда) 1948 чылда</para>
   </note>
   <preamble>
      <title>Сјс алны (Преамбула)</title>
      <para>Санға алып, постың синін пілінгенін саназарынын, хайзы  прай кізілерде чоннар тјлінде пар, оларның тиң паза пыластырбас тјрее (право) пос чуртастың, пос оңдай чуртастың, сын паза прай тиксі амыр чуртас тјстігі (основа) полча; паза</para>
      <para>санға  алып,  нимее салбанын паза хырт кјріргенін кізі тјреелеріне (праволарға) нимее салбас оңдай чабал актарға ағылғаннар,  хайзы чоннардың ах сағысты еректірчелер, паза андағ чир чарыхты педіргені хайда кізілер сјс паза киртініс (убеждение) пос оңдайы пар полар паза хорғыс чох  паза хызылғаны чох чуртирлар паза, кізілерні пјзік кестеніске искірілген; паза</para>
      <para>санға алып,  кізі тјреелері (право) елге арачылирға кирек толдырарын ечен,  кізі ирік чох , халғанҷы кирек ниме чіли, тирания паза пазыныс тоғыра кјдірілебезін; паза</para>
      <para>санға алып, чоннарның ынархас палғалыс јзізіне полызарға кирек; паза санға  алып,  Піріккен Нацияларның чоннары Уставта постарының киртіністерін  јјн кізі тјреелері,  постың синін пілінгенін паза кізінің аарлиине паза ир паза ипчі кізілернің тиң праваларын киречілібіскеннер паза пјгінге алғаннар  социальнай прогресске паза чуртас синіне хабазарға паза чуртас оңдайларын артых пос оңдайда чахсыландырарға; паза</para>
      <para>санға алып,  хазналар-членнар Піріккен Нацияларның Организациянын хада, прай чоннар аразында кізі тјреелері паза јјн пос оңдайларны улуғланысха  паза хабазарға паза хоостыра поларға сјс пиргеннер; паза</para>
      <para>санға алып, пу кізі тјрелері паза пос оңдайларны  прай тиксі оңарғаны улуғ пілдірігліг пу сјс пиргенге толдыра пјгінге,</para>
      <para>Јјн  Ассамблея,</para>
      <para>Искірче пу Прай тиксі кізілерні тјреелер декларациязын Пјгінге хайзын прай чоннар паза  хазналар  пјгерге  кестенерге киректер андағ ползын полған на кізі паза полған на јменің органы, хаҷан-да санға алып, пу Декларацияны,  кестенгеннер  егредіг паза чарытханы  хоостыра пу тјрелеерні паза пос оңдайларны улуғланысха хабазарға паза чіткіҷе пирерге,  национальнай паза  чоннар аразындағы прогрессивнай мероприятиялар хоостыра , прай тиксі паза  эффективнай  санасханы паза оларның толдырылғанын хайди хазналар Организация членнері чоннар аразында,  ідјк  чоннар аразында кемні территориялары оларның юрисдикция алтында.</para>
   </preamble>
   <article numbеr="1">
      <title>1 Статья</title>
      <para>Полған на кізі пос паза тиң тјріпче паза тиң постың синін пілінгенін паза тјрелерініңде полча. Олардың сағынғаны паза арығ сағыс  пар паза харындастар чіли тудынарға киректер.</para>
   </article>
   <article numbеr="2">
      <title>2 Статья</title>
      <para>Полған на кізінің пу Декларацияда искірілген прай кізі тјрелері паза  прай пос чуртас оңдайлары (свободалары) поларға кирек, пір пасхаланыс даа чох, расовай, теернің јј, ир алай ипчі кізі, тіл, религия, политическай алай пасха даа киртініс,  национальнай алай социальнай чонға кірчеткен хоостыра,  ниме-ноо (имущественнай),  сословнай алай пасха да положениеліг.</para>
      <para>Ағаа хоза, чарабинча политическай, правовой алай чоннар аразындаы хазнаны статузызы тјстегі хоостыра  хайдығ да пасхазы идерге алай территория хайдар кізі кірче, санаспин пос алынаҷа территория алай чох, пос устағлығ алай ба пірее хайди хызырылған суверенитеттіг.</para>
   </article>
   <article numbеr="3">
      <title>3 Статья</title>
      <para>Полған на кізінің пар тјре чуртасха, пос оңдайлығ чуртасха паза теерге чарабазына (неприкосновенность).</para>
   </article>
   <article numbеr="4">
      <title>4 Статья</title>
      <para>Пірдеене хулда поларға чарадылбинча; хул паза хулларны  садығ хайдығ даа оңдайлығ чарадылбинча.</para>
   </article>
   <article numbеr="5">
      <title>5 Статья</title>
      <para>Пірдеезін иреелирге алай чабал, кізі нимес чіли, пазынарға постың синін пілінгенін тезірерге чарадылбинча.</para>
   </article>
   <article numbеr="6">
      <title>6 Статья</title>
      <para>Полған на кізінің ,хайда даа ол полчатса, правосубъектнай санағлығ поларға тјре пар.</para>
   </article>
   <article numbеr="7">
      <title>7 Статья</title>
      <para>Прай кізілер елге алнында тиңнер паза пір даа пасхаланыс чох елге тиң арачылирына тјреліг. Прай  кізілер полған на  дискриминацияның,  пу  Деклапацияны сайбапчатхан, тиң арачылирына тјрелеріг, паза хайдығ да полған чабал кирекке андығ дискриминацияға тартханы.</para>
   </article>
   <article numbеr="8">
      <title>8 Статья</title>
      <para>Полған на кізінің пар тјре тјрелері  компетентнай национальнай чарғылардың эффективнай праваларын чазылғанына хаҷан аның јјн тјрелері, конституцияның алай елгенің ағаа пирілген, сайбалчалар.</para>
   </article>
   <article numbеr="9">
      <title>9 Статья</title>
      <para>Пірдеезін пойли арестовать полғанынаке, тутханысха алай сергеніне чарабинча.</para>
   </article>
   <article numbеr="10">
      <title>10 Статья</title>
      <para>Полған на кізінің пар тјре, позының тјреелері паза обязанностьтарын чарат саларға паза піліп аларға уголовнай пыролас тјстені, тјреліг, тиң полчатханында тјстегі хоостыра, аның чарғы кирегі сын азығ кјрілген паза прай киректеені санасха алылған пос алынҷа паза орта сын чарғының.</para>
   </article>
   <article numbеr="11">
      <title>11 Статья</title>
      <orderedlist>
         <listitem>
            <para>Полған на кізінің пар тјре, хомай кирек ечен  пыролатчатхан кізінің тјре пар пыро чох саналарға аның пырозы законнай оңдайның табылған читіре сын азығ чарғы езеріг хоостыра хайда ағаа прай арачылыныс оңдайлар пірілчелер.</para>
         </listitem>
         <listitem>
            <para>Пірдеезі чарғылат саларға  чарадылбинҷа сайбағ ечен хайзы хай пірее сайбағ иткен тјстігде алай ниме итпеені ечен, хайзы оларды иткен туста национальнай законнар алай чоннар аразындағы право хоостыра сайбаға саналбаннар.  Ідјк чарадылбинча хатығлас хайзы сайбағ иділген туста кирілген чарапчатхан хатығластың аар.</para>
         </listitem>
      </orderedlist>
   </article>
   <article numbеr="12">
      <title>12 Статья</title>
      <para>Пірдеезіне чарадылбинча пойли аның позының чуртазына паза сјбіре чуртазына ара кірерге, пойли кізі теңмезін сайбирға харазарға, аның чурттының, аның пічіктерінің чазыт нимелерге кірерге алай аның чезіне паза репутациязына. Прай кізіниң  андағ ара кірергенің елге арачылирына тјре пар.</para>
   </article>
   <article numbеr="13">
      <title>13 Статья</title>
      <orderedlist>
         <listitem>
            <para>Полған на кізінің пар тјре пос оңдайча чјріске сығарға паза чуртаҷаң чирге полған на хазна істінде.</para>
         </listitem>
         <listitem>
            <para>Полған на кізінің пар тјре полған на хазназа парыбызарға, ол санда позы чуртапчатахан хазнаның, паза нандыра позының хазназынзар айлан кил турарға.</para>
         </listitem>
      </orderedlist>
   </article>
   <article numbеr="14">
      <title>14 Статья</title>
      <orderedlist>
         <listitem>
            <para>Полған на кізінің пар тјре хостадарның пасха хан-чиринде чазынҷаң чир тілирге паза пу чазынҷаң  чирнің тузаланарға.</para>
         </listitem>
         <listitem>
            <para>Пу тјреның  тузаланарға чарабас хаҷан хостадар тјстелче,  сынында политическай нимес  сайбағ  итсе,  алай  Піріккен Нацияларның Организациязының харазығтарына паза принциптеріне тоғыра парчатхан киректер.</para>
         </listitem>
      </orderedlist>
   </article>
   <article numbеr="15">
      <title>15 Статья</title>
      <orderedlist>
         <listitem>
            <para>Полған на кізінің гражданстволығ поларға тјре пар.</para>
         </listitem>
         <listitem>
            <para>Пірдеезіне чарадылбинча пойли  аның  гражданствозын алай гражданство алыстырарын  пыластырарға.</para>
         </listitem>
      </orderedlist>
   </article>
   <article numbеr="16">
      <title>16 Статья</title>
      <orderedlist>
         <listitem>
            <para>Чазы читкен ир паза ипчі кізілер тјреліг расовай, национальнай алай религия  танығ хоостыра  пір де хызырғаны чох хоных хонарға паза позынын сјбіре тестирге.  Олар тің тјрелернің тузаланчалар  хоных хонарда , хоных тузында паза чарылыста.</para>
         </listitem>
         <listitem>
            <para>Хоных хонарға чарадылча пос паза толдыра ла ікібезинин хоных хончатханнардың чарадығларында.</para>
         </listitem>
         <listitem>
            <para>Сјбіре  јменің јјн паза сын уйазы паза аның тјре јменің паза хазнанын саринаң арачыласха пар.</para>
         </listitem>
      </orderedlist>
   </article>
   <article numbеr="17">
      <title>17 Статья</title>
      <orderedlist>
         <listitem>
            <para>Полған на кізінің пар тјре ниме-нооның ээленерге хайди пос алынча ідјк, пасхалардын хада.</para>
         </listitem>
         <listitem>
            <para>Пірдеезіне чарадылбинча пойли аның ниме-ноо пылазарға.</para>
         </listitem>
      </orderedlist>
   </article>
   <article numbеr="18">
      <title>18 Статья</title>
      <para>Полған на кізінің пар тјре пойли сағысха,ах сағысха паза  религия; пу правоға кирче пос алынча позынын религиязын алыстырырға алай киртініс паза  позының религиязына киртінерге хайди пос алынча ідјк, пасхалардын хада, чонның алай пос алынҷа оңдайдың егредігде, Худайға пазырар туста ағ паза религиознай паза  ритуальнай кибірлер толдырыста.</para>
   </article>
   <article numbеr="19">
      <title>19 Статья</title>
      <para>Полған на кізінің пар тјре пос оңдайлығ киртініске паза пос оларды чоохтирға; пу тјренің санда пар свобода тудых чох позының киртініс тудынарға паза пос  оңдайлығ тілирге,  аларға паза тарадарға информацияны паза идеяларды хайдығ да  кирек нимелердің хазна границелерге даа кјрбин.</para>
   </article>
   <article numbеr="20">
      <title>20 Статья</title>
      <orderedlist>
         <listitem>
            <para>Полған на кізінің пар тјре пос оңдайлығ хорғыс чох чыылығларға паза ассоциацияларға.</para>
         </listitem>
         <listitem>
            <para>Пірдеезі пірее ассоциацияза кестегліг кирерге чарадылбинче.</para>
         </listitem>
      </orderedlist>
   </article>
   <article numbеr="21">
      <title>21 Статья</title>
      <orderedlist>
         <listitem>
            <para>Полған на кізінің пар тјре пос хазна устирында айғазарға кјні алай  пос табылған кізі хоостыра.</para>
         </listitem>
         <listitem>
            <para>Полған на кізінің пар тјре тің хазнадағы службаға кірер оңдай позынын хазназында.</para>
         </listitem>
         <listitem>
            <para>Чонның кестенізі елге правительствованын  тјстігі поларға кирек; пу кестеніс позына искіргені  периодическай паза сын табығларда табарға кирек, хайзы прай тиксі паза тиң табығ тјреліг иртірерге кирек чазыт табығлар хоостыра алай пасха  тің формалдар хоостыра,  табығлар свободазына читкіҷе пирерге.</para>
         </listitem>
      </orderedlist>
   </article>
   <article numbеr="22">
      <title>22 Статья</title>
      <para>Полған на кізінің пар тјре јмениң члені полып, социальнай читкіҷе пирергене паза кирек толдырғанына анның позының синін пілінгені полызарға паза анның алынҷа омазы пос јзізі экономическай, социальнай и культурнай областарда праволарын национальнай кестеніс хоостыра паза чоннар аразындағы хабазығ паза полған на хазнаның структуразы паза  ресурстары хоостыра.</para>
   </article>
   <article numbеr="23">
      <title>23 Статья</title>
      <orderedlist>
         <listitem>
            <para>Полған на кізінің тоғысха пар тјре, пойли тоғыс таллирына, сын паза оңдайлығ тоғыс оңдайларға паза тоғыс чох полғанның тоғыр арачылааны.</para>
         </listitem>
         <listitem>
            <para>Полған на кізінің пар тјре пірде дискриминация чох тин тоғыс ечен тиң тјлирге.</para>
         </listitem>
         <listitem>
            <para>Полған на тоғынчатхан кізінің пар тјре орта паза сын сыйых пиргеніне, кізі чуртазына позына паза анын сјбирезіне турызар читкіҷе пирерге, паза кирек полза ,хозылғаны пасха социальнай кирек нимелер читкіҷе пирерге.</para>
         </listitem>
         <listitem>
            <para>Полған на кізінің пар тјре  профессиональнай союзтар тјстирге паза профессиональнай  союзтарза  кирерге  позынын  кирексіністерін арачылирга.</para>
         </listitem>
      </orderedlist>
   </article>
   <article numbеr="24">
      <title>24 Статья</title>
      <para>Полған на кізінің тјре тынанарға паза  маң тусха пар, ол санда сағыстығ тоғыс кені хызырғаны паза тјлегліг периодическай отпуска тјре пар.</para>
   </article>
   <article numbеr="25">
      <title>25 Статья</title>
      <orderedlist>
         <listitem>
            <para>Полған на кізінің пар тјре андаг чуртас синіне, ол санда ас-тамах, кипазах, чурт, имнег  сыныхтағ паза прай кирек социальнай полызығ, хайзы хазых паза чахсы хоных позына паза анын сјбіріне хабас пирерге кирек, паза тјре тоғыс чох полар туста, ағырығ, кинек полғаны, јкіс полғаны, улуғланыбысса кирт туста алай пасха да киректе хаҷан чуртирға кирек нимелер чідіргені ол пыролығ нимес оңдайлар киліс парған туста.</para>
         </listitem>
         <listitem>
            <para>Іҷе полғаны паза олған тузы алынҷа сыныхтаға паза полызыға тјре пирчелер. Прай палалар хоныхта алай ба чох тјреннер тин социальнай арачылыныстын тузаланарга киректер.</para>
         </listitem>
      </orderedlist>
   </article>
   <article numbеr="26">
      <title>26 Статья</title>
      <orderedlist>
         <listitem>
            <para>Полған на кізінің егредіге тјре пар. Егредіг тике поларға кирек пастагы паза ортын угредиг теерге андағ поларға кирек.  Пастагы егредіг обязательнай поларға кирек. Техническай паза  профессиональнай егредіг прайзына киліскек поларға кирек, паза пјзік егредіг прайзына тин киліскек полған на кізінің келігі тјста поларга кирек.</para>
         </listitem>
         <listitem>
            <para>Егредіг айландырыбызарға кізінің толдыра јскеніне айландырыбызарға кирек паза кізінің тјрелеріне паза јјн пос оңдайларға улуғланыс јскеніне. Егредіг прай чоннар ароазында,расовай паза религиознай группалар аразында удур-тјдір піліскеніне, сыдамаға паза ынархасха полызарга кирек,  паза  Піріккен Нацияларның  Организацияның амыр чуртас турызары тоғызына хабазарға кирек.</para>
         </listitem>
         <listitem>
            <para>Іҷе-пабалар  приоритетнай тјрееліг постарының кічіг частығ палаларға егредіг кјрім таллирға.</para>
         </listitem>
      </orderedlist>
   </article>
   <article numbеr="27">
      <title>27 Статья</title>
      <orderedlist>
         <listitem>
            <para>Полған на кізінің пар тјре пос чон јмезиниң культурнай чуртаста пойли аралазарға, искусстванын тың хынып тузаланарға, научнай прогрессте аралазарга  паза анын пайынаң тузаланарга.</para>
         </listitem>
         <listitem>
            <para>Полған на кізінің пар тјре арачылысха аның моральнай паза материальнай кирексінстерін,  хайзы ол авторы полчатхан научнай, литературнай алай  художественнай тоғыстарның салтары  полчалар.</para>
         </listitem>
      </orderedlist>
   </article>
   <article numbеr="28">
      <title>28 Статья</title>
      <para>Полған на кізінің социальнай паза чоннар аразындағы чаа чох, амыр чуртасха, хаҷ ан пу Декларацияда пазылған праволар паза свободалар тооза толдырарға чарир,тјре пар.</para>
   </article>
   <article numbеr="29">
      <title>29 Статья</title>
      <orderedlist>
         <listitem>
            <para>Полған на кізінің пар обязанностар јмезінің алнында, хайда ла аның омазына пос паза прай сариның тыырға оңдай полар.</para>
         </listitem>
         <listitem>
            <para>Праволарның  паза свободаларын толдырарында  полған на кізі законнаң паза чон аразындағы кізі праволарнаң кјрілген (ограничениелер) (хызырчатхан мералар)  ла тарадылчалар кізінің праволарның паза прайзының јјн свободалары улуғлап саңай пасхаларының праваларына паза свободаларына кирек санасханы паза улуғлааны читкіҷе пиргені ечен паза моральдың, чон аразындағы иптіг полғаны паза чонның  чахсы чуртастың демократическай јмеде  сын кирексіністер толдырарын ечен.</para>
         </listitem>
         <listitem>
            <para>Пу праволар паза свободалар толдырғаны Піріккен Нацияларның Организациязының харазығларына паза принциптерине хайди де тоғыр полбасха кирек.</para>
         </listitem>
      </orderedlist>
   </article>
   <article numbеr="30">
      <title>30 Статья</title>
      <para>Пу Декларацияда пір дее ниме пасха хазнаның, чонның, хайдағ-да јменең алай алынҷа кізнең  хайдағ даа тоғыстаң айғазар алай пу Декларацияда пазылғанны сайбир  право чоннарның праволарын чох идер педінін сайбабчатхан тіп  саба чарыдылбазын.</para>
   </article>
</udhr>
