<?xml version="1.0" encoding="UTF-8"?>

<!--© The Office of the High Commisioner for Human Rights-->

<udhr iso639-3='gjn' xml:lang='gjn' key='gjn' n='Gonja' xmlns="http://www.unhchr.ch/udhr">
   <title>DURNYAŊ KIKƐ BE KEYILI KPRA TA LAŊƐ DIMEDI KIKƐ BE KUMU SO BE ASHYEŊ NƐ MOBE KASHINTEŊ AKPA</title>
   <preamble>
      <title>ASHEŊFƐSO</title>
      <para>Kepin nɛ kemaŋkura, dimedi be eyilikpa nɛ mobe kumu so be asheŋ e la mobe kashinteŋ nɛ eyur-wushi be egbel-tulwase.</para>
      <para>Kedɔ nɛ kekplaŋ dimedi be kashinteŋ ere so e naa bra barkɔnɛ, a duu mfɛra lubi dimedi be kumu to, n naŋ shi nɛ durnyaŋ to dimedi bu kebaa malga yɛlyɛla, ebɔrɛshuŋ, kayeŋi-yeŋi nɛ kanyɛ kii asheŋ kpakpa so bebolpo kutɔ.</para>
      <para>Ku daga fanɛ awura-sheŋ be mbra ka bee kuŋ dimedi be kashinteŋ n sa maa shi nɛ eko maa kini mo barkasa nko a nyaŋ mo.</para>
      <para>A daga keteŋi efuli-ana be kakurwe kelepo so.</para>
      <para>Yunatɛd Neshin be baasa sa yɛrda kawol to ta a laŋɛ baasa be kashinteŋ-kpra nɛ bumode eyilikpa nɛ bu tiŋ teŋi bumobe kachena nɛ kebawɔtɔ lɛla be akpa so.</para>
      <para>Efuli-ana nɛ a wɔ kɔnɔkoŋwole ere to bɔ ntaŋ fanɛ baŋ pɛ abar be nsher to n nya bunyaŋ nɛ kemaŋkur kashinteŋ ere to.</para>
      <para>Ekama be kepin kashinteŋ nɛ kumu so be asheŋ ere e la demu kpra nɛ ku beeŋ chɛ to n teŋi ntaŋ ere so. Naniere, kumo so.</para>
      <para>Durnyaŋ kikɛ be nshɛr gboŋ nna yili dimedi kikɛ be kumu so be asheŋ nɛ kashinteŋ ere.</para>
      <para>Amuso, Kamalga ere to</para>
      <para>BEE ŊINI FANƐ "GENERAL ASSEMBLY" BEE</para>
      <para>Kaŋɛ ekama fanɛ kayili nɛ kuwɔ kawol ere to la amo nɛ a beeŋ wɔrɔ anfaani nsa ekama mo ne ewɔ efuli nna so. Ekama nta n-ya mata durinya kikɛ be mmalga yiliso so. Adaga efuli kikɛ eshuli n sa kamalga mo nɛ kuwɔ kawal ere to nta kumo nki kapatɛ nsa anye. Nsa nɛ kamalga ere eluri efuli kikɛ nɛnɛ: epeŋi petɛkpa, epeŋi-tɔrkpa, banaso, jisaso kusɔ nɛ adaga anye kikɛ ewurɔ nna ela.</para>
   </preamble>
   <article number="1">
      <title>Demu 1</title>
      <para>Bu kurwe dimedi kikɛ mobe kumu so, nɛ mobe, eyilikpa, kesheŋ nɛ kashinteŋ maŋ kɔr eko peyɛ to. Nyinpela sa dimedi kikɛ lakal nɛ mfɛra fanɛ bu chena abarso kelepo so.</para>
   </article>
   <article number="2">
      <title>Demu 2</title>
      <para>Ekama kɔ ekpa ta a laŋɛ kashinteŋ ere kikɛ nɛ kumu so be asheŋ nɛ a wɔ keyili kpra ere to nɛ nkpiɛto kikɛ maŋ wɔtɔ ashi yiri, kawol be ndu li, kenyɛn/keche, ngbar, ebɔrɛ shuŋ, kumu be kekeni nko lakal ko, efuli so nko kebawɔtɔ be ekpa so, kapitɛ, kakurwe nko eyililkpa ko be kabaso.</para>
      <para>N naŋ tii so, nkpiɛto kikɛ e sa maŋ wɔtɔ ta a yɔ kumu be kekeni to, demu-ji to, nko efuli nɛ fo shi be eyilikpa durnyaŋ to nɛ loŋ be efuli nna suwe kumo kumu a keni kumo kumu so, nko efuli ko e naa keni kumu so ekpa ko so.</para>
   </article>
   <article number="3">
      <title>Demu 3</title>
      <para>Ekama kɔ kashenteeŋ nɛ mobe efute nɛ mobe kumu be kekuŋ.</para>
   </article>
   <article number="4">
      <title>Demu 4</title>
      <para>A maŋ daga nɛ eko e baa wɔ kenyanya nko kanyaŋ to. Kenyaya, kenya-tɔ nɛ kenya-fa be ekpa kama so daga ku ju.</para>
   </article>
   <article number="5">
      <title>Demu 5</title>
      <para>A maŋ daga bu ka nyaŋ eko nko n wɔtɔ mo ebasa to, nko n gberge mo kusoe.</para>
   </article>
   <article number="6">
      <title>Demu 6</title>
      <para>Ekama kɔ kashinteŋ, kaplɛ-kama nɛ e wɔ nɛ bu pin fanɛ esa e la mo mbra be ekpa so.</para>
   </article>
   <article number="7">
      <title>Demu 7</title>
      <para>Ekama na la kukoŋwule nna mbra be ekpa so, a daga nɛ mbra na e kuŋ ekama nɛ nkpiɛto maŋ wɔtɔ.</para>
   </article>
   <article number="8">
      <title>Demu 8</title>
      <para>Ekama kɔ kashinteŋ nɛ bu yolge mo ashi efuli na be demu-ji akpa nɛ e ya dɔ kashinteŋ kpra nɛ mbra yili mo nna so.</para>
   </article>
   <article number="9">
      <title>Demu 9</title>
      <para>Ekama maŋ daga nɛ bu pɛ mo jiga-jiga so, nko nɛ bu tii mo ebu nko n ju mo jiga-jiga so.</para>
   </article>
   <article number="10">
      <title>Demu 10</title>
      <para>Ekama kɔ ekpa nɛ edemu-ji kpa nɛ a wɔ amobe amu so, a maa kpiɛ to na nɛ a mige mo to nɛnɛ nɛ jama kikɛ e nu ta a laŋɛ mobe kashinteŋ, asheŋ daga so nɛ kusoe gberge nɛ baŋ sa mo.</para>
   </article>
   <article number="11">
      <title>Demu 11</title>
      <orderedlist>
         <listitem>
            <para>Ekama nɛ bu fa fo, fo kɔ kashinteŋ nɛ fo keni kefa nna, amɔ bu ji na mbri fo mbra be ekpa so jimaa to nɛ fo maŋ tiŋ chɛ fo kɔnɔ.</para>
         </listitem>
         <listitem>
            <para>A maŋ daga nɛ bu fa ekama nkpal kesheŋ nɛ ku maŋ daga kusoe gberge so ashi efuli na nko efuli-ana kikɛ be mbra so, saŋɛ nɛ e wɔrɔ la be kesheŋ na. A maŋ naŋ daga nɛ bu gberge esa kusoe nɛ ku baa chɔ kumo nɛ bu junkpar n sa mo saŋɛ nɛ e wɔrɔ loŋ be kesheŋ nna.</para>
         </listitem>
      </orderedlist>
   </article>
   <article number="12">
      <title>Demu 12</title>
      <para>A maŋ daga nɛ fo luri fo barkasa be asheŋ to jigajigaso, mo dawule, mobe keyale nko mobe kebɔaya akpa, nko nɛ fo tige fo barkasa be jilma nɛ mobe eyilikpa so. Ekama kɔ kashinteŋ nɛ mbra na e kuŋ mo ashi baasa be kebaa luri mobe asheŋ to nɛ ketige nko nduwɛ mobe jilma so.</para>
   </article>
   <article number="13">
      <title>Demu 13</title>
      <orderedlist>
         <listitem>
            <para>Ekama kɔ kashinteŋ nɛ e baa nite mobe kumu so yɛlyɛla n naŋ tiŋ chena mobe efuli so.</para>
         </listitem>
         <listitem>
            <para>Ekama kɔ kashinteŋ nɛ e ler efuli kikɛ so, nɛ mobe efuli so gba n naŋ tiŋ m bɛta m ba mobe efuli so.</para>
         </listitem>
      </orderedlist>
   </article>
   <article number="14">
      <title>Demu 14</title>
      <orderedlist>
         <listitem>
            <para>Ekama kɔ kashinteŋ nɛ e yɔ efuli ko so n ya mɔlwe mobe kumu.</para>
         </listitem>
         <listitem>
            <para>Nɛ bu fa esa kumobe ekpa so nkpal ashuŋ lubi nɛ e maa liɛ efuli na be kumu be kekeni be ekpaso nko asheŋ nɛ a bee dɔɔ kɔnɔkoŋwule be mbra na so, le be kashinteŋ maŋ wɔtɔ.</para>
         </listitem>
      </orderedlist>
   </article>
   <article number="15">
      <title>Demu 15</title>
      <orderedlist>
         <listitem>
            <para>Ekama kɔ kashinteŋ nɛ e shi efuli ko so.</para>
         </listitem>
         <listitem>
            <para>A maŋ daga kekini eko mobe efuli so be keshi jiga-jiga nko n kini mobe kechɛrga efuli nɛ e shi na so.</para>
         </listitem>
      </orderedlist>
   </article>
   <article number="16">
      <title>Demu 16</title>
      <orderedlist>
         <listitem>
            <para>Benyɛn nɛ beche ya bulɔ, bu kɔ kashinteŋ nɛ bu kil n taŋɛ kanaŋ nɛ shɛŋ maa kuŋ bumo fanɛ yiri, efuli nɛ bu shi na so, nko kananɛ baa bunyaŋ ebɔrɛ. Bu kɔ kashinteŋ koŋwule ashi kakil to nɛ kakil gbeŋi so to.</para>
         </listitem>
         <listitem>
            <para>Pɔɛ nɛ baasa e kil abar, a daga nɛ bumo-wura-ana be kenyi kikɛ e baa wɔ kakil na to.</para>
         </listitem>
         <listitem>
            <para>Kanaŋ la ebɔrɛ so be kesheŋ na n naa la baasa to be katuŋ junkpar po nɛ a daga nɛ jamaa nɛ efuli kikɛ e baa kuŋ kumo.</para>
         </listitem>
      </orderedlist>
   </article>
   <article number="17">
      <title>Demu 17</title>
      <orderedlist>
         <listitem>
            <para>Ekama kɔ kashinteŋ nɛ e baa kɔ mobe kumu so be kapitɛ nko mo nɛ mo bra-ana.</para>
         </listitem>
         <listitem>
            <para>A maŋ daga kepuni nko m mɔn eko mobe kapitɛ.</para>
         </listitem>
      </orderedlist>
   </article>
   <article number="18">
      <title>Demu 18</title>
      <para>Ekama kɔ mobe kumu so be mfɛra be kashinteŋ, lakal nɛ kananɛ e bee bunyaŋ ebɔrɛ. La be kashinteŋ tii mobe kechɛrga kananɛ e bee bunyaŋ ebɔrɛ nko mobe yɛrda, nɛ mobe kumu so be keshuŋ ebɔrɛ-shuŋ mo nawule nko mo nɛ mo bra-ana.</para>
   </article>
   <article number="19">
      <title>Demu 19</title>
      <para>Ekama kɔ mobe mfɛra nɛ kamalga be kashinteŋ. La be kashinteŋ tii kumu so be mfɛra be kefɛ nɛ shɛŋ maa kuŋ mo, e naa kɔ mobe kashinteŋ nɛ e fin, n nya nko n sa kebɔaya nɛ lakal ekpa kikɛ so nɛ mbarga kikɛ maŋ wɔtɔ.</para>
   </article>
   <article number="20">
      <title>Demu 20</title>
      <orderedlist>
         <listitem>
            <para>Ekama kɔ mobe kashinteŋ nɛ e ba wɔ kagbenewushi be nshɛr to.</para>
         </listitem>
         <listitem>
            <para>Bu maa nyaŋ eko a wɔtɔ nshɛr ko to.</para>
         </listitem>
      </orderedlist>
   </article>
   <article number="21">
      <title>Demu 21</title>
      <orderedlist>
         <listitem>
            <para>Ekama kɔ kashinteŋ nɛ e baa wɔ efuli so be awura-sheŋ to mo gbagba nko nɛ bu lara ba sa yɛlyɛla so nɛ bu yili bumo be ntilemu.</para>
         </listitem>
         <listitem>
            <para>Ekama kɔ kashinteŋ nɛ eji mobe efuli so be kusɔnɛ ku la ekama peyɛ be tunɔ kananɛ eko gba beeŋ ji kumobe tunɔ nna.</para>
         </listitem>
         <listitem>
            <para>Baasa be aparsheŋ a daga a ka la awura-sheŋ be egbel tulwase la be aparsheŋ daga nɛ a shi saŋɛ saŋɛ be kɔnkɔŋ be kelɛ kashinteŋ be ekpa so n naa la ekama be kesheŋ nɛ baa lɛ kɔnkɔŋ nna kegblanto nko kumo nɛ ku bɛ kɔnkɔŋ be kelɛ be mbra so.</para>
         </listitem>
      </orderedlist>
   </article>
   <article number="22">
      <title>Demu 22</title>
      <para>Fo kama nɛ fo wɔ baasa to, fo kɔ kashinteŋ nɛ baasa e kuŋ fo, a daga nɛ fobe efuli so nɛ efuli-ana kikɛ ka pɛ abar be kashɛr to, efuli-ana be keblase to nɛ amobe kapitɛ be albarka to nɛ fo nya eyilikpa nɛ naŋkur nɛ ku daga fo dimedi nɛ dankare be ekpa so.</para>
   </article>
   <article number="23">
      <title>Demu 23</title>
      <orderedlist>
         <listitem>
            <para>Ekama kɔ kashinteŋ nɛ e shuŋ kushuŋ, nɛ e fin mobe kumuso be kepar ke Kushuŋ n naŋ shuŋ kushuŋ mbra be ekpa so n naŋ kuŋ mobe kumu ashi ketase fuloŋ to.</para>
         </listitem>
         <listitem>
            <para>Ekama kɔ kashinteŋ nɛ bu ka mo kakɔka koŋwule nɛ kushuŋ koŋwule nɛ nkpiɛto kikɛ maŋ wɔtɔ.</para>
         </listitem>
         <listitem>
            <para>Ekama kɔ kashinteŋ nɛ e ji mobe kushuŋ be tunɔ, mo nawule nko mo nɛ mobe keyale nɛ e naa wɔ kebawɔtɔ nɛ ku daga dimedi, n naŋ fin kechɛto ko nɛ ku daga ashi baasa kutɔ.</para>
         </listitem>
         <listitem>
            <para>Ekama kɔ kashinteŋ nɛ e baa wɔ beshumpo be kɔnɔkoŋwule to nɛ bu baa kuŋ mobe aparsheŋ.</para>
         </listitem>
      </orderedlist>
   </article>
   <article number="24">
      <title>Demu 24</title>
      <para>Ekama kɔ kashinteŋ nɛ e wushi ashi mobe kushuŋ akpa nɛ mobe ketase fuloŋ to, kushuŋ na be jemanɛ e sa maŋ pɔɔ eshumpo na so nɛ e naŋ nu ebel ashi saŋɛ saŋɛ be ewushi nɛ ku kɔ kakɔka.</para>
   </article>
   <article number="25">
      <title>Demu 25</title>
      <orderedlist>
         <listitem>
            <para>Ekama kɔ kashinteŋ nɛ e ba wɔ kebawɔtɔ lɛla to, mo nɛ mobe keyale, ta alaŋɛ eyur be alemfia, ajibi-ji so, asɔ-buuso, kowu chena so to nɛ kusɔ kama nɛ ku la jamaa peyɛ, e naa kɔ kashinteŋ nɛ e kuŋ mobe kumu saŋɛ nɛ e maŋ naa wɔ kushuŋ to, nɛ e ka wɔ kulɔ to, nɛ kekulwu to, nɛ kenimu to nko kebawɔtɔ ko nɛ ku maŋ duli mo.</para>
         </listitem>
         <listitem>
            <para>Kenio to nɛ kebia to, kikɛ daga kekeni so nɛnɛ n naŋ daga kechɛ to. Mbia nɛ bu kurwe kakil to nko kejipo to daga kakuŋ koŋwule.</para>
         </listitem>
      </orderedlist>
   </article>
   <article number="26">
      <title>Demu 26</title>
      <orderedlist>
         <listitem>
            <para>Ekama kɔ kashinteŋ nɛ e nya kebala nɛ kabii. Kebala nɛ kebii daga nɛ bekekarso na e nya kumo yɛlyɛlya. Kebala nɛ kebii kekarso beeŋ ba la boshinɛ. A daga ekama ka nya enɔ to nɛ broni be ashuŋ be kebala nɛ kebii; benimu malɛ be kebala nɛ kebii malɛ daga nɛ ku bɛ kenyi so.</para>
         </listitem>
         <listitem>
            <para>Kebala nɛ kebii beeŋ liɛ dimedi be eyur kudu-anyɔ kikɛ, n naŋ wɔtɔ eleŋ to, jilma ta a laŋɛ dimedi be kashinteŋ nɛ mobe kumu so be asheŋ kpra ere. Ku beeŋ teŋi kenu-n-sa-abar so, kanyiti nɛ kenakpa efuli-anan to, yiri nko ebɔrɛ be beshumpo be ntuŋso-ana to, n naŋ teŋi. Durnyaŋ be efuliana be kɔnɔkoŋwule be kebawɔtɔ kikɛ nɛ kaŋbene wushi e baa wɔtɔ.</para>
         </listitem>
         <listitem>
            <para>Benawura-ana kɔ kashinteŋ nɛ ekpa nɛ bu lara kebala nɛ kebii be ekpa nɛ ku daga bumobe mbia.</para>
         </listitem>
      </orderedlist>
   </article>
   <article number="27">
      <title>Demu 27</title>
      <orderedlist>
         <listitem>
            <para>Ekama kɔ kashinteŋ mobe kumu so nɛ e tiŋ wɔrɔ mobe baasa be adankaresheŋ n naŋ tiŋ ji adankare be asɔ lɔŋɛ so nɛ kabre be kachɛ be kinishi buwi be kenyi be tunɔ.</para>
         </listitem>
         <listitem>
            <para>Ekama kɔ kashinteŋ nɛ ekpa nɛ e kuŋ mobe kumu so nɛ kebeleŋ be kushuŋ.</para>
         </listitem>
      </orderedlist>
   </article>
   <article number="28">
      <title>Demu 28</title>
      <para>A daga nɛ ekama e nya dimedi nɛ efuli-ana kikɛ be kebawɔtɔ, nɛ kashinteŋ nɛ kumu so be asheŋ nɛ a wɔ keyili kpra ere to e kurwe ebi lɛla.</para>
   </article>
   <article number="29">
      <title>Demu 29</title>
      <orderedlist>
         <listitem>
            <para>Ekama kɔ mobe kushuŋ baasa to, bumo to nɛ e bee kii esa lɛla.</para>
         </listitem>
         <listitem>
            <para>Nɛ esa bee bo mobe kashinteŋ nɛ kumu so be asheŋ so a daga nɛ e baa de mbra so, saŋɛ na so e maaŋ tɔr mo barkasa ko be geshi to, loŋ e beeŋ wɔrɔ kusɔnɛ ku daga nɛ asheŋ e bɛ abar so nɛnɛ nɛ yɛ-nɛ-n-yɛ be kebawɔtɔ e nya edesekpa baasa to.</para>
         </listitem>
         <listitem>
            <para>Kashinteŋ nɛ kumu so be asheŋ ere maŋ daga ku wɔrɔ amo m foe ekpa kananɛ durnyaŋ be efuli-ana be kɔnɔkoŋwule yili kumo nna.</para>
         </listitem>
      </orderedlist>
   </article>
   <article number="30">
      <title>Demu 30</title>
      <para>Shɛŋ maŋ wɔ kawol ere to a ŋini fanɛ efuli ko pkeleŋ, baasa nko esa ko dawule peyɛ nna, amoso eko maŋ kɔ ekpa nɛ e wɔrɔ kesheŋ ko nɛ ku beeŋ jija kashinteŋ nɛ kumu so be asheŋ nɛ a wɔ kawol ere to.</para>
   </article>
</udhr>