<?xml version="1.0" encoding="UTF-8"?>

<!--© The Office of the High Commisioner for Human Rights-->

<udhr iso639-3='koi' xml:lang='koi' key='koi' n='Komi-Permyak' xmlns="http://www.unhchr.ch/udhr">
   <title>Морт правоэзлӧн быдӧс мирись ӧтласа декларация</title>
   <note>
      <para>Примитӧм и паськыта юӧртӧм Генеральнӧй Ассамблеялӧн 217 А (111) резолюцияӧн декабрь 10 лунӧ 1948 годӧ</para>
   </note>
   <preamble>
      <title>Кыводз</title>
      <para>Медбы тӧдны, что морт семьяись быд членлӧн эм аслас достоинство, а сылӧн ӧткодь да мырддьытӧм правоэз лоӧ воля, справедливость да лӧнь олан понда основаӧн;  медбы тӧдны, что морт правоэз нем туйӧ пуктӧм вайӧтіс  ни умӧль, кӧда морт увтырлӧ оз сет овны совесть сьӧрті, и что сэтшӧм мирыс, кытӧн отирыс пондас авйыны да сернитны повтӧг, а овны нуждатӧг, лоас сьӧлӧмсянь керӧм быдӧнныс понда; и</para>
      <para>медбы тӧдны, что колӧ керны быдӧс, медбы мортлӧн пра- воэз дозирайтсисӧ законӧн и эз адззисьӧ моггез мортыслӧ лэбтісьны паныт умӧля видзӧмлӧ да дзескӧтӧмлӧ; и</para>
      <para>медбы тӧдны, что пыр колӧ отсавны отиррезлӧ ёртасьӧмын; и</para>
      <para>медбы тӧдны, что Йитӧм Нацияэзлӧн народдэз гижисӧ  вын мортлісь медыджыт правоэз, вылына лэбтісӧ личностьлі дон, мужиккезлісь да инькаэзлісь ӧтыжда правоэз и кутчисисӧ эшӧ ёнжыка отсавны социальнӧй прогресс да вольнӧй олан бурсьӧтӧмын; и</para>
      <para>медбы тӧдны, что членнэз-государствоэз кӧсйисисӧ отсавны Нацияэзлӧн Йитӧм Чукӧрлӧ ӧтласа уджын, ӧтамӧд коласын морт правоэз сьӧрті бытшӧма да вольнӧя олӧмын; и</para>
      <para>медбы тӧдны, что энӧ правоэсӧ да свободаэсӧ позьӧ тырмӧ пыртны оланас дзир сэк, кӧр быдӧнныс вежӧртӧны нылісь ыджыт донсӧ,</para>
      <para>ГЕНЕРАЛЬНӦЙ АССАМБЛЕЯ паськыта юӧртӧ этӧ морт правоэзлісь быдӧс мирись ӧтласа декларациясӧ кыдз задача, кодӧ керны колӧ вынтӧтчыны быд отирлӧ и государстволӧ сійӧн, медбы быд мортыс и быд общественнӧй  этӧ Декларациясӧ юрын орӧттӧг видзтӧн, просвещеннё да велӧтчӧм увья вынтӧтчисӧ керны быдӧс, медбы донтны энӧ правоэсӧ да свободаэсӧ, пыртны нійӧ оланӧ национальнӧ да отиррезлӧн ӧтласа прогрессивнӧй праздниккезӧ Чукӧрись членнэз-государствоэзлӧн быд отиррезӧн бытшӧма примитӧмӧн.</para>
   </preamble>
   <article number="1">
      <title>1 гижӧт</title>
      <para>Быдӧс отирыс чужӧны вольнӧйезӧн да ӧткоддезӧн  достоинствоын да правоэзын. Нылӧ сетӧм мывкыд да совесть овны ӧтамӧдныскӧт кыдз воннэзлӧ.</para>
   </article>
   <article number="2">
      <title>2 гижӧт</title>
      <para>Быд мортлӧ бӧрйисьтӧг сетсьӧны быдӧс правоэз да  эз, кӧдна висьталӧмӧсь эта Декларацияын, кытшӧм бы эз вӧв раса, кучиклӧн рӧм, пол, кыв, енӧ веритӧм, политическӧй да модік вежӧр, национальнӧй нето социальнӧй петӧм, имущество да сословие.</para>
       <para>Сідз жӧ оз позь торйӧтлыны политическӧй, правовӧй нето страналӧн международнӧй статус увья, нето  сьӧрті, кытӧн олӧ мортыс, ась эта территорияыс вольнӧ кинкӧ увтын, аснас оз веськӧтлы нето кыдз-нибудь мӧднёж зэлӧтӧм суверенитетын.</para>
  </article>
   <article number="3">
      <title>3 гижӧт</title>
      <para>Быд мортлӧн эм право овны дзескӧттӧг да вӧрзьӧттӧг.</para>
   </article>
   <article number="4">
      <title>4 гижӧт</title>
      <para>Некинӧс оз позь видзны рабствоын нето пӧдан сайын; раб видзӧм да раббезӧн вузасьӧм оз вермӧ вӧвны миян оланын.</para>
   </article>
   <article number="5">
      <title>5 гижӧт</title>
      <para>Некинӧс оз вермӧ пытайтны, уськӧтны мортыслісь достоинство умӧль мог нето наказаннё пыр.</para>
   </article>
   <article number="6">
      <title>6 гижӧт</title>
      <para>Быд мортлӧн, кытӧн бы сія эз вӧв, эм право лыддьыны асьсӧ праволӧн субъектӧн.</para>
   </article>
   <article number="7">
      <title>7 гижӧт</title>
      <para>Мийӧ быдӧнным законыс одзын ӧткодьӧсь и ӧтмоза  дорйӧмӧсь. Миян быдӧннымлӧн эта Декларация сьӧрті  право дорйыны асьнымӧс быдӧс умӧльсянь, кинсянь бы сія эз лок.</para>
   </article>
   <article number="8">
      <title>8 гижӧт</title>
      <para>Быд мортлӧн эм право бертны аслыс ӧштӧм правоэз, кӧдна сетӧмӧсь сылӧ конституцияӧн нето законӧн, тӧдчана национальнӧй суддэзын.</para>
   </article>
   <article number="9">
      <title>9 гижӧт</title>
      <para>Некинӧс оз позь законтӧг арестуйтны, кутны нето вӧтлыны.</para>
   </article>
   <article number="10">
      <title>10 гижӧт</title>
      <para>Быд мортлӧн, кӧр сійӧ винитӧны уголовнӧй статья сьӧрті,  право тӧдны справедливӧй независимӧй судын ассис правоэз да обязанносттез и эм я мыйкӧ сэтшӧмыс, мед сійӧ винитны.</para>
   </article>
   <article number="11">
      <title>11 гижӧт</title>
      <orderedlist>
         <listitem>
            <para>Быд морт, кӧр сійӧ винитӧны умӧльын, вермӧ лыддисьны правӧн сэтчӧдз, кытчӧдз сылісь умӧль керӧмсӧ законнӧ оз мыччав осьта суд, кытӧн мортыслӧ сетсьӧ быдӧс дорйӧт понда.</para>
         </listitem>
         <listitem>
            <para>Некинӧс оз позь судитны мый понда бы эз вӧв, ежели эта коста керӧмась нацональнӧй закон нето быдӧс отиррезлӧн право сьӧрті нем умӧльыс эз вӧв. Оз вермы сідз жӧ  мыжйӧмыс сьӧкытжыкӧн сысся, кӧда вермис лоны сетӧм умӧль керӧмыс коста.</para>
         </listitem>
      </orderedlist>
   </article>
   <article number="12">
      <title>12 гижӧт</title>
      <para>Некин оз вермы дзугны мортлісь ассис да семейнӧй вӧрзьӧтны сылісь оланін, честь да бур ним. Быдыслӧн эм право сайӧвтны асьсӧ вӧрзьӧтлӧммезсянь законӧн.</para>
   </article>
   <article number="13">
      <title>13 гижӧт</title>
      <orderedlist>
         <listitem>
            <para>Быд мортлӧн эм право вольнӧя ветлӧтны и бӧрйыны аслыс горт кӧть кытшӧм государствоын.</para>
         </listitem>
         <listitem>
            <para>Быд морт вермӧ мунны йӧз и аслас странаись и бертны аслас странаӧ бӧр.</para>
         </listitem>
      </orderedlist>
   </article>
   <article number="14">
      <title>14 гижӧт</title>
      <orderedlist>
         <listitem>
            <para>Быд мортлӧн эм право дзебсисьны вӧтлӧмсянь мӧдік странаэзын и овны сэтчин.</para>
         </listitem>
         <listitem>
            <para>Эта правоыс ӧшӧ сэк, кӧр мортсӧ кошшӧны не политическӧй преступленнё понда, а мӧдік умӧлись, мыйыс мунӧ паныт Нацияэзлӧн Йитӧм Чукӧрлӧн принциппезлӧ да моггезлӧ.</para>
         </listitem>
      </orderedlist>
   </article>
   <article number="15">
      <title>15 гижӧт</title>
      <orderedlist>
         <listitem>
            <para>Быд мортлӧн эм право гражданство вылӧ.</para>
         </listitem>
         <listitem>
            <para>Некинлісь оз вермӧ весись мырддьыны гражданство нето правосӧ вежны сійӧ.</para>
         </listitem>
      </orderedlist>
   </article>
   <article number="16">
      <title>16 гижӧт</title>
      <orderedlist>
         <listitem>
            <para>Мужиккез да инькаэз, кӧдна лыддисьӧны нолетньӧйезӧн, вермӧны гӧтрасьны, керны семья, кытшӧ бы нылӧн раса, национальность нето религия эз вӧ Нылӧн эмӧсь ӧткодь правоэз гӧтрасьны, ӧтлаын овны и торйӧтчыны.</para>
         </listitem>
         <listitem>
            <para>Гӧтрасьны позьӧ дзир сэк, кӧр кыкнан мортыс олӧны бы ӧтлаын.</para>
         </listitem>
         <listitem>
            <para>Семья – этӧ учӧтик, но дона колана торок отирыслӧн, и отирыслӧ да государствоыслӧ колӧ дорйыны сійӧ.</para>
         </listitem>
      </orderedlist>
   </article>
   <article number="17">
      <title>17 гижӧт</title>
      <orderedlist>
         <listitem>
            <para>Быд мортлӧн вермас лоны имущество кыдз аслас, сідз и ӧтласа.</para>
         </listitem>
         <listitem>
            <para>Некинлісь оз позь мырддьыны имуществосӧ астӧгьяс.</para>
         </listitem>
      </orderedlist>
   </article>
   <article number="18">
      <title>18 гижӧт</title>
      <para>Быд мортыс вермӧ асмознас авйыны, совеститчыны да  ны енлӧ; эта правоыс сетӧ вежны ассит ен, мӧднеж вежӧртны олан, ӧтнатлӧ и ӧтлаын мӧдіккезкӧт донтны кӧть кытшӧм енӧс да ассиныт арт, велӧтчыны, юрбитны да чулӧтны религиознӧй да ритуальнӧй обряддэз йӧз дырни нето дзир аскӧттят.</para>
   </article>
   <article number="19">
      <title>19 гижӧт</title>
      <para>Быдыс вермӧ артавны асмознас и кӧть кытӧн баитны эта йылісь йӧзлӧ; эта правоыс сетӧ мортыслӧ воля овны аслас юрӧн, повтӧг кошшыны, адззыны да новйӧтны омӧн юӧ да ассис арттэз кыдз сія только кужӧ и кытшӧм бы границаэз сайын эз вӧв.</para>
   </article>
   <article number="20">
      <title>20 гижӧт</title>
      <orderedlist>
          <listitem>
            <para>Быд мортлӧн эм право ӧксьыны ӧтлаӧ да бытшӧма сёрнитны, а сідзжӧ йитсьыны чукӧррезӧ.</para>
         </listitem>
         <listitem>
            <para>Некинӧс оз позь вынӧн пыртны кытшӧм-либо чукӧрӧ.</para>
         </listitem>
     </orderedlist>
   </article>
   <article number="21">
      <title>21 гижӧт</title>
      <orderedlist>
         <listitem>
            <para>Быд мортыслӧн эм право веськӧтлыны аслас странаӧн веськыта нето вольнӧя бӧрйӧм йӧз пырйӧт.</para>
         </listitem>
         <listitem>
            <para>Быд мортыс вермӧ ӧтмоза керны аслас странаын государственнӧй</para>
         </listitem>
         <listitem>
            <para>Отирлӧн воляыс, тшӧктӧмыс – эм юраліссез властьлӧ основа; эта воляыс мыччассьӧ выборрезын, кӧ чулӧтсьӧны быдӧс отирӧн и ӧткодя бӧрьян право сьӧрті гусьӧна голосуйтӧмӧн нето мӧднёж, но тожӧ свободнӧя голосуйтӧмӧн.</para>
         </listitem>
      </orderedlist>
   </article>
   <article number="22">
      <title>22 гижӧт</title>
      <para>Быд мортлӧн, кыдз обществолӧн членлӧн, эм право социальнӧй отсӧт вылӧ, вылына видзны ассис достоинство, свободнӧя зорӧтны личность экономическӧй, социальнӧй да культурӧй сфераэзын национальнӧй уджӧн, отиррез коласын ёртасьӧмӧн да быд государстволӧн структура да вермӧм сьӧрті.</para>
   </article>
   <article number="23">
      <title>23 гижӧт</title>
      <orderedlist>
         <listitem>
            <para>Быд мортлӧн эм право уджавны, свободнӧя бӧрйыны удж, корны уджын бытшӧм да справедливӧй условиеэз, дорйисьны, медбы уджсис эз чапкӧ.</para>
         </listitem>
         <listitem>
            <para>Быд мортлӧн эм право ӧткодь удж понда ӧткодь вештӧм вылӧ, кытшӧм-либо дискриминациятӧг.</para>
         </listitem>
         <listitem>
            <para>Быд уджалісь мортлӧн эм право бытшӧм да справедливӧй вештӧм вылӧ, медбы сія ачыс и сылӧн гортіссес вермисӧ овны достойнӧя, а кӧр ковсяс, адззисӧ мӧдік социальнӧй отсӧт.</para>
         </listitem>
         <listitem>
            <para>Быд морт вермӧ аркмӧтны профессиональнӧй чукӧ да пырны эна профессиональнӧй чукӧррезӧ асьсӧ дорйӧм понда.</para>
         </listitem>
      </orderedlist>
   </article>
   <article number="24">
      <title>24 гижӧт</title>
      <para>Быд мортлӧн эм право шоччисьны, корны, медбы уджыс дырӧв эз кыссьы и кадісь кадӧ вӧлі сетӧм вештана отпуск.</para>
   </article>
   <article number="25">
      <title>25 гижӧт</title>
      <orderedlist>
         <listitem>
            <para>Быд мортлӧн эм право сэтшӧм олан вылӧ, кӧр тырмис бы сёян, паськӧм, вӧлі бы оланін, шогӧттэзісь веськӧтӧм, колана социальнӧй отсӧт, кӧр ачыс мортыс и сылӧн гортіссес олісӧ бы шогавтӧг да бура, сідзжӧ эм право отсӧт вылӧ, ежели мортыс ӧштіс удж, пондіс шогавны, лоис инвалидӧн, кольччис ӧтнас нето сылӧ немӧн лоис овны не ас кузяас.</para>
         </listitem>
         <listitem>
            <para>Кага вайӧм да челядь зорӧтӧм сетӧны право бытшӧм дозирайтӧм да отсӧт вылӧ. Быд челядёклӧн, кӧдна чужисӧ гижсьӧм ай-мамлӧн нето гижсьытӧг, эм ӧткодь социальнӧй дорйӧт.</para>
         </listitem>
      </orderedlist>
   </article>
   <article number="26">
      <title>26 гижӧт</title>
      <orderedlist>
         <listitem>
            <para>Быд мортлӧн эм право велӧтчыны. Колӧ керны быдӧс, медбы кӧть начальнӧй да общӧй образованнё вӧлісӧ вештісьтӧг. Начальнӧй образованнёыс быдӧнныс понда лоӧ обязательнӧйӧн. Техническӧй да профессиональнӧй образованнёыс сетсьӧ быдлӧ, ӧтмоза сетсьӧ быд мортыслӧн сы вермӧм сьӧрті и высшӧй образованнё.</para>
         </listitem>
         <listitem>
            <para>Мортсӧ колӧ велӧтны сы понда, медбы бура зораліс сылӧн личность, содіс уваженнё сылӧн правоэз да свободаэз дынӧ. Велӧтчӧмыс отсалӧ вежӧртны ӧтамӧдӧс, керӧ мортсӧ небытӧн, отирресӧ ёртасьӧтӧ, отсалӧ йитсьыны раса да енлӧ веритӧм сьӧрті чукӧррезлӧ, а Нацияэзлӧн Йитӧм Чукӧрлӧ керны да дорйыны бытшӧм лӧнь олан.</para>
         </listitem>
         <listitem>
            <para>Ай-мамлӧн эм приоритет бӧрйыны, кытӧн ны поснит челядьлӧ велӧтчыны.</para>
         </listitem>
      </orderedlist>
   </article>
   <article number="27">
      <title>27 гижӧт</title>
      <orderedlist>
         <listitem>
            <para>Быд мортлӧн эм право пуктыны пай ӧтласа культурнӧй оланӧ, гажӧтчыны искусствоӧн, зорӧтны научнӧй прогресс да тӧдны сылісь быдӧс бурсӧ.</para>
         </listitem>
         <listitem>
            <para>Быд мортлӧн эм право дорйыны ассис моральнӧй да материальнӧй вермӧммез, кӧдна шедтӧмӧсь сыӧн кыдз авторӧн научнӧй, литературнӧй нето художественнӧй уджӧн.</para>
         </listitem>
      </orderedlist>
   </article>
   <article number="28">
      <title>28 гижӧт</title>
      <para>Быд мортлӧн эм право социальнӧй да отиррез коласын примитӧм порядок вылӧ, кӧда сьӧрті эта Декларацияын гижӧм правоэс да воляэс вермасӧ быдсӧн лоны пыртӧмӧсь оланӧ.</para>
   </article>
   <article number="29">
      <title>29 гижӧт</title>
      <orderedlist>
         <listitem>
            <para>Быд мортыс видзӧ кыв отир одзын, кӧда ӧтнас вермӧ сетны сылӧ вольнӧя да бытшӧма зоравны.</para>
         </listitem>
         <listitem>
            <para>Быд мортлісь правоэсӧ да волясӧ законыслӧ колӧ джендӧтны дзир сы понда, медбы не ӧштыны правоэсӧ да свободаэсӧ мӧдіккезлӧ, а демократическӧй йӧз коласас вылына видзсис мораль, вӧлі дзугсьытӧм да бур олан.</para>
         </listitem>
         <listitem>
            <para>Эна правоэс да воляыс оланын некӧр оз вермӧ мунны паныт Нацияэзлӧн Йитӧм Чукӧрлӧн принциппезлӧ да моггезлӧ.</para>
         </listitem>
      </orderedlist>
   </article>
   <article number="30">
      <title>30 гижӧт</title>
      <para>Нем эта Декларацияын оз вермы лоны вежӧртӧм сідз, бытьтӧ кытшӧм-либо государстволӧ, йӧз чукӧрлӧ нето торья морттэзлӧ сетӧм право удж вылӧ нето керны мый-либо сэтшӧмӧ, мый бы мырддис правоэсӧ да волясӧ, кӧдна висьталӧмӧсь эта Декларацияын.</para>
   </article>
</udhr>