<?xml version="1.0" encoding="UTF-8"?>

<!--© The Office of the High Commisioner for Human Rights-->

<udhr iso639-3='qxu' xml:lang='qxu' key='qxu' n='Quechua, Arequipa-La Unión' xmlns="http://www.unhchr.ch/udhr">
  <title>HATUN WILLAY DERECHONCHISKUNAMANTA LLAPAN RUNAPAQ</title>
  <preamble>
    <title>WILLARIY IMAPAQCHA CHAY DERECHONCHISKUNA LEY</title>
    <para>Llapanchis runakunaq runa kayninchis derechonchiskuna kan. Llapanchispapas kaq derechoyoqllan kanchis. Manan pipas qechuwaswanchu nitaq chinkachinmanchu.</para>
    <para>Si chay derechonchiskuna reqsisqa kanqa, qawasqa kanqa, llapanchispa, chayqa hawkalla kawsasunchis, mana maqanakuspalla, nitaq cheqninakuspalla, nitaqmi qechupanakusunchu, hawkalla kasun.</para>
    <para>Ñawpaq watakuna, manaraq derechonchis ley reqsisqa kachaqtin, chay wakin munaysapa runakuna, qarí tuku runakuna, valiq tukukuná, chay derechonchiskunata sarusqaku, cheqnisqaku, mana valiqman tukuchisqaku. Hinaspa runa masinta waqachisqaku, k'umuchisqaku, cheqnisqaku, sipinankukama.</para>
    <para>Llapan runakuna munanchis chay derechonchiskunata, ima yuyayninchistapas piensasqanchistapas rimarinanchispaq, mayqen Diostapas khuyananchispaq, allin kawsakuypi tiyananchispaq, mana pitapas manchakuspa, hawka kusisqa tiyaspa kawsananchispaq.</para>
    <para>Chay leykunaqa amaparawasunmi, derechonchiskuna qawasqa kananpaq. Mana qawasqachu ni respetasqachu kanqa, chayqa hatariswanmi runakuna, derechonchiskunata valichiq, allin k'apaq reqsisqa kananpaq.</para>
    <para>Llapan chay nacion llaqtakuna allin hawka kawsaylla kayta atin, ama maqanakuspalla, ama cheqninakuspalla, nitaq qechapanakuspalla yanqa qariykachaspa.</para>
    <para>Chay hatun huñunakuy "Naciones Unidas" nisqanpi niwanchis qaynata: - Kanmi derechonchiskuna. Hinaspa, kanmi runa kayninchis. Hinaspa, warmipas qaripas kaq derechoyoqllan kanchis, - nispa qelqanku documentonkupi.</para>
    <para>Chay hatun huñunakuy "Naciones Unidas" nisqanpin munan llapan runakuna chay derechonchiskunata reqsinanchista, hinaspa ruwananchista.</para>
    <para>Llapanchis runakuna k'apaqta reqsisun qawasun yachasun chay derechonchiskunamanta, kay documentopi leyespa.</para>
    <para>Chaymi chay willariy, chay Ieyesqanchis, imapaqcha chay derechonchiskuna kan chayta.</para>
    <para>DERECHONCHISKUNA LEY</para>
    <para>Hatun huñunakuy "Naciones Unidas" nisqanpi qelqanku llapan runakunaq derechonkunata, allin documentopi qelqaspa, allin reqsichinakunapaq. Llapallanchis kay mundopi kaq runakuna chay derechonchiskunata reqsichinakusun, yachapachinakusun, respetachinakuspa ruwachinakusun k'apaqta.</para>
  </preamble>
  <article number="1">
    <title>(1) HUK KAQ</title>
    <para>Kanmi derechonchiskuna llapanchispa, nacesqanchismanta. Kantaqmi llapanchispa runa kayninchis. Manan runa kanchu manay derechoyoq. Huk runaq derecho hukpawan kaqllan kan. Kanmi derechonchis llapanchispa allin kawsay libre tiyananchispaq. Llapan runaqpan kan yuyayninchis yachanapaq. Llapanchis kasun llapa runa masinchiskunawan munanakunapaq, huk ayllu hina.</para>
  </article>
  <article number="2">
    <title>(2) ISKAY KAQ</title>
    <para>Kay hatun ley kamachikuyqa llapanchispaqmi, pipas kachun, mistipas, puna runapas, yuraqpas, yanapas, warmipas, qharipas. runasimilla rimaqpas, castellano rimaqpas, hanaq pacha khuyaqpas, pachamama aypakuqpas, imayna yuyaq runapas, may llaqtamantapas, mana imayoqpas, wakchapas, qhapaqpas. Anchaykunapaqmi, llapanchispaq, kay hatun ley kamachikuyqa.</para>
    <para>(3) KIMSA KAQ</para>
  </article>
  <article number="3">
    <title>Kanmi derechonchis kawsananchispaq. Manan pipas sipiwaswanchu, nitaqmi maqawaswanchu. Kantaqmi derechonchis libre kananchispaq.</title>
    <para>(4) TAWA KAQ</para>
  </article>
  <article number="4">
    <title>Manan pipas esclavota hina llank'achiwaswanchu, sasata, uywata hina, mana munaqtaqa.</title>
    <para>(5) PICHQA KAQ</para>
  </article>
  <article number="5">
    <title>Manan pipas, salqa uywata hina kachispa, k 'iriwaswanchu, nitaq muchuchiwaswanchu, nitaqmi k'umuchiwaswanchu mana runata hina.</title>
    <para>(6) SOQTA KAQ</para>
  </article>
  <article number="6">
    <title>Kanmi derechonchis juezman demandakuq rinanchispaq, juez justicia ruwawananchispaq. Manan pipas hark'awaswanchu juezman rinanchista.</title>
    <para>(7) QANCHIS KAQ</para>
  </article>
  <article number="7">
    <title>Llapa leypaqpas llapan runapas kaqllan kanchis. Manan pipas aqílasqa kayta atinchu.</title>
    <para>Demandanchis kaqtinqa, manan juezqa sayakunmanchu mayqenmanpas. Juezqa llapa demandanchista kaqllata uyariyta atin. Hinaspa justiciata ruwayta atin llapanchispaq, mana imanpas sayakuspa.</para>
  </article>
  <article number="8">
    <title>(8) PUSAQ KAQ</title>
    <para>Kanmi derechonchis amparawananchispaq, derechonchista saruqtinku. Derechonchista saruqtinkuqa, amparawanchismi chay juezkunapas autoridadkunapas. K'apaqtan amparawanchis, ama kaqmanta derechonchis sarunankupaq.</para>
  </article>
  <article number="9">
    <title>(9) ESQON KAQ</title>
    <para>Manan pipas, qasi kaqtaqqa, yanqapuni capturasqa kayta atinchu, nitaqmi carcelman wichq'asqa kayta atinchu, nitaq llaqtanmanta qarqosqa kayta atinchu.</para>
  </article>
  <article number="10">
    <title>(10) CHUNKA KAQ</title>
    <para>Demandanchis kaqtin, otaq cargochasqa kaqtinchis, kanmi derechonchis juezpapi willakunanchispaq. Juezqa iman kaqllata uyariyta atin, mana pimanpas sayakuspalla, nitaqmi pakallanta ruwanmanchu, llaqtaq qayllanpi ruwayta atin.</para>
  </article>
  <article number="11">
    <title>(11) CHUNKA HUKNIYOQ KAQ</title>
    <orderedlist>
      <listitem>
	<para>Cargochasqa kaqtinchisqa, manan juezqa - Huchayoq kanki, - niwaswanchu, leyman hina manaraq yachaspa cheqaychus o manachus huchanchis kan chayta tarispa.</para>
      </listitem>
      <listitem>
	<para>Ñoqanchis imatapas ruwaqtinchis, manaraq chay ley t'aqtakamuchaqtin, manan chay ley huchachawaswanchu castigawananchispaq.</para>
      </listitem>
    </orderedlist>
  </article>
  <article number="12">
    <title>(12) CHUNKA ISKAYNIYOQ KAQ</title>
    <para>Manan pipas, qasi kaqtaqa, yanqapuni turiyamuwaswanchu, ni ayllunchistapas, nitaq wasinchistapas, nitaq cartanchistapas. Manan pipas yanqapuni k'amiwaswanchu, nitaq huchachawaswanchu tumpaspa, nitaq runa kayninchista qepachiwaswanchu. Chaykunamantan ley amparawanchis.</para>
  </article>
  <article number="13">
    <title>(13) CHUNKA KIMSAYOQ KAQ</title>
    <orderedlist>
      <listitem>
	<para>Kanmi derechonchis libre purikunanchispaq maymanpas. Kantaqmi derechonchis maypipas tiyakunanchispaq, munasqanchisman hina.</para>
      </listitem>
      <listitem>
	<para>Kanmi derechonchis Peru llaqtanchismanta lloqsinanchispaq, qepakama kaqmanta Peru llaqtanchisman kutimpunapaq, munasqanchisman hina.</para>
      </listitem>
    </orderedlist>
  </article>
  <article number="14">
    <title>(14) CHUNKA TAWAYOQ KAQ</title>
    <orderedlist>
      <listitem>
	<para>Kan mi derechonchis llaqtanchispi nishuta ñak'arichiwaqtinchis qatiykachaspapas, huk llaqtamanpas lloqsinanchispaq, hinaspa hawka tiyananchispaq.</para>
      </listitem>
      <listitem>
	<para>[Missing?]</para>
      </listitem>
    </orderedlist>
  </article>
  <article number="15">
    <title>(15) CHUNKA PICHQAYOQ KAQ</title>
    <orderedlist>
      <listitem>
	<para>Kanmi derechonchis llapanchispa nacionniyoq kananchispaq, ñoqanchischu Peruano kanchis chay hina kanapaq.</para>
      </listitem>
      <listitem>
	<para>Kantaqmi derechonchis nacionninchismanta lloqsispaqa hu~k nacionniyoq kanapaq.</para>
      </listitem>
    </orderedlist>
  </article>
  <article number="16">
    <title>(16) CHUNKA SOQTAYOQ KAQ</title>
    <orderedlist>
      <listitem>
	<para>Kanmi derechonchis, wiñayta ushaspa, llank'ayta yachaspa, kasarakunanchispaq, chaymanta wawakunayoq aylluyoq kananchispaq. Kasarakuswan piwanpas, munasqanchisman hina, ima rikuqwanpas, yuraqwanpas, yanawanpas, may llaqtayoqwanpas, ima Dios khuyaqwanpas. Hinaspataqmi warmipas qaripas kaq derechoyoqllan kanchis.</para>
      </listitem>
      <listitem>
	<para>Qaripas warmipas mayqenpas mana munaspanqa, manan kasarakunmanchu, nitaq pipas obliganmanchu, - Kasaray, - nispa, mana munaqtaqa.</para>
      </listitem>
      <listitem>
	<para>Chay tayta mama llapa wawankunayoqta estadoqa sumaqta yanapayta atin, huk tayta hinalla.</para>
      </listitem>
    </orderedlist>
  </article>
  <article number="17">
    <title>(17) CHUNKA QANCHISNIYOQ KAQ</title>
    <orderedlist>
      <listitem>
	<para>Kanmi derechonchis kaqninchiskunayoq kanapaq, kantaqmi derechonchis hayk'a runapas kuska kaqniyoq kaspa kaqninchis kananpaq.</para>
      </listitem>
      <listitem>
	<para>Manan pipas, qasi kaqniyoqtaqa, yanqapuni kaqninchiskunataqa qechuwaswanchu.</para>
      </listitem>
    </orderedlist>
  </article>
  <article number="18">
    <title>(18) CHUNKA PUSAQNIYOQ KAQ</title>
    <para>Kanmi derechonchis imaynatapas, yuyayninchisman hina, piensananchispaq, hinaspa imayna piensasqanchisman hina kawsanapaq, hinaspa mayqen Diostapas khuyananchispaq, pacha mamatapas, hanaq pachatapas, huktapas. Kantaqmi derechonchis, sapallanchis otaq hayk 'apas runakuna kuska, huñunakuspa kaspanchis, mayqen Diostapas adorananchispaq, kasunanchispaq, mañakunanchispaq, mayqen Diosmantapas yachachinanchispaq, mana pi tapas manchakuspa, sut 'inta ruwaspa.</para>
  </article>
  <article number="19">
    <title>(19) CHUNKA ESQONNIYOQ KAQ</title>
    <para>Kanmi derechonchis imaynatapas yuyayninchispi piensananchispaq, hinaspa chay piensasqanchiskunata rimarinanchispaq, ama pitapas manchapakuspa, nitaq pipas hark'awaswanchu. Kantaqmi derechonchis piensasqanchista rimarinanchispaq periodicopi qelqachispapas, radiopipas, televisionpipas, may llaqtapipas kaspanchis.</para>
  </article>
  <article number="20">
    <title>(20) ISKAY CHUNKA KAQ</title>
    <orderedlist>
      <listitem>
	<para>Kanmi derechonchis huñunakunanchispaq, asambleapi hina, rimanakunanchispaq. Kantaqmi derechonchis asociacionta cooperativata ruwananchispaq.</para>
      </listitem>
      <listitem>
	<para>Manataqmi pipas yaykuchiwaswanchu ima asociacionmanpas, mana munaqtaqa.</para>
      </listitem>
    </orderedlist>
  </article>
  <article number="21">
    <title>(21) ISKAY CHUNKA HUKNIYOQ KAQ</title>
    <orderedlist>
      <listitem>
	<para>Kanmi derechonchis llaqta kamachiq kananchispaq, otaq votacionpi llaqta kamachiqta akllananchispaq. Llapanchis llaqta kamachiyman yaykuyta atinchis, llaqtaq akllasqan kaspa.</para>
      </listitem>
      <listitem>
	<para>Manan pipas llaqta kamachiyman yaykunmanchu, mana akllasqa kaspaqa.</para>
      </listitem>
      <listitem>
	<para>Akllasun votacionpi, munasqanchisman votaspa. Manataqmi pipas obligawaswanchu, -Hukllaman sayasun, - nispa.</para>
      </listitem>
    </orderedlist>
  </article>
  <article number="22">
    <title>(22) ISKAY CHUNKA ISKAYNIYOQ KAQ</title>
    <para>Kanmi derechonchis estadoqa yanapawananchispaq allin kawsaypi, allin taqyasqa, tukuyniyoq tiyanapaq, ama uywa hina kanapaq.</para>
  </article>
  <article number="23">
    <title>(23) ISKAY CHUNKA KIMSAYOQ KAQ</title>
    <orderedlist>
      <listitem>
	<para>Kanmi derechonchis llank'ananchispaq ima llank'aypipas mayqen llank'aypas akllakunanchispaq, hinaspa mana llank'ayta tariqtinchistaq, estado yanapawananchispaq.</para>
      </listitem>
      <listitem>
	<para>Kanmi derechonchis, chay llank'asqanchisman hina, kaqlla pagopas chaskinanchispaq, mana pimanpas llallichastin.</para>
      </listitem>
      <listitem>
	<para>Llapan llank'aqpan kan derechonchis, llank'asqanchisman hina, allin pago chaskinapaq, familianchispas allin kawsaypi kananpaq, allin sumpayta chay pago aypananpaq.</para>
      </listitem>
      <listitem>
	<para>Kanmi derechonchis llank'aq masinchiskunawan huñunakunanchispaq, hinaspa ima derechonchistapas mañakuspa valechikunanchispaq.</para>
      </listitem>
    </orderedlist>
  </article>
  <article number="24">
    <title>(24) ISKAY CHUNKA TAWAYOQ KAQ</title>
    <para>Kanmi derechonchis ílank'aspa samananchispaq, samariq hina kusikunanchispaq, ima pukílaypipas. Manan chay llank'achiqpas ruwachiwaswanchu nishu unayta mana samarichistin. Kantaqmi derechonchis wakin samariy p'unchawkunapas, hatun p'unchawkunapas, ganananchispaq.</para>
  </article>
  <article number="25">
    <title>(25) ISKAY CHUNKA PICHQAYOQ KAQ</title>
    <orderedlist>
      <listitem>
	<para>Kanmi derechonchis allin kusi kawsaypi kananchispaq, mikunanchis p'achanchis mana qesawananchispaq, wasinchis kananpaq, onqoqtinchis hampichiwananchispaq. Kantaqmi derechonchis pipas estadopas yanapawananchispaq, mana llank'aykuna kaqtinpas, onqoqtinchispas, manaña llank'ayta atiqtinchispas, machuyaqtinchis0ñapas, qarinchis warminchis wañuqtinpas, ima llakipiña kaqtinchispas. Hinaspa wachakuq warmikunapas wawakunapas derechonchis kan qawasqa yanapasqa kananpaq.</para>
      </listitem>
      <listitem>
	<para>Hinaspataqmi kasarasqaq wawanpas mana kasarasqaq wawanwanpas kaq derechoyoqllan kanchis qawasqa yanapasqa kananpaq.</para>
      </listitem>
    </orderedlist>
  </article>
  <article number="26">
    <title>(26) ISKAY CHUNKA SOQTAYOQ KAQ</title>
    <orderedlist>
      <listitem>
	<para>Kanmi derechonchis estudiananchispaq, hinaspa obligatorio escuela primariapi estudiananchispaq mana qolqeta pagaspalla. Kantaqmi derechonchis, allin estudiasqanchisman hina, secondariapipas, estudios superiorespipas estudiananchispaq.</para>
      </listitem>
      <listitem>
	<para>Hinaspa escuelapi yachapanchis allin runa kayta. Hinaspa chay derechonchiskunata yachaspaqa khuyanakusun, may llaqtayoqña kaqtinchispas, may Diosniyoq kaspapas.</para>
      </listitem>
      <listitem>
	<para>Tayta mamakuna derechoyoq kanchis.imayna laya educacionpipas wawanchiskuna educananchispaq, estadoqpipas, particularpipas, munasqanchisman hina estudiachinapaq.</para>
      </listitem>
    </orderedlist>
  </article>
  <article number="27">
    <title>(27) ISKAY CHUNKA QANCHISNIYOQ KAQ</title>
    <orderedlist>
      <listitem>
	<para>Kanmi derechonchis allin kayta yachapaspa kananchispaq, yachayninchisman hina, fiestakunapipas kanapaq, tusupakuypi takipakuypi tocapakuypi kanapaq folklorninchisman hina huk artekunapipas kanapaq.</para>
      </listitem>
      <listitem>
	<para>Hinaspa scienciaq ñawpasqanman hina, llapanchis chay scienciaq ruwasqankunayoq kanapaq, mosoq hampikunapas, aparatokunapas, maquinakunapas, hukkunapas.</para>
      </listitem>
    </orderedlist>
  </article>
  <article number="28">
    <title>(28) ISKAY CHUNKA PUSAQNIYOQ KAQ</title>
    <para>Llapa nacionkuna kuskalla ruwayta atinku, chay llapa qawasqanchis derechonchiskuna ruwaspa kanapaq.</para>
  </article>
  <article number="29">
    <title>(29) ISKAY CHUNKA ESQONNIYOQ KAQ</title>
    <orderedlist>
      <listitem>
	<para>Llapanchispan deberninchis kan ayllupipas llaqtapipas ima comun ruwaykunapipas yanapanapaq, kay Peru llaqtapipas estadoman yanapanapaq, atiyninchisman hina.</para>
      </listitem>
      <listitem>
	<para>Chay llapa ruwananchis derechonchiskunata ruwaspa, mana hukpa derechonwan qechupanakusunchu, cheqninakusunchu, saruchanakusunchu.</para>
      </listitem>
      <listitem>
	<para>Mana llaqtatapas naciontapas tusñuswanchu nitaq t'uktiswanchu, chay derechonchiskunata ruwaspa.</para>
      </listitem>
    </orderedlist>
  </article>
  <article number="30">
    <title>(30) KIMSA CHUNKA</title>
    <para>Manan pipas kay qawasqanchis derechonchiskunata qechuwaswanchu, nitaq pakawaswanchu yachananchismanta, maypi kaqtinchispas.</para>
  </article>
</udhr>
