<?xml version="1.0" encoding="UTF-8"?>

<!--© The Office of the High Commisioner for Human Rights-->

<udhr iso639-3='sme' xml:lang='se' key='sme' n='Saami, North' xmlns="http://www.unhchr.ch/udhr">
   <title>OLMMOŠVUOIGATVUODAID OPPAMÁILMMÁLAS JULGAŠTUS</title>
   <preamble>
      <title>[Preamble]</title>
      <para>Danne go friddjavuoða, vanhurskkisvuoða ja rafi vuoððu máilmmis lea buot olmmošgoddái gullevaččaid lunddolaš olmmošárvvu dovddiidus ja sin dássásaš ja massemeahttun vuoigatvuođaid dovddiidus,</para>
      <para>danne go olgguštus olmmošvuoigatvuoðain ja badjelgeahččanvuohta daid hárrái lea mielddisbuktán veahkájo]aš daguid, mat leat suorggahan olmmošgotti oamedovddu, ja danne go álbmogiid alimus joksanmearrin lea dovddastuvvon dakkáraš máilmmi ovdanšaddu, gos lea sárdnun- ja oskkofriddjavuohta ja gos lea balus ja heaðis friddjavuohta,</para>
      <para>danne go lea vealtameahttun dárbbašlaš suodjalit olmmošvuoigatvuoðaid lága bokte, amaset olbmot fertet manimuš heaðisteaset stuimádaga noastit bággoválddi ja soarddu vuostá,</para>
      <para>danne go lea deaŧalaš ovddidit ustitlaš gaskavuoðaid gárgedusa náššuvnnaid gaskkas,</para>
      <para>danne go Ovttastuvvon Náššuvnnaid álbmogat lihtu bokte oððasis duocðaštit sin oskkuset olbmo vuocððovuoigatvuoðaide, olmmošoktagasa árvui ja mávssolašvuhtii, olmmáiolbmo ja nissonolbmo dássásaš vuoigatvuoðaide, ja leat soahpan ovddilit sosiálalaš ovdáneami ja buorránahttit eallineavttuid stuorit friddjavuoða siste,</para>
      <para>danne go mielahttostáhat leat geatnegahttán iežaset, Ovttastuvvon Náššuvnllaiguin ovttasbarggadettiin, váfestit olmmošvuoigatvuođaid oppalaš gudnejahttojumi ja doahttaleami,</para>
      <para>danne go dáid vuoigatvuoðaid ja friddjavuoðaid oktasaš ipmárdusas lea stuorimus mávssolašvuohta dan fertehusa duohtandahkamis,</para>
      <para>de danne</para>
      <para>OAIVEČOAHKKIN</para>
      <para>dákko bokte almmoha</para>
      <para>dán olmmošvuoigatvuotðaid oppamáilmmálaš julggaštusa oktasaš joksanmearrin buot álbmogiidda ja buot náššuvnnaide vai juohke olmmošoktagas ja juohke servodateisseváldi, álo muittus anedettiin dán julggaštusa, vikkašii oahpahusa ja bajásgeassima bokte ovddidit gudnejahttujumi dáid vuoigatvuoðaid ja friddjavuaoðaid hárrái, ja náššuvnnalaš ja internáššuvnnalaš doaibmabijuid bokte váfestit ahte dat šaddet oppalaččat ja fámolaččat dovddastuvvot ja doahttaluvvot sihke miellahttostáhtaid iežas álbmoga siste ja daid lágaváldi vuolde orru rádjosiid álbmogiid siste.</para>
   </preamble>
   <article number="1">
      <title>Ártihkkal 1.</title>
      <para>Buot olbmot leat riegádan friddjan ja olmmošárvvu ja olmmošvuoigatvuoðaid dáfus dássásažžab, Sudhuude kea addib huervnu ha ianedivdym ha vyigjat gakget neabbydut gyunnuudeaset gyivdy vuekhakaš vuoiŋŋain.</para>
   </article>
   <article number="2">
      <title>Ártihkkal 2.</title>
      <para>Juohkehaš lea vuoigaduvvon buot daid vuoigatvuoðaide ja friddjavuoðaide, mat dán julggaštusas leat namahuvvon, almmá mange vealahaga, náli, ivnni, sohkabeali, giela, oskku, politihkalaš dahje eará miellaguottu, náššuvnnalaš dahje sosiálalaš surggiideami, opmodaga, riegádeami dahje eará dilálasvuoða dáfus.</para>
      <para>Orruneatnama dahje -guovllu politihkalaš, lágaválddálaš dahje internáššuvnnalaš dilli maiddá ii galgga váikkuhit vealahusa, lehkos dat eanan dahje guovlu iešstivrejeaddji dahje earáid geahču vuolde dahje muđui mange láhkái earáid hálddus stivrra dáfus.</para>
   </article>
   <article number="3">
      <title>Ártihkkal 3.</title>
      <para>Juohke olbmos lea vuoigatvuohta eallimii, friddjavuhtii ja persovnnalaš oadjebasvuhtii.</para>
   </article>
   <article number="4">
      <title>Ártihkkal 4.</title>
      <para>Ii oktage galgga dollojuvvot šlávvan dahje bággo bálvalusas. Slávvavuohta ja šlávvagávppi joraheapmi, vaikko guðege vuogi mielde, galgá leat gildojuvvon.</para>
   </article>
   <article number="5">
      <title>Ártihkkal 5.</title>
      <para>Ii oktage galgga illastusa vuollái dagahuvvot dahje goaves, olmmošmeahttun dahje vuolideaddji gieðahallama dahje ráŋggáštusa vuollái.</para>
   </article>
   <article number="6">
      <title>Ártihkkal 6.</title>
      <para>Juohke olbmos lea juohke sajis vuoigatvuohta dasa, ahte son galgá dovddastuvvot olmmošoktagassan lága ovddas.</para>
   </article>
   <article number="7">
      <title>Ártihkkal 7.</title>
      <para>Buohkat leat lága ovddas dássásaččat ja almmá mangelágán vealahusa haga lea buohkain vuoigatvuohta oažžut seammá láhkasuodjalusa. Buohkain lea dássásaš vuoigatvuohta oažžut lága suodjalusa buotlágán vealahusa vuostá, man bokte dát julggaštus rihkkojuvvo, ja juohkelágán ávžžullusa vuostá danlágán vealahusa dahkamii.</para>
   </article>
   <article number="8">
      <title>Ártihkkal 8.</title>
      <para>Juohkehaččas lea vuoigatvuohta oažžut ulmmálaš veahki dohkálaš náššuvnnalaš duopmostuoluin dakkáraš daguid vuostá mat rihkkot daid vuođðodahkki vuoigatvuoðaid, mat leat sutnje addon vuoððoásahusa dahje lága bokte.</para>
   </article>
   <article number="9">
      <title>Ártihkkal 9.</title>
      <para>Ii olitage galgga sahte sivas gitta váldojuvvot, giddagassii biddjojuvvot dahje riikkabáhtarussii áddjojuvvot.</para>
   </article>
   <article number="10">
      <title>Ártihkkal 10</title>
      <para>Go geange vuoigatvuoðatja geatnegasvuoðat galget mearriduvvot, ja go su vuostá nostojuvvon ráŋggáštussivahus galgá merrejuvvot, de juohke olbmos lea ollislaš dássásaš vuoigatvuohta oažžut vánhurskkis ja almmolaš ášševuodjima sorjjasmeahttun ja bealágahtes duopmostulu ovddas.</para>
   </article>
   <article number="11">
      <title>Ártihkkal 11.</title>
      <orderedlist>
         <listitem>
            <para>Juohke olbmos guhte ráŋggáštusvuloš daguin sivahuvvo, lea vuoigatvuohta lohkkojuvvot vigiheapmi gitta dasságo su sivalašvuohta lea nanuduvvon almmolaš duopmostuolu riektemeanuin, main sus leat leamaš buot dat dáhkádusat mat leat dárbbašlaččat iežas bealuštussii.</para>
         </listitem>
         <listitem>
            <para>Ii oktage galgga dubmejuvvot ráŋggáštussii dakkár dagu dahje šláibmahusa ovddas, mii dahkoáiggi ii lean ráŋggáštusvuloš náššuvnnalaš lága mielde dahje álbmotrievtti mielde. Iige galgga garraset duomu sáhttit cealkit go dan mii lágas leai mearriduvvon dalle go ráŋggástusvuloš dahku dáhpáhuvai.</para>
         </listitem>
      </orderedlist>
   </article>
   <article number="12">
      <title>Ártihkkal 12.</title>
      <para>Ii oktage galgga gillát evttolaš seaguheami iežas olitahašeallimii, bearrašii, ruktui dahje reivelonohallamii, iige alageavvama gudni dahje máinnolmasvuođa ala. Juohkeilaš lea vuoigaduvvon lága suodjalussii dakkár seaguheami dahje alageavvama vuostá.</para>
   </article>
   <article number="13">
      <title>Ártihkkal 13.</title>
      <orderedlist>
         <listitem>
            <para>Juohkehaččas lea vuoigatvuohta friddja johtalit ja friddja válljet alccesis orrunsaji stáhta rájiid siskkobealde.</para>
         </listitem>
         <listitem>
            <para>Juohkehaččas lea vuoigatvuohta vuolgit riikkas eret, maiddái iežas riikkas, ja máhccat ruoktot su iežas riikii.</para>
         </listitem>
      </orderedlist>
   </article>
   <article number="14">
      <title>Ártihkkal 14.</title>
      <orderedlist>
         <listitem>
            <para>Juohkehaččas lea vuoigatvuohta vierroriikkain ohcat ja oažžut dorvobáikki doarrádallama sivas.</para>
         </listitem>
         <listitem>
            <para>Dát vuoigatvuohta ii sáhte čurvojuvvot doarjjan go riektedoarrádallama duođalaš vuoððun leat eahpepolitihkalaš rihkkosat dahje dagut, mat leat Ovttastuvvon Náššuvnnaid ulbmiliid ja vuoððojurdagiid vuostá.</para>
         </listitem>
      </orderedlist>
   </article>
   <article number="15">
      <title>Ártihkkal 15.</title>
      <orderedlist>
         <listitem>
            <para>Juohkehaččas lea vuoigatvuohta stáhtaboargárvuhtii.</para>
         </listitem>
         <listitem>
            <para>Ii ovttasge galgga evttolaččat váldojuvvot eret stáhtaboargárvuohta, dahje biehttaluvvot vuoigatvuohta molsut stáhtaboargarvuođa.</para>
         </listitem>
      </orderedlist>
   </article>
   <article number="16">
      <title>Ártihkkal 16.</title>
      <orderedlist>
         <listitem>
            <para>Dievasahkásaš olmmáiolbmuin ja nissonolbmuin lea vuoigatvuohta náitalit ja vuoððudit bearraša almmá mange ráddjehusailaga mii boahtá nális, náššuvnnalašvuoðas dahje oskkus. Sis lea gáibádus dássásaš vuoigatvuoðaide náitosa dáfus, náitosa áiggi ja náitosa háddjehusa maŋŋá.</para>
         </listitem>
         <listitem>
            <para>Náittosvuhtii mannan galgá dušše dalle dáhpáhuvvat go friddja ja ollislaš mieðáhus guktuid saddi beallelačcaid bealis lea duoðaštuvvon.</para>
         </listitem>
         <listitem>
            <para>Bearaš lea servodaga lunddolas vuoððooktavuohta ja servodat ja stáhta galgá dan suodjalit.</para>
         </listitem>
      </orderedlist>
   </article>
   <article number="17">
      <title>Ártihkkal 17.</title>
      <orderedlist>
         <listitem>
            <para>Juolliieilaččas lea vuoigatvuohta opmodaga eaiggáduššat, okto dahje earrásiiguin searválagaid.</para>
         </listitem>
         <listitem>
            <para>Ii ovttasge galgga su opmodaga evttolaččat eret váldojuvvot.</para>
         </listitem>
      </orderedlist>
   </article>
   <article number="18">
      <title>Ártihkkal 18.</title>
      <para>Juohkehaččas lea vuoigatvuohta jurddašan-, oamedovddo- ja oskufriddjavuhtii. Dát vuoigatvuohta sisttisdoallá friddjavuoða religiuvnna dahje oskku ovdandoallamii juogo okto dahje earrásiiguin searválagaid, almmolaččat dahje oktahaččat, oallpalleami bokte, meanuid bokte, bálvalusa boikte ja religiuvnnal1aš vieruid basuhemiin.</para>
   </article>
   <article number="19">
      <title>Ártihkkal 19.</title>
      <para>Juohkehaččas lea vuoigatvuohta oaivil- ja sátnefriddjavuhtii. Dát vuoigatvuohta sisttisdoallá friddjavuođa čuoččuhit oaiviliid almmá earrásiid seaguhusahaga, ja friddjavuođa ohcat, vuostáváldit ja almmuhit dieđuid ja oainnuid juohkelágán almmuhusgaskomiid čaða, beroškeahttá riikarájiin.</para>
   </article>
   <article number="20">
      <title>Ártihkkal 20</title>
      <orderedlist>
         <listitem>
            <para>Juohkehaččas lea vuoigatvuohta ráfálaš čoahkkimiin ja ovttastumiin friddja oassádallat.</para>
         </listitem>
         <listitem>
            <para>Ii oktage galgga bággejuvvot searvat makkárge ovttastupmái.</para>
         </listitem>
      </orderedlist>
   </article>
   <article number="21">
      <title>Ártihkkal 21</title>
      <orderedlist>
         <listitem>
            <para>Juohkehaččas lea vuoigatvuohta lea osolaš iežas riikka stivrejumis, juogo vuigestaga dahje friddja válljejuvvon ovddasteddjiid bokte.</para>
         </listitem>
         <listitem>
            <para>Juohkehaččas lea dássásaš vuoigatvuohta beassat iežas riikka almmolaš doaimmaide.</para>
         </listitem>
         <listitem>
            <para>Álbmoga dáhttu lea almmolaš válddi vuoððu. Dát dáhttu galgá dovdosii boahtit mearreáigásaš ja duoðalaš válggain main oppalaš ja dássásaš jienastanvuoigatvuohta čiegus jienasteapmi dahje eará ovttaárvosaš friddja jienastanvuohki.</para>
         </listitem>
      </orderedlist>
   </article>
   <article number="22">
      <title>Ártihkkal 22</title>
      <para>Servodatmiellahttun lea juohkehaččas vuoigatvuohta sosiálalaš oadjebasvuhtii ja juohkehaš sáhttá gáibidit ahte dat ekonomalaš, sosiálalaš ja kultuvrralaš buorit, mat leat vealtameahttun dárbbašlaččat olbmo árvui ja su persovnnalaš friddja ovdáneapmái, duohtandahkkojuvvojit náššuvnnalaš doaibmabijuid bokte ja internáššuvnnalaš ovttasbarggu bokte vuhtiiválddedettiin juohke sierralaš stáhta organisašuvnna ja veahkkeváriid.</para>
   </article>
   <article number="23">
      <title>Ártihkkal 23</title>
      <orderedlist>
         <listitem>
            <para>Juohkehaččas lea dássásaš vuoigatvuohta oažžut barggu, beassat friddja válljet alccesis fitnu, oažžut vánhurskkis ja buriid bargoeavttuid ja oažžut suodjalusa bargguhisvuođa vuostá.</para>
         </listitem>
         <listitem>
            <para>Almmá mange vealahusahaga lea juohkehaččas vuoigatvuohta oažžut seammá bálkká seammá barggu ovddas.</para>
         </listitem>
         <listitem>
            <para>Juohke bargolaččas lea vuoigatvuohta oažžut vánhurskkis ja govttolaš mávssu, mii dáhkida sutnje alccesis ja su bearrašii olmmošárvvolaš áigáboađu, ja mii, juos dárbašlažžan čájehuvvo, ollistuvvo eará sosiálalaš suodjalusa bokte.</para>
         </listitem>
         <listitem>
            <para>Juohkehaččas lea vuoigatvuohta vuođđudit fágaservviid, ja miellahttun searvat dakkáriidda, suodjalan dihte iežas beroštumiid.</para>
         </listitem>
      </orderedlist>
   </article>
   <article number="24">
      <title>Ártihkkal 24</title>
      <para>Juohkehaččas lea vuoigatvuohta vuoigatvuohta vuoiŋŋadussii ja luopmoáigái: dan vuoigatvuoða vuollái gullá maiddái bargoáiggi govttolaš ráddjehus ja mearreáigásaš bálkkáhuvvon luopmu.</para>
   </article>
   <article number="25">
      <title>Ártihkkal 25</title>
      <orderedlist>
         <listitem>
            <para>Juohkehaččas lea vuoigatvuohta danmuddosaš eallindássái, ahte dat dáhkida su ja su bearraša dearvvašvuoða ja buorredili borramša, biktasiid, ásodaga ja dearvvašfuola dáfus, ja maiddái dárbbašlaš sosiálalaš addosiid dáfus ja velá lassin oadjebasvuoða dáfus go bargguhisvuohta , buohcovuohta, bargolámisvuohta, leaskavuohta, boarisvuohta dahjege muðui birgenvádjitvuohta deaivida, masa olmmoš ieš ii leat sivalaš.</para>
         </listitem>
         <listitem>
            <para>Etniin ja mánáin lea vuoigatvuohta sierralaš ovddasmorrašii ja veahkkái. Buot mánáin, lehkoset sii dal riegádan náittosvuoða siskkobealde dahje olggobealde, galgá lea seammá sosiálalaš suodjalus.</para>
         </listitem>
      </orderedlist>
   </article>
   <article number="26">
      <title>Ártihkkal 26.</title>
      <orderedlist>
         <listitem>
            <para>Juohkehaččas lea vuoigatvuohta oahpahussii. Oahpahus galgá addojuvvot almmá mávssuhaga, goit álgo- ja vuođđooahpahusa dáfus. Algooahpahus galgá leatbákkolaš. Buohkain galgá leat vejolašvuohta fidnooahpahusa oažžut ja buohkaide galgá leat dássásaš vejolašvuohta váldit alit oahpahusa veajuideaset mielde.</para>
         </listitem>
         <listitem>
            <para>Oahpahus galgá atnit joksanmearrin gárgedit olmmošlaš persovnnalasvuoða ja nannudit olmmošvuoigatvuoðaid ja vuoððodahkki friddjavuoðaid gudnejahttujumi. Dat galgá ovddidit ipmárdusa, sobalašvuoða ja ustitvuoða buot náššuvnnaid, buot nállejuhkosiid ja buot religiuvnna juhkosiid gaskkas ja dat galgá ovdánahttit Ovttastuvvon Náššuvnnaid barggu bisuhan dihte ráfi.</para>
         </listitem>
         <listitem>
            <para>Vánhemiin lea vuosttassadjásaš vuoigatvuohta válljet sin mánáideaset várás oahpahusvuogi.</para>
         </listitem>
      </orderedlist>
   </article>
   <article number="27">
      <title>Ártihkkal 27.</title>
      <orderedlist>
         <listitem>
            <para>Juohkellaččas lea vuoigatvuohta friddja oassádallat servodaga kultuvrralaš eallimis, návddašit máhttagiin ja šaddat osolažžan dieđalaš ovdáneapmái ja daid buriide, mat das čuvvot.</para>
         </listitem>
         <listitem>
            <para>Juohkehačcas lea vuoigatvuohta oažžut daidda vuoiŋŋalaš ja ávnnaslaš beroštumiide suodjalusa, mat čuvvot boađusin vaikko guđelágán dieðalas, girjjálaš dahje máhtolaš dahkosis, maid guhtege ieš lea ávdnen.</para>
         </listitem>
      </orderedlist>
   </article>
   <article number="28">
      <title>Ártihkkal 28.</title>
      <para>Juollkehaš sáhttá gáibidit dakkár sosiálalaš ja internášuvnnalaš ortnega mii ollislaččat sáhttá duohtandallkat daid vuoigatvuođaid ja friddjavuođaid , mat dán julggaštusas leat namohuvvon.</para>
   </article>
   <article number="29">
      <title>Ártihkkal 29.</title>
      <orderedlist>
         <listitem>
            <para>Juohliellaččas leat dat geatnegasvuođat servodaga guovdu, mat aittonassii dahket vejolažžan perosvnnalašvuođa friddja ja dievaslás ovdáneami.</para>
         </listitem>
         <listitem>
            <para>Geavahettiin vuoigatvuoðaidis ja návddašettiin friddjávuoðaidis ii leat oktage earálágán ráddjehusa vuloš, go dakkáriid mat lága bokte leat mearriduvvon aittonassii dáhkidan dihte earrásiid vuoigatvuoðaid ja friddjavuoðaid dárbbašlaš dovdiidusa ja gudnejahttujumi ja deavdin dihte daid gáibádusaid maid morala, almmolaš ortnet ja oppalaš buorredilli demokráhtalaš servodagas rievttuid mielde ovdandivvu.</para>
         </listitem>
         <listitem>
            <para>Diet vuoigatvuoðat ja friddjavuoðat eai guðege dáhpáhusas sáhte adnojuvvot vuostá Ovttastuvvon Náššsuvnnaid ulbmiliid ja vuoððojurdagiid.</para>
         </listitem>
      </orderedlist>
   </article>
   <article number="30">
      <title>Ártihkkal 30.</title>
      <para>Ii mihkige dán julggaštusas sáhte nu dulkojuvvot ahte dat vuoigada ovttage stáhta, juhkosa dahje olmmošoktagasa oassádallat dakkár doaimmas, dahje dahkat dakkár dagu, mii duššindagašii ovttage dain vuoigatvuoðain dahje friddjavuoðain mat leat namahuvvon Julggaštusas.</para>
   </article>
</udhr>