<?xml version="1.0" encoding="UTF-8"?>

<!--© The Office of the High Commisioner for Human Rights-->

<udhr iso639-3='qvn' xml:lang='qvn' key='qvn' n='Quechua, North Junín' xmlns="http://www.unhchr.ch/udhr">
  <title>KAY PACHACHRU LAPAN RUNAKUNA WASHAKURKAANAPAQ ISKIRBISHAKUNA KAYKUNATA ISKIRBIPAAKURAA</title>
  <preamble>
    <title>[Preamble]</title>
    <para>Lapan runakuna chaynuyla washa kananpaqmi mana pisi rantisha runatanuy sirbichikunanpaqmi mana ima lutantas ruranakurkaananpaqmi, alipa rikanakurkaananpaqmi.</para>
    <para>Lapan runakuna chay washasha kapaakunanta mana musyarmi, mana kaasukurmi runakuna qalayapaakusha lutan ruranakuyta, ashlinakuyta, kaykunam juchakachimanchi lapan runakunata. Chaymi musyachipaakuu lapan runata mana manchakular, mana ima wanaychruusi kay pachachru kawapaakunanpaq. Jinamanmi "Rimashaq" nirqa, rimapaakunanpaq, naatan munanqanman, Diosmansi u jukmansi yupachikurkaananpaq.</para>
    <para>Maychru chaychruusi mandaqkuna ninakunqannuyla rurapaakunanpaq. Runankunata lutan runakunapa makinpitas washananpaq, lutan mandaqninta mana ima lutantas rurapaakunanpaq. Chaynuytaq lapan nasyunchru runakunas alipa rikanakur kawapaakunanpaq.</para>
    <para>Lapan nasuyunpita delgadukuna wamaqta qutukaanan junaqchruumi rimanakurkur iskirbipaakura lapan runa, warmis, olqos chaynuyla alipa rikasha kananpaq. Chaychruutan rimanakurkara runakunata ali kawayta yanapapaakunanpaq. Naatan mana pisi rantiyasha runawannuy piwansi sirbichinanpaq. Chaychruutan chay lapan nasyunkunapita qutukaq de!gadukuna ninakaraarira chay rimanakurkanqannuy yanapaanakur kawapaakunanpaqsi.</para>
    <para>Kay rimanakunqanchi rurasha kananpaq musyachishun lapan runata, warmitas, olqotas ninakurkaras, naatan mandaqkuna runankunata chay i mayqapitas washapaakunanpaq.</para>
    <para>LAPAN NASYUNPITA QUTUKAQKUNAM ISKIRBIPAAKURA</para>
    <para>Kay Pachachru Maychru Chaychruusi Runakana Chay Washasha Kapaakunanapaq</para>
    <para>Lapan runakuna mayaq chayaq nasyunchruusi mandaqnintin kay iskirbishakunata yarpapaakunanpaq, jinaman yachrachipaakunanpaq. Chaynuytan kay iskirbishakunata mandaqkunaqa rurachipaakunman, nasyunninkunachruusi u jukla nasyunkuna munayninchru alipa kayaqkunatas rikanakurkaananpaq.</para>
  </preamble>
  <article number="1">
    <title>ARTICULO 1</title>
    <para>Lapan runas kay pachachru nasimun juk rantisha runanuy mana pitas sirbinanpaqmi, alipa rikasha kananpaqmi, washasha kananpaqmi. Lapan runakunas nasipaakamun yarpayniyoqmi naatan tantiyayniyoqmi ima lutanta rurapaakurursi tantiyakunanpaq. Lapan runakunas kawapaakunaman juk wawqenuylam.</para>
  </article>
  <article number="2">
    <title>ARTICULO 2</title>
    <para>Washasha kananpaq kay lapan iskirbirayaqnuylam rurakanman lapan runawansi, yuraqwansi, yanawansi, imaniraqwansi kachun quechua rimaqsi, castellano rimaqsi, u kachun warmis, olqos, Diosman yupachikuqsi u imaman yupachikuqsi, kachun manadaqninpita pinsiyaqsi u ima insiyaqsi, kachun mayaq markapitas u maychru, nasishas, kapuqniyoqsi u mana imaynaqsi. Imanuy ayqaynuy karsi rikanakurkanman juk kastanuylam.</para>
    <para>Kachun mayqan mandaqkunapa qatiraqninsi, kachun libritayoqsi u jinalas, kachun mayaq markapita aywakamushas, pi maysi rikanakurkanman chaynuylam, juklaa nasyun mandaqpa makinchru karsi, mana jukpa makinchru kaqnuylam rikapaakunman alipa, chay mandaqpa runankunatas.</para>
  </article>
  <article number="3">
    <title>ARTICULO 3</title>
    <para>Pi may runatas amam munachwanchu pitas wanuchipaakunanta, piwansi mana munayaqwan sirbichikurkaananta, jinaman maqasha u ashlisha kapaakunantas.</para>
  </article>
  <article number="4">
    <title>ARTICULO 4</title>
    <para>Amam pisi, pipa sirbiqninsi imaysi yaykunqachu imapita nirsi u imapaq nirsi.</para>
  </article>
  <article number="5">
    <title>ARTICULO 5</title>
    <para>Amam pi tasi kawaypa kuchuchinmanchu juk uywatanuyqa, manatan pitas ashlinmanpishchu mana baliq nirsi.</para>
  </article>
  <article number="6">
    <title>ARTICULO 6</title>
    <para>Lapan runas, may chay nasyunchru kaqsi kanman chay kikin nasyun runanuy alipa rikasham, libritaanaq mana karsi.</para>
  </article>
  <article number="7">
    <title>ARTICULO 7</title>
    <para>Lapan runas kapaakunman chaynuyla alipa rikasham. Naatan pis aliska kunchuchiptin kay iskirbishakunapita juknuypa ruraptin nasuynchru mandaqqa washanmanmi lapan runakunata. Amam rirqararmanchu pisi, mandaqninpita lutanta rimayaqta u wakta, kayta lutanta ruray niyaqta. Manatan rirqaranmanchu wakinta alipa rikaqtas u wakinta lutanpa rikaqtas.</para>
  </article>
  <article number="8">
    <title>ARTICULO 8</title>
    <para>Jucha taripaq runakuna wiyaripaakunman lapan runatam nasyunninchru kaqtaqa. Paykunaqa runakunata washapaakunman iskirbishankunanuymi mana imas lutan rurasha kapaakunanpaq.</para>
  </article>
  <article number="9">
    <title>ARTICULO 9</title>
    <para>Amam pitas manakaqpita, charichinmanchu u karselman wichrqachinmanchu. Naatan nasyuninpitas jurquchinmanchu.</para>
  </article>
  <article number="10">
    <title>ARTICULO 10</title>
    <para>Juchaakushakunata taripaq runakuna rikapaakunman chaynuylam lapan runatas. Paykuna wiyaripaakunmanmi Chay juchachasha runamayin wanuchiqta imaninqantas". Chawra mana mayqantas kuyapaalarmi ima nipaakumansi rimakurkanqannuy.</para>
  </article>
  <article number="11">
    <title>ARTICULO 11</title>
    <orderedlist>
      <listitem>
	<para>"Juk runapita lutantam rurasha" nipaakuptin rasunpa shumaq musyakamunqankamaqa "Manam yanqa rimapaakunmanchu paymi rurasha". nir. Naatan juchaakusha karqa, kikin chay runa washakushun u washachun juk runas. Chay jucha taripaqkuna achka runakuna kayaptinmi mayapaakunman chay juchachasha runa rimaqta.</para>
      </listitem>
      <listitem>
	<para>Pi runa imatas ruraruptin, manam imaniytas atipapaakurachu nasyuninkunachru mana kaynuy iskirbishakuna kaptin. Naatan manatan karachu iskirbishakuna j uchaakushakunata imaypa aliska kunchuchinapaqsi. Chaypi taran mandaqkuna iskirbipaakura kayta naa imayqas juchaakusha jananchruuraq.</para>
      </listitem>
    </orderedlist>
  </article>
  <article number="12">
    <title>ARTICULO 12</title>
    <para>Mariam pitas ayluykunata "Lutanta ruray". nichwanchu. Naatan manatan wayinchru imanuy kawakuqtasi imatas jatipachwanpishchu. Manatan kartantas pisi kichrapunmachu ni washantas rimanmanpishchu. Kay iskirbishakunanuymi rurakasha kanman. Jinaman washasham kapaakunman lapansi kay tukuy lutan ruraypita.</para>
  </article>
  <article number="13">
    <title>ARTICULO 13</title>
    <orderedlist>
      <listitem>
	<para>Runaqa pi maysi munanqantam aywanman maytas, chaytas. Naatan nasyunninchruusi munanqanchruutan yachranman maychru chaychruusi.</para>
      </listitem>
      <listitem>
	<para>Pi maysi munarqa yarqunmanmi imaysi nasyunninpita. Naatan munarqa kutiyunmantan imaysi.</para>
      </listitem>
    </orderedlist>
  </article>
  <article number="14">
    <title>ARTICULO 14</title>
    <orderedlist>
      <listitem>
	<para>Mana kaqpita pis yanqa qatikachraptinqa, chay runakunaqa yarqukurkanmanmi nasyunninpita juklaa nasyunchru maylachruusi ali kakunanpaq.</para>
      </listitem>
      <listitem>
	<para>Naatan imatas lutanta rurapakusha karqa amam yarqunmanchu nasyunninpita juklaa nasyunchru washapaakunanpaq, Lapan Nasyunpita Qutukaq runakuna manam munapaakunchu kaykuna rurakananta.</para>
      </listitem>
    </orderedlist>
  </article>
  <article number="15">
    <title>ARTICULO 15</title>
    <orderedlist>
      <listitem>
	<para>Lapan runas kapaakunman juklay nasyunlata markanch akusham.</para>
      </listitem>
      <listitem>
	<para>Manam pisi "Qampa naa manam kankimanchu kay nasyunnikipa runanqa" nir, qarqunmanchu pitas. Ni manatan chariranmanpishchu " Qamqa manam kankimanchu juklaa nasyunpa runanqa nirsi.</para>
      </listitem>
    </orderedlist>
  </article>
  <article number="16">
    <title>ARTICULO 16</title>
    <orderedlist>
      <listitem>
	<para>Naa kasaranan timpuman chrarurqa, warmis, olqos kasarakunmanmi, may kastawansi; yanawansi, yuraqwansi. Kasaranmantan juklaa nasyun runawansi, Diosman u mana Diosman yupachikuqwansi. Nasyunchru iskirbishankunanuymi washanman lapantam runankunata, kasarakunanpaqsi, kasararuptinsi u chulaanakuruptinsi.</para>
      </listitem>
      <listitem>
	<para>Manam pisi kasarachinmanchu mana munaqta. Kasarachinmanqa munanakuqlatam.</para>
      </listitem>
      <listitem>
	<para>Chay kasadukuna lapan wamrantinmi kapaakunman alipa rikasha, mandaqkunapita washasha. Chay kasadukuna wamrankunawan aliskam balin.</para>
      </listitem>
    </orderedlist>
  </article>
  <article number="17">
    <title>ARTICULO 17</title>
    <orderedlist>
      <listitem>
	<para>Pi may runapas kanmanmi munaptinqa chrakransi, wayinsi u imayqansi, kikilanpasi u juk runakunapawansi. Chaynuy kananta manam pisi amachanmanchu.</para>
      </listitem>
      <listitem>
	<para>Manam pisi kitanmanchu chay imayqantasi oíqoorir manakaqpitaqa.</para>
      </listitem>
    </orderedlist>
  </article>
  <article number="18">
    <title>ARTICULO 18</title>
    <para>Pi may runasi munanqantam pinsiyakunman, naatan ali u lutan ruranqantasi tantiyakunmanmi. Chawraqa j inam yupachikunman Diosmansi u imamansi. Muyunmanmi juk riligiyunpita juk riligiyunmansi. Muyunmantan juknuy kawaypita juknuy kawanmansi. Jinam pi maysi imanaypasi Diosninta alawaakunman, japaíansi u wakin runawansi, washachruusi u wayilachruusi. Yachrachipaakunmantan .yachrakurkanqantawan juknuypa kawaynintas, naatan rurapaakunmanmi fistankunatas.</para>
  </article>
  <article number="19">
    <title>ARTICULO 19</title>
    <para>Chawra runaqa jinam pinsiyanman, naatan "Rimashaq" nirqa, rimanman. Naatan chay pinsiyayanqan runata piñaakachinan mana pipitas amachasha kaptinqa amam rimanmanchu. Runaqa pi maysi yachrakunman munanqantam librukunata leyepasi u jukkuna rimaptin mayakuypasi. Naatan munarqa pinsiyanqanta iskirbinmanmi u rimanmanmi wakinkaqkunas mayakurkaananpaq. Naatan apachinmanmi mayaq chayaq nasyunkunamansi amam juklaa nasyunman imanaypa apachikuptinsi; ama apachiychu ninmanchu pisi.</para>
  </article>
  <article number="20">
    <title>ARTICULO 20</title>
    <orderedlist>
      <listitem>
	<para>Pi may runasi jinam qutukaakurkanman imapaqsi. Naatan qutukapaakunman imapaqsi, alipaqmi.</para>
      </listitem>
      <listitem>
	<para>Manam pi tasi "Runakunawan qutukaashun" ninmanchu mana munaqta wapuypaqa.</para>
      </listitem>
    </orderedlist>
  </article>
  <article number="21">
    <title>ARTICULO 21</title>
    <orderedlist>
      <listitem>
	<para>Pi may runasi, mandaqnin ima ruraytas munaptinqa íapanmi chaychru kapaakunman, kikinkunas u deígadukunas.</para>
      </listitem>
      <listitem>
	<para>Mandaqkuna imawansi yanapaamuptinqa wakinkunanuymi chraskinman lapansi.</para>
      </listitem>
      <listitem>
	<para>Lapan runasi munanqantam akrapaakunman mayqantasi mandaqninpaq. Naatan chay mandaqninkuna akrapaakunqan kanman ayqa' watakamas nasyuninkunachru iskirbishankunanuymi. Mandaqninta akrapaakunman mana kaskipanakularmi iskirbipas u makin chakcharkuypas.</para>
      </listitem>
    </orderedlist>
  </article>
  <article number="22">
    <title>ARTICULO 22</title>
    <para>Juk nasyunchru yachraq runapa kapunman aypam imansi ayqansi kawaananpaq. Naatan mayqanpas masía kapuptinqa yanapanman walkala kapuqtam. Chaynuytan masía kapuptinqa nasyunkunas, yanapanman mana alaapa kapuqniyoq nasyunkunata, wakinkunapita mana jukmapasha kapaakunanpaq. Chaypita tukuy j inanpa yanapanakur, ali kapaakunanpaq.</para>
  </article>
  <article number="23">
    <title>ARTICULO 23</title>
    <orderedlist>
      <listitem>
	<para>Pi may runasi uryanman imachruusi munanqanchruumi maychruusi. Jinaman alipam rikanakurkanman uryaqsi u urayachiqsi. Naatan mana uryata tariptinqa mandaqninkunam yanapanman tariyta.</para>
      </listitem>
      <listitem>
	<para>Ishkay runa chay uryalachru kaptin jinaman chaynuyla ishkaynin uryaptinqa, pagasha kapaakunman ayqata karsi chaynuylam.</para>
      </listitem>
      <listitem>
	<para>Uryaqkuna ali pagasham kapaakunman mana ima wanaychruusi kapaakunanpaq. Jinaman aylunkunas alipa rikasha kapaakunanpaq. Naatan gananqan mana imapaqsi aypaptinqa nasyunninchru mandaqninkunam yananpanman.</para>
      </listitem>
      <listitem>
	<para>Pi may runas urayaqqa qutukapaakunmanmi uryaq mayinkunawan imas mana ali kaptin rimanakurkaananpaq. Manam pisi "Ama qutukapaakuychu" ninmanchu pitas. Maslata ganayta munarqa u alipa rikasha kayta munarqa, jinam manakurkaananpaq qutukarkur rimanakurkanman.</para>
      </listitem>
    </orderedlist>
  </article>
  <article number="24">
    <title>ARTICULO 24</title>
    <para>Pi may runasi uryaqqa jamanmanmi. Chay jamar imatas rurakunman munanqantam. Naatan pisi amam uryachinmanchu rimanqanpita masqa. Jinaman watachamur jamaptin pagasham kanman.</para>
  </article>
  <article number="25">
    <title>ARTICULO 25</title>
    <orderedlist>
      <listitem>
	<para>Pi may runapas kanman aypam imalansi ali kawapaakunanpaq, aylunkunas mana qeshyapaakunanpaq, kanman aypan mikunan, jakun, jinaman wayin yachrananpaq. Qeshyarur aywanmanmi medikuman u hospitalmansi jampichikuq. Naatan mandaq runakuna yanapapaakunman lapantam: uryapakuytam mana tariq runakunata, qeshyaqkunata, mana uryaq atipaqkunata, japatukushakunata, chachakunata, mana juchaynaq kayarsi imaynaqsi kidashakunata.</para>
      </listitem>
      <listitem>
	<para>Pachrayoq warmikunas jinaman iñashakunas kapaakunman aliska yanapasham imayqachruusi. Akapa wamrakuna kapaakunman ali rikasham lapansi kasadupa karsi u mana kasadupa karsi.</para>
      </listitem>
    </orderedlist>
  </article>
  <article number="26">
    <title>ARTICULO 26</title>
    <orderedlist>
      <listitem>
	<para>Runakuna lapanmi yaykupaakunman iskuylaman. Naatan "amam pisi paganmanchu qalayunqanpita ushanqankamas. Wamrakunata kachrapaakunman lapatam munaqtas, mana munaqtas primariya iskuylaman. Chaypita masta yachrakuy munaqkuna, jinam yachrakurkanman medikupaqsi, abugadupaqsi u imayqapaqsi. Unibersidakunaman mana atipaqkuna ali yachrarqa chraskisham kapaakunman. Naatan mana yachraqkunata "Amam chraskipaakunmanchu imansi rayqoqa.</para>
      </listitem>
      <listitem>
	<para>Chay iskuylakunachru yachrachiykuna kanman lapan yachrakuqkunata ali runa kayta yanapananpaqmi, alipa rikanakurkaananpaq, lapan runata yanapaa- nanpaqmi, rantisha runanuy mana pipa sirbichiqninsi kapaakunanta musyapaakunanpaqmi, juklaa nasyun runakunawan, u juk rimayta rimaqkunawan alipa kawapaakunanpaqmi Diosman yupachikuqtawan, mana yupachikuqtas alipa rikanakurkaananpaqmi. Jinaman yachrachipaakunmanmi lapan nasyunpita qutukaq delgadukuna iskirbipaakunqanta yanapanakur kawaypitas, mana wanuchinakuy kananpaq.</para>
      </listitem>
      <listitem>
	<para>Naatan taytakunam akrapaakunman churinkuna may iskuylachru yachrachisha kanapaqsi.</para>
      </listitem>
    </orderedlist>
  </article>
  <article number="27">
    <title>ARTICULO 27</title>
    <orderedlist>
      <listitem>
	<para>Runakuna pi maysi markachru imayqatas rurakunman munanqatam: ruranmanmi fistatas, kantamanmi kantatas, awanmanmi imatas, dibujanmanmi imayqatas u tantiyayninpita wamaqkunatas jurqamunmanmi, wakin aíiska tantiyay yachraq runakunanuysi.</para>
      </listitem>
      <listitem>
	<para>Pi may runasi, shumakuq wamaqlata imatas kamakarachirqa u mana pisi iskirbinqanta wamaqta imapitas iskirbirurqa pagasham kapaakunman. Naatan "Amam chay ruranqantaqa pisi yachrapanmanchu. Noqam wamaqta jurqaramuu" nir, kaskinwanqa qolqeta charinan rayqosi u alawasha kanan rayqosi.</para>
      </listitem>
    </orderedlist>
  </article>
  <article number="28">
    <title>ARTICULO 28</title>
    <para>Lapan runam may nasyunchru, kaqsi, ima lutantas rurayaqkuna qalayapaakunman ali kawayta runamayinwan, kaychru lapan kay iskirbishakunanuy.</para>
  </article>
  <article number="29">
    <title>ARTICULO 29</title>
    <orderedlist>
      <listitem>
	<para>Runakuna Iapanmi markachru mandaqkuna imatas niptin kaasukurkanman. Chay kaasukuq karqa, pi maysi kapaakun alipa rikasham, naatan ali runa pipaqsi.</para>
      </listitem>
      <listitem>
	<para>Juk nasyunchru yachraqkuna, nasyunninchru iskirbishakunata 1apanmi kaasukurkanqa, mana pisi juk rantishanwannuy piwansi sirbichikunanpaq, j inaman ali runa kapaakunanpaq. Pi maysi alim kawanman runamayinwan, naatan lapanmi imachru yanapanakurkanman ali kawayta chay nasyunninkunachru.</para>
      </listitem>
      <listitem>
	<para>Kay lapan iskirbishakuna manam kaasukanmanchu kara, lapan nasyunpita qutukaq delgadukuna "Rurashunmi" ninakur rurayta mana qalayusha kapaakuptinqa.</para>
      </listitem>
    </orderedlist>
  </article>
  <article number="30">
    <title>ARTICULO 30</title>
    <para>Juk nasyunchruusi u runa qutukaqchruusi u juk runalatas imata rurananpaqsi pisi kaychru skirbirayaqpita juklasipa imapitas tantiyachinanta manam munapaakuuchu.</para>
  </article>
</udhr>
