<?xml version="1.0" encoding="UTF-8"?>

<!--© The Office of the High Commisioner for Human Rights-->

<udhr iso639-3='lue' xml:lang='lue' key='lue' n='Luvale' xmlns="http://www.unhchr.ch/udhr">
  <title>KUZANGA CHA KAYE HALUSESA LWA MUTU</title>
  <preamble>
    <title>KUPUTUKA</title>
    <para>Chakutamo hakwitavila wulemu wa Lusesa lwa Mutu wosena mu chiyoyelo chenyi, Nakupwa nakuliyoyela chakuhona kupwa nawoma, kaha atela kupwa nachiyoyelo chakuwunda mu Kaye.</para>
    <para>Chapwa chakutamo kuhasa kukanyisa jijila jize jakuyanjisilamo Mutu, kaha makuwana nawa jijila jeka Mutu nahase kuyoyelamo muno mu Kaye mwahasa kupwa na Lusesa lwakuhasa kulihanjikila, kupwa nachinyingi chakutanga mazu akalunga mwazanga chakuhona kupwa nawoma.</para>
    <para>Chapwa chakutamo Mutu kuhona kumushinjila kulinga vyuma vyavipi navihasa kumuwanyisa kukaluhwa mu chiyoyelo chenyi kupwa nge jila yakukumishilako, Lushimbi lwakufwana ngana lwatela kupwako.</para>
    <para>Chapwa chakutamo kuneha chivwashano nawusepa mukachi kamafuchi.</para>
    <para>Chapwa nawa chakutamo Vatu vamu Liwuka lya United Nations kweseka nakuzanga chavo kumona nge kuli kweseka hamwe muchiyoyelo chavo chamalunga na mapwevo mangana vahase kupwa vakweseka hamwe muchiyoyelo chavo.</para>
    <para>Chakutamo nawa mafuchi amuchikungulwilo kana chazango ya Lushimbi yakulivwashana vanalishiki mukachi kavo kuhasa kulivwashana na Mafuchi amu United Nations kuhasa kutwala kulutwe chivwashano kana kaha nakukavangiza nawa jingolo ja Lusesa lwa Mutu jakupwa wakulizachila nakulitambukila mukuyoya chenyi.</para>
    <para>Chapwa nawa chakutamo nakumona nge kuli chivwashano cha jishimbi ja Lusesa kana ja Mutu kwesekesa nalushiko lwa chivwashano echi.</para>
    <para>Chivwashano kana echi cha Lusesa lwajingolo ja Mutu chatela kuchitachikiza nakuchikavangiza kuvatu vosena vamu vamuchivulu muchiyoyelo chavo, nakulama nawa lushiko lwa chivwashano kana mukachi ka Vatu vosena hamwe na Mafuchi atwama mu Chikungulwilo kana chazango eyi ya Chivwashano.</para>
  </preamble>
  <article number="1">
    <title>Chihanda 1</title>
    <para>Vatu vosena vasemuka yapwa hohamwe nakweseka mukuyoya chavo. Vatwama nachiyoyelo chalusesa chajingolo chakuzanga kulivwashana muchiyoyelo chavo.</para>
  </article>
  <article number="2">
    <title>Chihanda 2</title>
    <para>Mutu wosena atwama nalusesa lwajingolo josena eji vetavila mukaye jakuhona kulihandununa chakufwana nge kulitala havikova, miyachi, kulihandununa chavatu vamukaye mukusemuka chavo hamwe namukutwama chavo hano hakaye.</para>
    <para>Kakwechi kupwa kukalihandununa mwomwo wajishimbi, jizango chipwe kulihandununa chamafuchi mujishimbi namuchiyulo chipwe lifuchi kuze afuma mutu, chipwe lifuchi lyakulimanyina, lyalifwelela muchiyulo chalyo, kalyaliyula liveneko, chipwe lyapwa kanda lilimanyine muchiyulo.</para>
  </article>
  <article number="3">
    <title>Chihanda 3</title>
    <para>Mutu wosena analusesa lwachiyoyelo chenyi, kupwa wakusokoka kaha mutu vanahase kukinga.</para>
  </article>
  <article number="4">
    <title>Chihanda 4</title>
    <para>Kakwechi kukapwa mutu mwakapwa muwundungoko, kuzata milimo yakushinjila yawana, nawundungo wakukwata vatu navakawukanyisa mujijila josena.</para>
  </article>
  <article number="5">
    <title>Chihanda 5</title>
    <para>Kakwechi kukapwa mutu navakayanjisa mujijila josena jajipiko chipwe kumuhombwanyisa numba kumuzangamisako.</para>
  </article>
  <article number="6">
    <title>Chihanda 6</title>
    <para>Mutu wosena atela kupwa nalusesa lwajingolo jakulisolola kwosena kupwa nge mutu shimbu kanda jishimbi.</para>
  </article>
  <article number="7">
    <title>Chihanda 7</title>
    <para>Vatu vosena vaneseka hamwe shimbu kanda jijishimbi kaha vanalusesa lwakuvakinga kujishimbi. Vosena vaneseka hamwe kaha kakwechi kupwa wumwe mwahambakana mukwavokoko kwesekesa nalushiko kuhona kuyanjisa chipwe kumuhandununa kuvakwavo.</para>
  </article>
  <article number="8">
    <title>Chihanda 8</title>
    <para>Mutu wosena analusesa lwakumukinga kuvikungulwilo vyosena navipwangako vyakutala hakuyanjisa chamutu halushimbi vahana mutu lwakupwa wakulimanyina muchiyoyela chenyi kwesekesa nalushimbi.</para>
  </article>
  <article number="9">
    <title>Chihanda 9</title>
    <para>Kakwechi kukakpwa kulikwachila chamutuko, kumutumbika mutolongo chipwe kuchinyina kweka.</para>
  </article>
  <article number="10">
    <title>Chihanda 10</title>
    <para>Mutu wosena analusesa lwakwivwilila chihande chenyi ku zango yayinene yakaye yakulimanyina, nge vanawane mutu kana anamulonga wunapandama kuchiyoyelo chenyi.</para>
  </article>
  <article number="11">
    <title>Chihanda 11</title>
    <orderedlist>
      <listitem>
	<para>Wosena navawana namulonga wawunene anajingolo jakuvangila kumuwana nge anamulonga shimbu kanda vamusopese, kaha atela kulihakwila yavene.</para>
      </listitem>
      <listitem>
	<para>Kakwechi kukapwa kuwanyina mulonga mutuko mwomwo hakuhona kumuwanyina chihande chamulonga wawunene, kwesekesa najishimbi jamuze mulifuchi chipwe kaye, halwola kana alvulumwine wuze mulonga. Chipwe kakwechi kukahana mulonga wawunene wuze mutuko kuhambakana wuze mulonga avulumine halwola kana lwakavanga.</para>
      </listitem>
    </orderedlist>
  </article>
  <article number="12">
    <title>Chihanda 12</title>
    <para>Kakwechi kukapwa kuyanjisa mutu kwasekesa namukutwama chenyiko, tanga yenyi, limbo lyenyi, chipwe mukusonejeka chipwe kumusawula. Mutu wosena analusesa lwajingolo lwakumukinga lwalushimbi lwakuhona kumwivwisa woma.</para>
  </article>
  <article number="13">
    <title>Chihanda 13</title>
    <orderedlist>
      <listitem>
	<para>Mutu wosena analusesa lwakulitambukila nakutwama kala kungalila mukachi kalifuchi lyenyi.</para>
      </listitem>
      <listitem>
	<para>Mutu analusesa lwakufuma mulifuchi lyosena nazange chipwe mulifuchi lyenyi nakukinduluka cheka muze mulifuchi lyenyi atwama.</para>
      </listitem>
    </orderedlist>
  </article>
  <article number="14">
    <title>Chihanda 14</title>
    <orderedlist>
      <listitem>
	<para>Kala mutu analusesa lwakuzanga kuwahilila muchiyoyelo chenyi mumafuchi eka kuchina kuhona kumusopesa.</para>
      </listitem>
      <listitem>
	<para>Lusesa kana kalwechi kupwa nge mujila yize nayijila kwesekesa najijila jajipi javihande vyamafuchi chipwe kavetavila kwesekesa navishinganyeka vyakava United Nations.</para>
      </listitem>
    </orderedlist>
  </article>
  <article number="15">
    <title>Chihanda 15</title>
    <orderedlist>
      <listitem>
	<para>Kala mutu analusesa lwakupwa mutu wamulifuchi kana.</para>
      </listitem>
      <listitem>
	<para>Kakwechi kupwa kukafumisa mutu wuze nalisonekesa nakupwa mutu wamulifuchi kana chipwe kumukanyisa kwalumuna mutu kana kupwa wamulifuchi nazange.</para>
      </listitem>
    </orderedlist>
  </article>
  <article number="16">
    <title>Chihanda 16</title>
    <orderedlist>
      <listitem>
	<para>Malunga namapwevo vanamyaka yakutumo yakusemuka, chakuhona kuvakanyisa mwomwo wamiyachi navikova, mazu akalunga chipwe numba kavafuma mulifuchi kanako, vanalusesa lwakulimbata nakupwa najitanga. Vanalusesa lwakulimbata, mukutwama chavo chosena hakulimbata kaha nomu nawafwa aze malwavo.</para>
      </listitem>
      <listitem>
	<para>Kulimbata chosena navakachitavisa kwesekesa nakwitavila chavisemi jalunga napwevo vaze vanakuzanga kulimbata.</para>
      </listitem>
      <listitem>
	<para>Tanga kana navakayikinga kuvyuma vyosena mangana vapwenga vatu vakuliyoyela muchiyoyelo kana chalifuchi.</para>
      </listitem>
    </orderedlist>
  </article>
  <article number="17">
    <title>Chihanda 17</title>
    <orderedlist>
      <listitem>
	<para>Kala mutu analusesa lwakupita wupite wukawenyi kaha numba nakulifutula navakwavo.</para>
      </listitem>
      <listitem>
	<para>Kakwechi kukapwa kunyanga wupite wamutuko.</para>
      </listitem>
    </orderedlist>
  </article>
  <article number="18">
    <title>Chihanda 18</title>
    <para>Mutu wosena analusesa lwakulitambukila nakushinganyeka, mukutwama chenyi namumazu akalunga, lusesa kana elu lwakwitavisa wuze mutu kufuma kala muchikungulwilo chamazu akalunga eka nakwingila kweka, chipwe numba wukawenyi numba navakwavo muze mungalila, kuhasa kutwalaho namazu kana nakutangisa namuvilombelo vyenyi.</para>
  </article>
  <article number="19">
    <title>Chihanda 19</title>
    <para>Mutu wosena analusesa lwavishinganyeka nakuhajika, lusesa kana lunapu lwakushinganyeka vishinganyeka vyenyi chakuhona kupwa nawoma kaha nakuzanga kutambula nakunangula mazu navishinganyeka kuhichila mukala mazu amijimbu chakuhona veka kumukinga.</para>
  </article>
  <article number="20">
    <title>Chihanda 20</title>
    <orderedlist>
      <listitem>
	<para>Mutu wosena anajingolo jakuhasa kulikungulula chakuhona woma kaha namumawuka.</para>
      </listitem>
      <listitem>
	<para>Kakwechi kupwa kushinjila mutu kwingila muchikungulwiloko.</para>
      </listitem>
    </orderedlist>
  </article>
  <article number="21">
    <title>Chihanda 21</title>
    <orderedlist>
      <listitem>
	<para>Mutu wosena analusesa lwakuhanjika vihande mufulumende yalifuchi lyenyi, yikiye chipwe kuhichila muli vatu vasakula navamwimanyinako.</para>
      </listitem>
      <listitem>
	<para>Kala mutu analusesa lwakupwa hamwe kutachikiza vyuma mumilimo yamulifuchi lyenyi.</para>
      </listitem>
      <listitem>
	<para>Kuzanga chavatu chikiko nachihasa kuneha jingolo jafulumende jalifuchi lyosena nachipwa chakusweka hakuvwota, chipwe kukavangiza jijila jikwavo jakuvwotelamo.</para>
      </listitem>
    </orderedlist>
  </article>
  <article number="22">
    <title>Chihanda 22</title>
    <para>Mutu wosena hakupwa wamuchiyoyelo analusesa lwakupwa najijila jimwe jakuhasa kupwa wakilikinga, kupwa nalisesa lwakupwa nawupite mujila yatela lifuchi chipwe kaye yetavila muluheto, mukutwama chavatu hamwe nachisemwa kaha hawulemu nalusesa lwakulizachila lwakutwala milimo kana kulutwe kuli wuze mutu.</para>
  </article>
  <article number="23">
    <title>Chihanda 23</title>
    <orderedlist>
      <listitem>
	<para>Mutu wosena ali nalusesa lwakuzata milimo kwosena nazange, kukavangiza jijila jamwaza jakuzachilamo yize milimo kaha nakumukinga wuze mutu kuchina mwahona kuwana milimo.</para>
      </listitem>
      <listitem>
	<para>Kala mutu chakuhona kulihandununa atela kutambula fweto yakutamo.</para>
      </listitem>
      <listitem>
	<para>Wosena anakuzata analusesa lwakutambula fweto yakutamo kwesekes namilimo anakuzata mwahasa kulikafwa nawo natanga yenyi kwesekesa nachiyoyelo chenyi, chipwe kuwana jijila jikwavo mwahasa kuwanyinamo mali akulikafwa nawo.</para>
      </listitem>
      <listitem>
	<para>Mutu wosena analusesa lwakuputuka chipwe kwingila muchikungulwilo nachihasa kumuhanjikilako nakumukinga mukuyoya chenyi.</para>
      </listitem>
    </orderedlist>
  </article>
  <article number="24">
    <title>Chihanda 24</title>
    <para>Mutu wosena analusesa lwakupwa nalwola lwakunoka lwaviseke, kupwa nalwola lwamweseke lwakuzachilamo milimo kaha najilwola nawa jakunoka vatela wuze mutu kumuhana fweto.</para>
  </article>
  <article number="25">
    <title>Chihanda 25</title>
    <orderedlist>
      <listitem>
	<para>Mutu wosela analusesa lwakupwa nachiyoyelo chakutamo kupwa mutu wamulemu hamwe natanga yenyi mukulya, mukuvwala nakulikangula kumijimba hamwe navyuma vyazangiwa kukuyoya chamutu, lusesa lwakumukafwa halwola mwapwa tuliwe, kashinakaji chipwe mwahona vyuma vyatela kupwa vyakumukafwa mukuyoya chenyi.</para>
      </listitem>
      <listitem>
	<para>Mapwevo navanyike vavandende vatela kupwa nalusesa lwakuvatala kanawa, kaha mwana wuze nasemukila kweka kechi wamuze muzuvoko vatela kumulama kanawa apwenga nachiyoyelo chamwaza.</para>
      </listitem>
    </orderedlist>
  </article>
  <article number="26">
    <title>Chihanda 26</title>
    <orderedlist>
      <listitem>
	<para>Mutu wosena analusesa lwakutanga. Kutanga chosena chatela kupwa chawana, kufuma kukuputuka nakuheta kwakamwihi nakukukuma chakutanga. Kutanga chakuputukishilako chetala kupwa chawana. Kutanga chakulinangula Milimo nachipwako kaha kutanga chize chakuhambakanyisa nachipwa lika kuvat vosena kwesekesa namangana avovali nawo.</para>
      </listitem>
      <listitem>
	<para>Kutanga chosena nachipwako kwesekesa namangana amutu mangana apwenga wakulimanyina muchiyoyelo chenyi chajingolo jamutu. Nachinehesa mutu kuhasa kumutwala kulutwe, kumuwanyisa wusepa mukachi kamafuchi, vatu veka naveka mawuka eka avakakwitava, kaha nachitwala milimo yavaka United Nations kulutwe mukuneha kuwunda.</para>
      </listitem>
      <listitem>
	<para>Visemi vanalisesa lwakusakula shikola muka chipwe kutanga muka anakuzanga chawuze mwanenyi.</para>
      </listitem>
    </orderedlist>
  </article>
  <article number="27">
    <title>Chihanda 27</title>
    <orderedlist>
      <listitem>
	<para>Kala mutu analisesa lwakuhasa kutwala chisemwa kulutwe changalila kana, kuwahilila chavyuma vyachisemwa kaha nakutambasana chisemwa kana nakuwana kuwaha chacho.</para>
      </listitem>
      <listitem>
	<para>Mutu wosena analusesa lwakukinga chisemwa chenyi, kwesekesa nomu navahasa veka kuhasa kuchalumuna chipwe numba kuchisoneka kwesekesa nomu nachisoneka yavene.</para>
      </listitem>
    </orderedlist>
  </article>
  <article number="28">
    <title>Chihanda 28</title>
    <para>Mutu wosena wukwechi lusesa muvyuma vyachiyoyelo cheyi omu mukwechi jingolo jajishimbi vanavuluka kwesekesa nalushiko elu vanafwelela.</para>
  </article>
  <article number="29">
    <title>Chihanda 29</title>
    <orderedlist>
      <listitem>
	<para>Mutu wosena anamulimo mungalila yize anakuyoyela yinakuya kulutwe.</para>
      </listitem>
      <listitem>
	<para>Mulusesa kana lwachiyulo, mutu wosena mwakapwa nalusesa lwakukavangiza lushimbu kwesekesa najishimbi jize navaketavila nakulilemesa vatu vavene nakupwa nakavumbi muchiyoyelo chavo.</para>
      </listitem>
      <listitem>
	<para>Lusesa lwajingolo kana eji jakwitavila jachiyulo kanda kala lwola kujisachisa nakuzomboka kwesekesa najishimbi javaka United Nations.</para>
      </listitem>
    </orderedlist>
  </article>
  <article number="30">
    <title>Chihanda 30</title>
    <para>Kanda kuchifwelela nge echikulikasa kana chalufwelelo chinapandama kulifuchi limwe kahako, liwuka chipwe mutu kala lisesa lwa jingolo mwahasa kulilingila vyuma chipwe chuma echi nachihasa kupihisa jishimbi kana jalusesa vanasonekako.</para>
  </article>
</udhr>
