<?xml version="1.0" encoding="UTF-8"?>

<!--© The Office of the High Commisioner for Human Rights-->

<udhr iso639-3='sot' xml:lang='st' key='sot' n='Sotho, Southern' xmlns="http://www.unhchr.ch/udhr">
  <title>TOTOBATSO E AKARETSANG YA DITOKELO TSA BOTHO</title>
  <preamble>
    <title>TLHEKELO</title>
    <para>Ka hona he, ho amohela seriti seo motho a tswalwang le sona ha mmoho le ditokelo tse lekanang tseo motho a ke keng a di amohuwa tsa batho bohle, ke mohlodi wa tokoloho, toka le kgotso lefatsheng.</para>
    <para>Ka hona he, ho se natse le ho tella ditokelo tsa botho, ho tswetse diketso tsa bohlaha tse tamukantseng letswalo la batho, mme tsena di entse hore ho labalabelwe lefatshe leo ho lona batho ba tlang ho thabela bolokolohi ba ho bua le tumelo, le bolokolohi ditlamong tsa matswalo le bohloki. Tsena he ho thwe ke tabatabelo e hodimodimo ya batho ka kakaretso.</para>
    <para>Ka hona he, ho a hlokahala, ha motho a sa dumellwa ho ba le boipiletso, e le monyetla wa ho qetela, hore a hanane le tlatlapo le kgatello. Ka lebaka lena ditokelo tsa botho di tlamehile ho sireletswa ke taolo ya molao.</para>
    <para>Ka hona he, taba ya bohlokwa ke ho kgothallesta ntshetsopele ya dikamano tsa setwalle matjhabeng.</para>
    <para>Ka hona he, batho ba Matjhaba a Kopaneng, ho molao wa motheo wa bona, ba tiisa botjha tumelo ya bona ya ditokelo tsa motheo tsa botho, seriti le bohlowa ba motho, ha mmoho le ditokelo tse lekanang tsa banna le basadi, mme ba dumellane ho kgothalletsa ntshetsopele ya kahisano le maemo a betere a bophelo bolokolohing bo namileng.</para>
    <para>Ka hona he, Dinaha tsa Mokgatlo ona di itlamile ho fihlella , ka tshebetsommoho le Matjhaba a Kopaneng, ntshetsopele ya tlhonepho e akaretsang ha mmoho le poloko ya ditokelo tsa botho le bolokolohi ba motheo.</para>
    <para>Ka hona he, kutlwisiso e akaretsang ya ditokelo le bolokolohi bona ke taba ya bohlokwahadi ho fihlella kano ena.</para>
    <para>JWALE HE,</para>
    <para>Seboka se Akaretsang</para>
    <para>Se phatlalatsa Totobatso e Akaretsang ya Ditokelo tsa Botho e le boemo bo tlwaelehileng bo ka fihlellwang ke batho bohle le matjhaba ohle.</para>
    <para>Qutellong motho e mong le e mong le mokgatlo o mong le o mong, ho sa lebalwe Totobatso ena, o tla hahamalla ho ruta ho ntshetsa pele tlhompho ya ditokelo le bolokolohi. Batho le mekgatlo ena, ka ho sebedisa ditsela tsa tswelopele tsa naha le tsa matjhaba, ba hlokomele hore ditokelo le bolokolohi bona, di a amoheleha, di be di baballwe ditjhabeng tseo e leng ditho tsa Matjhaba a Kopaneng le ditjhabeng tse taolong ya Matjhaba a Kopaneng.</para>
  </preamble>
  <article number="1">
    <title>Pehelo ya 1</title>
    <para>Batho bohle ba tswetswe ba lokolohile mme ba lekana ka botho le ditokelo. Ba tswetswe le monahano le letswalo mme ba tlamehile ho phedisana le ba bang ka moya wa boena.</para>
  </article>
  <article number="2">
    <title>Pehelo ya 2</title>
    <para>Motho e mong le e mong o na le ditokelo le bolokolohi bo boletsweng Phatlalatsong ena, ho se kgethollo ya letho, e kang ya morabe, mmala, bong, puo, tumelo, dipolitike, kapa mohopolo o mong, botjhaba kapa e itshetlehile ka naha eo motho a ahileng ho yona, le ha e ka ba e lokolohileng ya bodisa, e sa ipuseng, kapa e le tlasa dithibelo tse itseng tsa bolokolohi.</para>
    <para/>
  </article>
  <article number="3">
    <title>Pehelo ya 3</title>
    <para>Motho e mong le e mong o na le tokelo ya ho phela, ya bolokolohi le ya paballo ya botho ba hae.</para>
  </article>
  <article number="4">
    <title>Pehelo ya 4</title>
    <para>Ha ho motho ya tla etswa lekgoba kapa mohlanka ; bokgoba le kgwebo ya makgoba di tla hanelwa ka hohlehohle.</para>
  </article>
  <article number="5">
    <title>Pehelo ya 5</title>
    <para>Ha ho motho ya tla tujwa kapa a tshwarwe ka tsela e khopo, eo e seng ya botho, kapa a otlwa ka tsela e tlotlollang.</para>
  </article>
  <article number="6">
    <title>Pehelo ya 6</title>
    <para>Motho e mong le e mong o na le tokelo ya ho amoheleha hohle e le motho molaong.</para>
  </article>
  <article number="7">
    <title>Pehelo ya 7</title>
    <para>Batho bohle ba a lekana molaong, mme ba lokelwa, ho se kgethollo ya letho, ke tahireletso e lekanang molaong. Batho bohle ba lokelwa ke tshireletso e lekanang kgahlanong le kgethollo e hananang le Phatlalatso ena, le kgohlanong efe kapa efe e hlohlelletsang kgethollo ena.</para>
  </article>
  <article number="8">
    <title>Pehelo ya 8</title>
    <para>Motho e mong le e mong o na le tokelo ya ho fumantshwa matshediso ke makgotla a molao a setjhaba, mabapi le diketso tse lwantshang le ditokelo tsa motheo tseo motho a di filweng ke molao wa motheo.</para>
  </article>
  <article number="9">
    <title>Pehelo ya 9</title>
    <para>Ha ho motho ya tla tshwarwa feelafeela, a kwallwe kapa a lelekwe naheng.</para>
  </article>
  <article number="10">
    <title>Pehelo ya 10</title>
    <para>Motho e mong le e mong o na le tokelo e tletseng ya ho mamelwa ke lekgotla le ikemetseng, le se nang leeme, ha ho qaqiswa ditokelo le boikarabelo ba hae, la mabapi le tseo a di qosetswang.</para>
  </article>
  <article number="11">
    <title>Pehelo ya 11</title>
    <orderedlist>
      <listitem>
	<para>Motho e mong le e mong ya qoswang ka molato o tsamayang le kotlo, o na le tokelo ya ho tadingwa a se molato ho fihlela a fumanwa a le molato lekgotleng la setjhaba moo a bileng le tiiso tsohle tsa ho itshireletsa.</para>
      </listitem>
      <listitem>
	<para>Ha ho motho ya tla fumanwa a le molato o tsamayang le kotlo ka baka la ho etsa kapa ho se phethe taba eo e leng molato o tsamayang le kotlo, ho ya ka molao wa setjhaaba kapa wa matjhaba, nakong eo tlolo ena e neng e etsahala. Ho feta mona ho ke ke ha fanwa ka kotlo e matla ho feta e neng e ka fuwa ha tlolo e ne e etswa.</para>
      </listitem>
    </orderedlist>
  </article>
  <article number="12">
    <title>Pehelo ya 12</title>
    <para>Ha ho motho ya tla hlekefetswa boinotshing ba hae ba lelapa, lehae kapa mangolong, esitana le ho tlatlapuwa ho hlompheheng le setumong sa hae. Motho e mong le e mong o na le tokelo ya tshireletso ya molao mabapi le tlhekefetso le ho tlatlapuwa hona.</para>
  </article>
  <article number="13">
    <title>Pehelo ya 13</title>
    <orderedlist>
      <listitem>
	<para>Motho e mong le e mong o na le tokelo ya ho tsamaya le ho dula ka bolokolohi ka hara naha yabo.</para>
      </listitem>
      <listitem>
	<para>Motho e mong le e mong o na le tokelo ya ho falla naheng efeng kapa efeng, seitana le ya habo, le ho kgutlela naheng ya habo.</para>
      </listitem>
    </orderedlist>
  </article>
  <article number="14">
    <title>Pehelo ya 14</title>
    <orderedlist>
      <listitem>
	<para>Motho e mong le e mong o na le tokelaoya ho batla le ho fumana tshireletso ya tlatlapo, dinaheng tse ding.</para>
      </listitem>
      <listitem>
	<para>2.Tokela ena e se ke ya sebediswa ho phema diqoso tsa melato eo e seng ya dipolotiki kapa diketso tse kgahlanong le sepheo le melao ya Matjhaba a Kopaneng.</para>
      </listitem>
    </orderedlist>
  </article>
  <article number="15">
    <title>Pehelo ya 15</title>
    <orderedlist>
      <listitem>
	<para>Motho e mong le e mong o na le tokelo ya ho ba wa morabe o itseng.</para>
      </listitem>
      <listitem>
	<para>Ha ho motho ya tla hanelwa botjhaba ba hae ka mabaka a fokolang, esitana le ho hanelwa ho fetola botjhaba ba hae.</para>
      </listitem>
    </orderedlist>
  </article>
  <article number="16">
    <title>Pehelo ya 16</title>
    <orderedlist>
      <listitem>
	<para>Banna le basadi ba dilemong, ho sa kgathallwe morabe, botjhaba kapa tumelo, ba na le tokelo ya ho nyalana le ho thea malapa. Ba na le ditokelo tse lekanang tsa ho nyalana bophelong ba lenyalo, le mohla le kgaolwang.</para>
      </listitem>
      <listitem>
	<para>Lenyalo le tla phethahala feela ka bolokolohi le tumellano ya banyalani.</para>
      </listitem>
      <listitem>
	<para>Lelapa ke bonngwe ba tlhaho le motheo setjhabeng mme le tlamehile ho sireletswa ke setjhaba le mmuso.</para>
      </listitem>
    </orderedlist>
  </article>
  <article number="17">
    <title>Pehelo ya 17</title>
    <orderedlist>
      <listitem>
	<para>Motho e mong le e mong o na le tokelo ya ho ba le thepa ya hae a le inotshi kapa a e kopanetse le ba bang.</para>
      </listitem>
      <listitem>
	<para>Ha ho motho ya tla amohuwa thepa ya hae ka mabaka a fokolang.</para>
      </listitem>
    </orderedlist>
  </article>
  <article number="18">
    <title>Pehelo ya 18</title>
    <para>Motho e mong le e mong o na le tokelo ya bolokolohi ba menahano, maikutlo le tumelo. Tokelo ena e kenyeletsa le bolokolohi ba ho fetola bodumeding, tumelong, le bolokolohing, ba motho a le inotshi kapa a ena le ba bang, pontsheng kapa boinotshing. Bodumedi kapa tumelo eo a e totobatse dithutonng, diketsong, borapeding le ho hlompheng.</para>
  </article>
  <article number="19">
    <title>Pehelo ya 19</title>
    <para>Motho e mong le e mong o na le tokelo ya bolokolohi ba tjhadimo le dipuo. Tokelo ena e kenyeletsa le bolokolohi ba ho ba le tjhadimo ya hao ntle le tshitiso, esitana le ho batla, ho amohela le ho phatlalatsa aitaba le mehopolo ka tsela efe kapa efe ya phatlalatso, ho sa natswe meedi.</para>
  </article>
  <article number="20">
    <title>Pehelo ya 20</title>
    <orderedlist>
      <listitem>
	<para>Motho e mong le e mong o na le tokelo ya ho ba setho kapa ho ba sebokeng sa kgotso.</para>
      </listitem>
      <listitem>
	<para>Ha ho motho ya ka qobellwang ho ba setho sa mokgatlo.</para>
      </listitem>
    </orderedlist>
  </article>
  <article number="21">
    <title>Pehelo ya 21.</title>
    <orderedlist>
      <listitem>
	<para>Motho e mong le e mong o na le tokelo ya ho ba le kabelo pusong ya naha ya habo, ka ho otloloha kapa ka thuso ya baemedi ba kgethilweng ka bolokolohi.</para>
      </listitem>
      <listitem>
	<para>Motho e mong le e mong o na le tokelo e lekanang le ya ba bang ditshebeletsong tsa setjhaba tsa naha ya habo.</para>
      </listitem>
      <listitem>
	<para>Thato ya setjhaba e tla ba motheo wa matla a mmuso. Thato ena e tla ipontshahatsa dikgethong tsa nako le nako ha mmoho le tsa sebele. Dikgetho tsena e tla ba tse akaretsang tsa ditokelo tse lekanang, mme di tla phethwa ka divoutu tsa sephiri kapa ka ditsela tse tshwanang le tsona tsa divoutu tsa bolokolohi.</para>
      </listitem>
    </orderedlist>
  </article>
  <article number="22">
    <title>Pehelo ya 22</title>
    <para>Motho e mong le e mong, jwalo ka setho sa setjhaba, o na le tokelo ya polokeho ya setjhaba, mme o lokelwa ke ho fumana, ka thuso ya setjhaba le tshebetsommoho ya matjhaba le ho ya ka tsamaiso le mehlodi ya naha ka bong, ditokelo tsa ekonomi, botjhaba le meetlo, tse hlokahalang mabapi le seriti sa hae le kgolo, ka bolokolohi, ya botho ba hae.</para>
  </article>
  <article number="23">
    <title>Pehelo ya 23</title>
    <orderedlist>
      <listitem>
	<para>Motho e mong le e mong o na le tokelo ya ho sebetsa, le ho ikgethela mosebetsi ka bolokolohi, ha mmoho le boemo ba mosebetsi bo se nang leeme, bo bile bo rateha. O na le tokelo ya ho sireletswa kgahlanong le ho hloka mosebetsi.</para>
      </listitem>
      <listitem>
	<para>Motho e mong le e mong, ho sa kgethollwe, o na le tokelo ya moputso o lekanang mosebetsi.</para>
      </listitem>
      <listitem>
	<para>Motho e mong le e mong ya sebetsang o na le tokelo ya moputso o se nang leeme, o kgotsofatsang, o mmehang boemong, yena le ba lelapa, ho phela bophelo bo dumellanang le seriti sa botho, mme bo tshehetswa, ha ho hlokahala, ke ditsela tse ding tsa tshireletso ya setjhaba.</para>
      </listitem>
      <listitem>
	<para>Motho e mong le e mong o na le tokelo ya ho theha le ho ba setho sa mekgatlo ya basebetsi, ho sirelletsa ditabatabelo tsa hae.</para>
      </listitem>
    </orderedlist>
  </article>
  <article number="24">
    <title>Pehelo ya 24</title>
    <para>Motho e mong le e mong o na le tokelo ya phomolo le boikgathollo, ho kenyelletswa le dihora tsa mosebetsi tse beetsweng meedi, ha mmoho le matsatsi a phomolo a lefellwang.</para>
  </article>
  <article number="25">
    <title>Pehela ya 25</title>
    <orderedlist>
      <listitem>
	<para>Motho e mong le e mong o na le tokelo ya bophelo ba boemo bo mo lokelang yena le ba lelapa la hae, ho balellwa le dijo, diaparo, ntlo,le meriana, ha mmoho le ditshebeletso tsa setjhaba tse hlokahalang, le tokelo ya tshireletso ha a felletswe ke mosebetsi, a kula, a holofetse, e le mohlolohadi, a tsofetse, kapa a na le tlhoko ya ho iphedisa ka mabaka ao a sitwang ho a phema.</para>
      </listitem>
      <listitem>
	<para>Bomme le bongwana bo hloka tlhokomelo le thuso tse ikgethang. Bana bohle, le ba dikgaupane, ba tla sireletswa ke setjhaba ka ho tshwana.</para>
      </listitem>
    </orderedlist>
  </article>
  <article number="26">
    <title>Pehelo ya 26</title>
    <orderedlist>
      <listitem>
	<para>Motho e mong le e mong o na le tokelo ya ho ruteha. Thuto e tla fumaneha mahala, bonyane bohatong bo qalang ba motheo. Thuto e qalang e tla tlama bohle. Thuto ya botegnike le ya pitso e tla fumaneha ka kakaretso mme thuto e phahameng le yona e tla fumaneha ka ho lekana ho bohle ho ya ka dineo tsa batho.</para>
      </listitem>
      <listitem>
	<para>Thuto e tla tobana le ho hodisa bohle ka botlalo le ho matlafatsa tlhompho ya ditokelo tsa botho ha mmoho le bolokolohi ba motheo. E tla kgothalletsa kutlwisiso, mamello le setswalle ditjhabeng tsohle, merabeng yohle kapa dihlopheng tsa bodumedi, mme e tla ntshetsa pele mesebetsi ya mtjhaba a kopaneng ho boloka kgotso.</para>
      </listitem>
      <listitem>
	<para>Batswadi ba na le tokelo ya pele ho kgethela bana ba bona thuto eo ba tlamehang ho e fumana.</para>
      </listitem>
    </orderedlist>
  </article>
  <article number="27">
    <title>Pehelo ya 27</title>
    <orderedlist>
      <listitem>
	<para>Motho e mong le e mong o na le tokelo ya ho ba le kabelo ka bolokolohi meetlong ya setjhaba, ho thahasella mekgabo, le ho ba le seabo tswelopeleng ya saense le melemo ya yona.</para>
      </listitem>
      <listitem>
	<para>Motho e mong le e mong o na le tokelo ya tshireletso ditabeng tsa moya le tsa nama tse tswalwang ke tlhahiso ya saense, dingolwa kapa bonono boo e leng moqapi wa teng.</para>
      </listitem>
    </orderedlist>
  </article>
  <article number="28">
    <title>Pehelo ya 28</title>
    <para>Motho e mong le e mong o lokelwa ke tokelo ya setjhaba le matjhaba eo ho yona ditokelo le bolokolohi, tse hlahang Phatlalatsong ena, di fumanehang ka botlalo.</para>
  </article>
  <article number="29">
    <title>Pehelo ya 29</title>
    <orderedlist>
      <listitem>
	<para>Motho e mong le e mong o na le boikarabelo setjhabeng moo botho ba hae bo ka holang ka botlalo le ka bolokolohi.</para>
      </listitem>
      <listitem>
	<para>Tshebedisong ya ditokelo le bolokolohi ba hae, motho e mong le e mong o tla laolwa feela ke meedi e entsweng ka molao bakeng sa ho amohela le ho hlompha ditokelo le bolokolohi ba ba bang, le ho phethisa ditlhoko tse lokelang tsa boitshwaro, tlhomphano setjhabeng le bophelo bo botle ka kakaretso setjhabeng sa demokrasi.</para>
      </listitem>
      <listitem>
	<para>Ditokelo le bolokolohi bona ha ho ka moo di ka sebediswang kgahlanong le merero le melao ya Matjhaba a Kopaneng.</para>
      </listitem>
    </orderedlist>
  </article>
  <article number="30">
    <title>Pehelo ya 30</title>
    <para>Ha ho letho Phatlalatsong ena le tshwanetseng ho hlalosa hore naha efeng kapa efeng, batho kapa motho, ba na le tokelo ya ho itshunya kapa ho etsa ketso efeng kapa efeng eo sepheo sa yona e leng ho heletsa ditokelo le bolokolohi bofeng kapa bofeng bo ngotsweng mona.</para>
  </article>
</udhr>
